score,ein,name,city,county,zip,ntee,files_990pf,foundation_cd,assets,income,revenue,signals
143,272554822,ANN & LARS LEWANDER SCHOLARSHIP FOUNDATION INC,Sarasota,Sarasota,34241,B82,Y,04,507124,114556,0,name:scholarship;ntee:B82;files-990PF;private-foundation:04;name:foundation;ntee-education:B82
133,993031704,JAMES A EDWARDS SCHOLARSHIP TRUST,Bradenton,Manatee,34205,B82,Y,04,1908000,76483,0,name:scholarship;ntee:B82;files-990PF;private-foundation:04;ntee-education:B82
128,431905241,MEGAN CRALLE MEMORIAL SCHOLARSHIP FUND,Sarasota,Sarasota,34231,B82,,15,0,0,0,name:scholarship;ntee:B82;name:memorial-fund;ntee-education:B82
128,472887970,ANDREW MONROE MEMORIAL SCHOLARSHIP FUND,Sarasota,Sarasota,34235,B82,,15,0,0,0,name:scholarship;ntee:B82;name:memorial-fund;ntee-education:B82
113,753010007,ROBERT MAMMANO FREZZA MEMORIAL SCHOLARSHIP FUND,Sarasota,Sarasota,34236,B12,Y,04,683886,45441,0,name:scholarship;name:memorial-fund;files-990PF;private-foundation:04;ntee-education:B12
113,273073854,FRANK JOHN VIGGIANO SCHOLARSHIP FOUNDATION INC,Sarasota,Sarasota,34233,B82,,15,14923,0,0,name:scholarship;ntee:B82;name:foundation;ntee-education:B82
113,611490966,MANATEE COUNTY BRANCH AAUW SCHOLARSHIP FOUNDATION,Bradenton,Manatee,34206,B82,,15,0,0,0,name:scholarship;ntee:B82;name:foundation;ntee-education:B82
113,872864693,OM BROWN MEMORIAL SCHOLARSHIP FOUNDATION INC,Parrish,Manatee,34219,B82,,15,0,0,0,name:scholarship;ntee:B82;name:foundation;ntee-education:B82
110,831769874,SUNRISE SCHOLARS FOUNDATION INC,Sarasota,Sarasota,34236,T23,Y,03,7838,440250,0,name:scholarship;ntee-grantmaker:T23;files-990PF;private-foundation:03;name:foundation
110,596687568,ENGLEWOOD BPO ELKS SCHOLARSHIP TRUST,Englewood,Sarasota,34223,,Y,04,1,1,0,name:scholarship;name:service-club;files-990PF;private-foundation:04
103,823580058,JESSICA COSTANZO SCHOLARSHIP FUND INC,Venice,Sarasota,34293,B82,,15,1482,54940,32411,name:scholarship;ntee:B82;ntee-education:B82
103,043666660,ST ANDREW SCOTTISH SOCIETY SCHOLARSHIP FUND INC,Sarasota,Sarasota,34230,B82,,16,0,0,0,name:scholarship;ntee:B82;ntee-education:B82
103,396125159,RHO OF PSI UPSILON SCHOLARSHIP FDN INC,Sarasota,Sarasota,34238,B82,,16,0,0,0,name:scholarship;ntee:B82;ntee-education:B82
103,475602000,CHANDANNI SCHOLARSHIP FUND INC,Sarasota,Sarasota,34239,B82,,15,0,0,0,name:scholarship;ntee:B82;ntee-education:B82
103,650939642,LINDSEY MAIBACH SCHOLARSHIP FUND,Sarasota,Sarasota,34231,B82,,15,0,0,0,name:scholarship;ntee:B82;ntee-education:B82
93,650221660,KIWANIS CLUB OF BRADENTON FOUNDATION INC,Bradenton,Manatee,34206,B82,,15,14068450,492276,492276,ntee:B82;name:service-club;name:foundation;ntee-education:B82
93,844157555,LARIAT FUTURE INNOVATORS FOUNDATION LLC,Sarasota,Sarasota,34236,B82,Y,04,977558,348528,0,ntee:B82;files-990PF;private-foundation:04;name:foundation;ntee-education:B82
93,873628753,GLASGOW FOUNDATION,Bradenton,Manatee,34203,B82,Y,04,762408,634574,0,ntee:B82;files-990PF;private-foundation:04;name:foundation;ntee-education:B82
93,061617207,THOMAS V GUARINO FAMILY FOUNDATION INC,Longboat Key,Sarasota,34228,B82,Y,04,666794,241603,0,ntee:B82;files-990PF;private-foundation:04;name:foundation;ntee-education:B82
93,863292464,PETER PAULSON EXCELLENT FOUNDATION INC,Longboat Key,Sarasota,34228,B82,Y,04,281145,238334,0,ntee:B82;files-990PF;private-foundation:04;name:foundation;ntee-education:B82
93,883933149,VICTORIA STRAUSS FOUNDATION INC,Venice,Sarasota,34293,B82,Y,04,93042,71813,0,ntee:B82;files-990PF;private-foundation:04;name:foundation;ntee-education:B82
93,383537827,KOHN-BANCROFT FAMILY FOUNDATION,North Port,Sarasota,34287,B82,Y,04,17306,1,0,ntee:B82;files-990PF;private-foundation:04;name:foundation;ntee-education:B82
93,814803789,ORRIN J BUMP FOUNDATION INC,North Port,Sarasota,34286,B82,Y,04,12936,5060,0,ntee:B82;files-990PF;private-foundation:04;name:foundation;ntee-education:B82
93,881685613,BOTTOM OF THE NINTH FOUNDATION INC,Lakewood Ranch,Manatee,34202,B82,Y,04,0,0,0,ntee:B82;files-990PF;private-foundation:04;name:foundation;ntee-education:B82
88,593165457,LEMON BAY SUNRISE ROTARY SCHOLARSHIP TRUST,Englewood,Sarasota,34223,B82Z,,15,1546994,66346,66346,name:scholarship;name:service-club;ntee-education:B82Z
83,206419096,EDNA WEINSTEIN RESIDUARY TR,Bradenton,Manatee,34212,B82,Y,04,667062,48430,0,ntee:B82;files-990PF;private-foundation:04;ntee-education:B82
83,316666463,LEMON BAY SUNRISE ROTARY COMMUNITY TRUST,Englewood,Sarasota,34223,B82,,15,511593,75675,22251,ntee:B82;name:service-club;ntee-education:B82
83,991517922,JILLIAN SPENCER GOLF SCRAMBLE,Englewood,Sarasota,34223,B82,Y,04,1000,20703,0,ntee:B82;files-990PF;private-foundation:04;ntee-education:B82
80,166357668,MABEL M HEID SCHOLARSHIP,Sarasota,Sarasota,34236,,Y,04,70872,11947,0,name:scholarship;files-990PF;private-foundation:04
80,871855593,LANDES COMMUNITY FOUNDATION INC,Sarasota,Sarasota,34243,T50,Y,03,2989,4700,0,name:community-foundation;files-990PF;private-foundation:03;name:foundation
78,203251664,ZACHARY J STINESS MEMORIAL FUND INC,Nokomis,Sarasota,34275,B82,,15,0,0,0,ntee:B82;name:memorial-fund;ntee-education:B82
78,383886667,PETER MICHAEL ABBOTT MEMORIAL FUND,Sarasota,Sarasota,34243,B82,,15,0,0,0,ntee:B82;name:memorial-fund;ntee-education:B82
78,920416281,JOHN JOYCE MEMORIAL FUND INC,North Port,Sarasota,34287,B82,,16,0,0,0,ntee:B82;name:memorial-fund;ntee-education:B82
73,010728135,SETH MORRIS 911 HEROS FOUNDATION INC,Sarasota,Sarasota,34233,B82,,04,369680,352465,0,ntee:B82;private-foundation:04;name:foundation;ntee-education:B82
70,591956886,COMMUNITY FOUNDATION OF SARASOTA COUNTY INC,Sarasota,Sarasota,34237,T310,,15,518451597,212490133,87039125,name:community-foundation;ntee-grantmaker:T310;name:foundation
70,591052433,GULF COAST COMMUNITY FOUNDATION INC,Venice,Sarasota,34285,T310,,15,482820352,170003096,54435281,name:community-foundation;ntee-grantmaker:T310;name:foundation
70,650833500,MANATEE COMMUNITY FOUNDATION INC,Bradenton,Manatee,34205,T31,,15,69118344,60827625,10235365,name:community-foundation;ntee-grantmaker:T31;name:foundation
70,812127166,BOOSTERS FOUNDATION INC,Sarasota,Sarasota,34237,T30,Y,04,2420338,55492,0,ntee-grantmaker:T30;files-990PF;private-foundation:04;name:foundation;name:alumni/booster
70,650597726,MEMORIAL SCHOLARSHIP PROGRAM OF FREEDOM VILLAGE,Bradenton,Manatee,34209,T30,,15,824417,188023,188023,name:scholarship;ntee-grantmaker:T30
68,656276425,FRANK B FAY III SCHOLARSHIP FOUNDATION 44405846,Sarasota,Sarasota,34236,B11,,17,744175,290598,145040,name:scholarship;name:foundation;ntee-education:B11
68,832985088,CHEMICAL COATERS ASSOC INTERNL FINISHING EDUCATION FOUNDATION,Lakewood Ranch,Manatee,34211,B82,,15,137812,111231,111231,ntee:B82;name:foundation;ntee-education:B82;name:education
68,202745809,CHILDRENS MUSIC EDUCATION FOUNDATION,Bradenton,Manatee,34209,B82,,15,56714,2916,2916,ntee:B82;name:foundation;ntee-education:B82;name:education
68,394095137,HERITAGE EDUCATIONAL ADVANCEMENT & RESOURCE TRUST FOUNDATION INC,North Port,Sarasota,34289,B82,,15,1,0,0,ntee:B82;name:foundation;ntee-education:B82;name:education
68,932653999,RISING SCHOLARS FOUNDATION INC,Sarasota,Sarasota,34276,B90,,16,0,0,0,name:scholarship;name:foundation;ntee-education:B90
65,883778491,IMG ACADEMY FOUNDATION INC,Bradenton,Manatee,34210,T20,Y,04,400749,571438,0,ntee-grantmaker:T20;files-990PF;private-foundation:04;name:foundation;name:education
65,830753828,ARISTOTLE EDUCATION FOUNDATION INC,Sarasota,Sarasota,34241,T22,Y,04,1,1,0,ntee-grantmaker:T22;files-990PF;private-foundation:04;name:foundation;name:education
63,593711858,GAMMA XI BOULE FOUNDATION INC,Bradenton,Manatee,34204,B82,,15,684253,203297,203297,ntee:B82;name:foundation;ntee-education:B82
63,823088492,REAGAN DELANEY TOKES MEMORIAL FOUNDATION,Sarasota,Sarasota,34241,B82,,15,179775,50143,50143,ntee:B82;name:foundation;ntee-education:B82
63,882897351,CORE TECHNOLOGY FOUNDATION INC,Osprey,Sarasota,34229,B82,,16,44132,10753,10753,ntee:B82;name:foundation;ntee-education:B82
63,562537578,IVY FOUNDATION INC,Bradenton,Manatee,34206,B82,,15,35052,42071,35569,ntee:B82;name:foundation;ntee-education:B82
63,994505936,NORTH PORT CHAMBER FOUNDATION INC,North Port,Sarasota,34287,B82,,16,600,600,600,ntee:B82;name:foundation;ntee-education:B82
63,030350828,PATRICK LECOURS MEMORIAL FOUNDATION,North Port,Sarasota,34289,B82,,15,0,0,0,ntee:B82;name:foundation;ntee-education:B82
63,223915583,ZIMMER FOUNDATION FOR CHINA,Bradenton,Manatee,34212,B82,,16,0,0,0,ntee:B82;name:foundation;ntee-education:B82
63,273924560,GRANDE SPORTS WORLD FOUNDATION,Sarasota,Sarasota,34236,B82,,15,0,0,0,ntee:B82;name:foundation;ntee-education:B82
63,414601757,RYAN THOMAS STEVENS FOUNDATION INC,Venice,Sarasota,34292,B82,,15,0,0,0,ntee:B82;name:foundation;ntee-education:B82
63,463659321,ANTHONY FOWLER FOUNDATION INC,Parrish,Manatee,34219,B82,,15,0,0,0,ntee:B82;name:foundation;ntee-education:B82
63,990895323,PPWA FOUNDATION INC,Venice,Sarasota,34292,B82,,16,0,0,0,ntee:B82;name:foundation;ntee-education:B82
63,992372484,EDUCATE ELEVATE FOUNDATION INC,Bradenton,Manatee,34280,B82,,15,0,0,0,ntee:B82;name:foundation;ntee-education:B82
60,363442474,CHARLES AND MARGERY BARANCIK FOUNDATION,Sarasota,Sarasota,34236,T22,Y,04,577773944,66254381,0,ntee-grantmaker:T22;files-990PF;private-foundation:04;name:foundation
60,656230256,THE PATTERSON FOUNDATION,Sarasota,Sarasota,34236,T20Z,Y,04,303914597,75703026,0,ntee-grantmaker:T20Z;files-990PF;private-foundation:04;name:foundation
60,832115946,BRIAN AND SHEILA JELLISON FAMILY FOUNDATION,Sarasota,Sarasota,34230,T20,Y,04,84144773,8703736,0,ntee-grantmaker:T20;files-990PF;private-foundation:04;name:foundation
60,842333839,WILLIAM G AND MARIE SELBY FOUNDATION INC,Sarasota,Sarasota,34236,T20,Y,04,78312524,5382624,0,ntee-grantmaker:T20;files-990PF;private-foundation:04;name:foundation
60,316647684,ANTHONY AND CHRISTIE DE NICOLA FOUNDATION,Englewood,Sarasota,34223,T21,Y,04,74738346,21115972,0,ntee-grantmaker:T21;files-990PF;private-foundation:04;name:foundation
60,923457678,RENWICK FOUNDATION-USA,Longboat Key,Sarasota,34228,T20,Y,04,66398868,43510927,0,ntee-grantmaker:T20;files-990PF;private-foundation:04;name:foundation
60,271471062,PENTECOST FOUNDATION,Bradenton,Manatee,34208,T22,Y,04,62890141,52642858,0,ntee-grantmaker:T22;files-990PF;private-foundation:04;name:foundation
60,461488932,ELLING O EIDE CHARITABLE FOUNDATION INC,Sarasota,Sarasota,34231,T23,Y,03,62757939,13324680,0,ntee-grantmaker:T23;files-990PF;private-foundation:03;name:foundation
60,203073117,THE BILL & ANN TEMPLETON FOUNDATION INC,Sarasota,Sarasota,34237,T22,Y,04,53174148,7889423,0,ntee-grantmaker:T22;files-990PF;private-foundation:04;name:foundation
60,237966458,HILDA & PRESTON DAVIS PRIVATE FOUNDATION,Sarasota,Sarasota,34241,T20Z,Y,04,48104121,6400817,0,ntee-grantmaker:T20Z;files-990PF;private-foundation:04;name:foundation
60,233089181,JOAN M WISMER FOUNDATION,Sarasota,Sarasota,34241,T20,Y,04,43785739,14758734,0,ntee-grantmaker:T20;files-990PF;private-foundation:04;name:foundation
60,206297485,HENRY E & PAULINE S BECKER CHARITABLE FOUNDATION,Sarasota,Sarasota,34236,T22,Y,04,32303090,10814837,0,ntee-grantmaker:T22;files-990PF;private-foundation:04;name:foundation
60,656206042,ROSKAMP FOUNDATION IRRV TR UA 052096,Sarasota,Sarasota,34236,T23,Y,03,30961485,72459,0,ntee-grantmaker:T23;files-990PF;private-foundation:03;name:foundation
60,046904482,THE REALIZATION FOUNDATION,Bradenton,Manatee,34209,T22,Y,04,25872668,8875335,0,ntee-grantmaker:T22;files-990PF;private-foundation:04;name:foundation
60,273542831,RALPH S FRENCH CHARITABLE FOUNDATION TRUST,Bradenton,Manatee,34205,T22,Y,04,25112957,16182344,0,ntee-grantmaker:T22;files-990PF;private-foundation:04;name:foundation
60,873844316,S & S CHARITABLE FOUNDATION INC,Sarasota,Sarasota,34231,T22,Y,04,24376844,3290089,0,ntee-grantmaker:T22;files-990PF;private-foundation:04;name:foundation
60,926361152,LANGHAM PRIVATE FOUNDATION TR,Sarasota,Sarasota,34237,T20,Y,04,20309323,19759726,0,ntee-grantmaker:T20;files-990PF;private-foundation:04;name:foundation
60,204256553,GREEN FAMILY FOUNDATION INC,Bradenton,Manatee,34211,T22,Y,04,20144427,5263391,0,ntee-grantmaker:T22;files-990PF;private-foundation:04;name:foundation
60,836260131,DANIEL S BLALOCK JR CHARITABLE FOUNDATION TR UAD 5-13-1988 AS AME,Bradenton,Manatee,34206,T20,Y,04,18018963,7413263,0,ntee-grantmaker:T20;files-990PF;private-foundation:04;name:foundation
60,261624741,ARNOLD SIMONSEN FAMILY CHARITABLE FOUNDATION INC,Longboat Key,Sarasota,34228,T20,Y,04,17941777,1373500,0,ntee-grantmaker:T20;files-990PF;private-foundation:04;name:foundation
60,260615969,GARDENER FOUNDATION INC,Sarasota,Sarasota,34236,T20,Y,04,16964953,12495292,0,ntee-grantmaker:T20;files-990PF;private-foundation:04;name:foundation
60,522107509,JAKE FOUNDATION INC,Sarasota,Sarasota,34236,T20Z,Y,04,16627547,19784629,0,ntee-grantmaker:T20Z;files-990PF;private-foundation:04;name:foundation
60,061691227,MICHAEL G CURRAN FAMILY FOUNDATION,Bradenton,Manatee,34202,T20,Y,04,16609455,47211608,0,ntee-grantmaker:T20;files-990PF;private-foundation:04;name:foundation
60,822959949,KOSLOSKI FAMILY FOUNDATION,Sarasota,Sarasota,34236,T12,Y,04,15368806,10819988,0,ntee-grantmaker:T12;files-990PF;private-foundation:04;name:foundation
60,650754834,JAMES AND BRENDA HOYT FOUNDATION,Sarasota,Sarasota,34236,T20Z,Y,04,15206741,4643677,0,ntee-grantmaker:T20Z;files-990PF;private-foundation:04;name:foundation
60,226800804,MICHAEL J KOSLOSKI FOUNDATION,Sarasota,Sarasota,34236,T22,Y,04,14848711,3530430,0,ntee-grantmaker:T22;files-990PF;private-foundation:04;name:foundation
60,656220389,SUNSHINE NATURAL WELLBEING FOUNDATION,Sarasota,Sarasota,34242,T22Z,Y,04,14216029,673133,0,ntee-grantmaker:T22Z;files-990PF;private-foundation:04;name:foundation
60,271036148,EDMUND J & ESTELLE D WALKER CHARITABLE TRUST,Venice,Sarasota,34293,T22,Y,04,13585215,866881,0,ntee-grantmaker:T22;files-990PF;private-foundation:04;name:foundation
60,866690558,MAKE DISCIPLES CHARITABLE FOUNDATION,Sarasota,Sarasota,34243,T23,Y,03,13082850,2669986,0,ntee-grantmaker:T23;files-990PF;private-foundation:03;name:foundation
60,061639333,GETTEL FOUNDATION INC,Bradenton,Manatee,34208,T31,Y,04,12607750,3425220,0,ntee-grantmaker:T31;files-990PF;private-foundation:04;name:foundation
60,455239860,GAIL L BAIRD FAMILY FOUNDATION INC,Sarasota,Sarasota,34236,T22,Y,04,12116556,1014551,0,ntee-grantmaker:T22;files-990PF;private-foundation:04;name:foundation
60,816941753,GEORGE AND LUCY MALMBERG FOUNDATION TR AGREEMENT,Sarasota,Sarasota,34236,T20,Y,04,12052065,8967076,0,ntee-grantmaker:T20;files-990PF;private-foundation:04;name:foundation
60,223515940,FRY FAMILY FOUNDATION A NEW JERSEY NONPROFIT CORPORATION,Osprey,Sarasota,34229,T22Z,Y,04,11376558,1911241,0,ntee-grantmaker:T22Z;files-990PF;private-foundation:04;name:foundation
60,137220937,PURJES FOUNDATION,Longboat Key,Sarasota,34228,T22,Y,04,11301078,6611185,0,ntee-grantmaker:T22;files-990PF;private-foundation:04;name:foundation
60,832748016,SUMMER BREEZE FOUNDATION,Sarasota,Sarasota,34231,T20,Y,04,11189885,10520974,0,ntee-grantmaker:T20;files-990PF;private-foundation:04;name:foundation
60,510478343,MCMURTRY FAMILY FOUNDATION,Venice,Sarasota,34285,T22,Y,04,10460258,2030678,0,ntee-grantmaker:T22;files-990PF;private-foundation:04;name:foundation
60,387123022,THE KARAFIN FAMILY FOUNDATION,Longboat Key,Sarasota,34228,T12,Y,04,10211884,1399845,0,ntee-grantmaker:T12;files-990PF;private-foundation:04;name:foundation
60,200614587,BOSCIA FAMILY FOUNDATION,Sarasota,Sarasota,34236,T20,Y,04,10207958,672717,0,ntee-grantmaker:T20;files-990PF;private-foundation:04;name:foundation
60,475601594,STONE FOUNDATION INC,Longboat Key,Sarasota,34228,T22,Y,04,9806118,5596115,0,ntee-grantmaker:T22;files-990PF;private-foundation:04;name:foundation
60,825068080,ROBERT E DODS FAMILY FOUNDATION INC,Longboat Key,Sarasota,34228,T22,Y,04,9783476,5739962,0,ntee-grantmaker:T22;files-990PF;private-foundation:04;name:foundation
60,161574554,STEINWACHS FAMILY FOUNDATION,Sarasota,Sarasota,34242,T30,Y,04,9681019,279428,0,ntee-grantmaker:T30;files-990PF;private-foundation:04;name:foundation
60,934185922,PICCHI FAMILY FOUNDATION INC,Osprey,Sarasota,34229,T22,Y,04,8949297,462469,0,ntee-grantmaker:T22;files-990PF;private-foundation:04;name:foundation
60,208628156,DOUGLAS R MOORE FAMILY FOUNDATION,Sarasota,Sarasota,34236,T22,Y,04,8300857,6251332,0,ntee-grantmaker:T22;files-990PF;private-foundation:04;name:foundation
60,461562521,DONA & SAM SCOTT FOUNDATION,Sarasota,Sarasota,34236,T22,Y,04,8233032,1182012,0,ntee-grantmaker:T22;files-990PF;private-foundation:04;name:foundation
60,306558102,JAMES M DOSS CHARITABLE FOUNDATION TR,Sarasota,Sarasota,34233,T22,Y,04,7947597,2685449,0,ntee-grantmaker:T22;files-990PF;private-foundation:04;name:foundation
60,650795533,HURLBURT FOUNDATION INC,Sarasota,Sarasota,34238,T20Z,Y,04,7156050,1556266,0,ntee-grantmaker:T20Z;files-990PF;private-foundation:04;name:foundation
60,921362443,MCGRATH FAMILY FOUNDATION INC,Longboat Key,Sarasota,34228,T20,Y,04,7154513,1501426,0,ntee-grantmaker:T20;files-990PF;private-foundation:04;name:foundation
60,651059468,CAROLYN HAMMOND BRYE CHARITABLE FOUNDATION INC,Sarasota,Sarasota,34236,T22,Y,04,7025714,209751,0,ntee-grantmaker:T22;files-990PF;private-foundation:04;name:foundation
60,262434554,RODKIN FAMILY FOUNDATION INC,Sarasota,Sarasota,34242,T22,Y,04,6965620,1268186,0,ntee-grantmaker:T22;files-990PF;private-foundation:04;name:foundation
60,922034369,LELAND FAMILY FOUNDATION CORP,Sarasota,Sarasota,34242,T22,Y,04,6859114,716120,0,ntee-grantmaker:T22;files-990PF;private-foundation:04;name:foundation
60,331769334,COTE FAMILY TGS FOUNDATION INC,Anna Maria,Manatee,34216,T22,Y,04,6818755,9332689,0,ntee-grantmaker:T22;files-990PF;private-foundation:04;name:foundation
60,832752186,REGMARK FOUNDATION INC,Sarasota,Sarasota,34277,T20,Y,04,6583934,2582240,0,ntee-grantmaker:T20;files-990PF;private-foundation:04;name:foundation
60,263928645,OPPORTUNITY FOUNDATION INC,Sarasota,Sarasota,34236,T22,Y,04,6573497,4985402,0,ntee-grantmaker:T22;files-990PF;private-foundation:04;name:foundation
60,656272903,SOL TAPLIN CHARITABLE FOUNDATION,Sarasota,Sarasota,34233,T20,Y,04,6295624,1070748,0,ntee-grantmaker:T20;files-990PF;private-foundation:04;name:foundation
60,814564555,LEONARD AND JUDITH SCHWARTZBAUM FAMILY FOUNDATION INC,Sarasota,Sarasota,34231,T20,Y,04,5792205,292342,0,ntee-grantmaker:T20;files-990PF;private-foundation:04;name:foundation
60,593575091,BERNARD F & MARY ANN POWELL FOUNDATION INC,Parrish,Manatee,34219,T20,Y,04,5675802,775548,0,ntee-grantmaker:T20;files-990PF;private-foundation:04;name:foundation
60,383212771,DOLL-LOESEL FOUNDATION,Sarasota,Sarasota,34236,T22Z,Y,04,5518247,1955985,0,ntee-grantmaker:T22Z;files-990PF;private-foundation:04;name:foundation
60,464298978,DALEY FAMILY FOUNDATION,Longboat Key,Sarasota,34228,T22,Y,04,5443289,600453,0,ntee-grantmaker:T22;files-990PF;private-foundation:04;name:foundation
60,205321479,DL CHARITABLE FOUNDATION,Sarasota,Sarasota,34230,T22,Y,04,5362102,1169721,0,ntee-grantmaker:T22;files-990PF;private-foundation:04;name:foundation
60,592851924,R M BEALL SR CHARITABLE FOUNDATION,Bradenton,Manatee,34208,T22Z,Y,04,5343180,1909045,0,ntee-grantmaker:T22Z;files-990PF;private-foundation:04;name:foundation
60,261597287,MARCIA AND MICHAEL KLEIN FOUNDATION,Longboat Key,Sarasota,34228,T20,Y,04,5119853,3545786,0,ntee-grantmaker:T20;files-990PF;private-foundation:04;name:foundation
60,650596492,KENNETH T & MILDRED S GAMMONS CHARITABLE FOUNDATION INC,Sarasota,Sarasota,34236,T22Z,Y,04,5019678,58924,0,ntee-grantmaker:T22Z;files-990PF;private-foundation:04;name:foundation
60,166399132,LAWRENCE P CASTELLANI FAMILY FOUNDATION,Sarasota,Sarasota,34236,T20Z,Y,04,4799488,838739,0,ntee-grantmaker:T20Z;files-990PF;private-foundation:04;name:foundation
60,510433601,THE@ALAN AND TERRI SPOON FAMILY FOUNDATION,Longboat Key,Sarasota,34228,T22,Y,04,4792911,5309019,0,ntee-grantmaker:T22;files-990PF;private-foundation:04;name:foundation
60,453077366,THE DUNN FAMILY CHARITABLE FOUNDATION,Sarasota,Sarasota,34242,T21,Y,04,4323063,5847844,0,ntee-grantmaker:T21;files-990PF;private-foundation:04;name:foundation
60,656329977,LINNIE E DALBECK MEMORIAL FOUNDATION,Sarasota,Sarasota,34233,T22,Y,04,4209756,2854727,0,ntee-grantmaker:T22;files-990PF;private-foundation:04;name:foundation
60,656263281,EHRHART FAMILY FOUNDATION,Venice,Sarasota,34285,T22,Y,04,4097400,460987,0,ntee-grantmaker:T22;files-990PF;private-foundation:04;name:foundation
60,266141110,NEIL AND SANDRA DEFEO FAMILY FOUNDATION,Sarasota,Sarasota,34242,T20,Y,04,4029857,906842,0,ntee-grantmaker:T20;files-990PF;private-foundation:04;name:foundation
60,201035767,ELIZABETH AND KEVIN A TATTAM FOUNDATION INC,Anna Maria,Manatee,34216,T22,Y,04,3673129,1768261,0,ntee-grantmaker:T22;files-990PF;private-foundation:04;name:foundation
60,200068099,DORIS M CARTER FAMILY FOUNDATION,Sarasota,Sarasota,34239,T20,Y,04,3660431,660728,0,ntee-grantmaker:T20;files-990PF;private-foundation:04;name:foundation
60,656259550,PATRICIA J BUSTER FOUNDATION CHARITABLE TR UAD 04071981,Sarasota,Sarasota,34239,T20Z,Y,04,3654330,3054420,0,ntee-grantmaker:T20Z;files-990PF;private-foundation:04;name:foundation
60,464026551,ANTOINE OBRIEN FAMILY FOUNDATION INC,Longboat Key,Sarasota,34228,T99,Y,04,3650782,1488157,0,ntee-grantmaker:T99;files-990PF;private-foundation:04;name:foundation
60,593680687,FAULHABER FOUNDATION INC,Nokomis,Sarasota,34275,T22,Y,04,3620885,288757,0,ntee-grantmaker:T22;files-990PF;private-foundation:04;name:foundation
60,874016827,CAPILLARY FOUNDATION INC,Bradenton,Manatee,34206,T20,Y,04,3605045,2230173,0,ntee-grantmaker:T20;files-990PF;private-foundation:04;name:foundation
60,134263380,PLATKIN FAMILY FOUNDATION INC,Sarasota,Sarasota,34234,T20,Y,04,3540170,3549337,0,ntee-grantmaker:T20;files-990PF;private-foundation:04;name:foundation
60,266046163,SWART FAMILY FOUNDATION,Sarasota,Sarasota,34231,T20,Y,04,3511725,2297151,0,ntee-grantmaker:T20;files-990PF;private-foundation:04;name:foundation
60,205349740,BOMBERGER FOUNDATION INC,Bradenton,Manatee,34211,T22,Y,04,3500785,812236,0,ntee-grantmaker:T22;files-990PF;private-foundation:04;name:foundation
60,475564067,TACKEL-RAVEN FAMILY FOUNDATION,Osprey,Sarasota,34229,T20,Y,04,3406378,321073,0,ntee-grantmaker:T20;files-990PF;private-foundation:04;name:foundation
60,842726862,EDWIN J BECCUE MEMORIAL FOUNDATION TRUST,Sarasota,Sarasota,34233,T20,Y,04,3251659,397047,0,ntee-grantmaker:T20;files-990PF;private-foundation:04;name:foundation
60,200102620,SWIFT FAMILY FOUNDATION INC,Sarasota,Sarasota,34237,T22,Y,04,3235687,441417,0,ntee-grantmaker:T22;files-990PF;private-foundation:04;name:foundation
60,020535154,HENRY S AND MARGARET GAY MIKA CHARITABLE FOUNDATION INC,Sarasota,Sarasota,34236,T22,Y,04,3233874,52036,0,ntee-grantmaker:T22;files-990PF;private-foundation:04;name:foundation
60,311596973,ZIMMER FAMILY FOUNDATION INC,Sarasota,Sarasota,34277,T20Z,Y,04,3102124,33813227,0,ntee-grantmaker:T20Z;files-990PF;private-foundation:04;name:foundation
60,306209352,RITA B LAMERE MEMORIAL FOUNDATION,Sarasota,Sarasota,34233,T20,Y,04,2917550,570033,0,ntee-grantmaker:T20;files-990PF;private-foundation:04;name:foundation
60,205002466,SMITH FAMILY LEGACY FOUNDATION,Sarasota,Sarasota,34240,T22,Y,04,2901990,899804,0,ntee-grantmaker:T22;files-990PF;private-foundation:04;name:foundation
60,383385672,W PAUL HOENLE FOUNDATION INC,Sarasota,Sarasota,34242,T20Z,Y,04,2896023,435076,0,ntee-grantmaker:T20Z;files-990PF;private-foundation:04;name:foundation
60,275433447,DUKE & LORI VANDER ARK FOUNDATION,Englewood,Sarasota,34223,T20,Y,04,2876528,81005,0,ntee-grantmaker:T20;files-990PF;private-foundation:04;name:foundation
60,814701284,LUO PAN FOUNDATION,Sarasota,Sarasota,34236,T20,Y,04,2873191,631197,0,ntee-grantmaker:T20;files-990PF;private-foundation:04;name:foundation
60,206386091,LINVILLE FAM FOUNDATION,Venice,Sarasota,34285,T22,Y,04,2831471,137257,0,ntee-grantmaker:T22;files-990PF;private-foundation:04;name:foundation
60,306458212,THE HARRY SHAPIRO CHARITABLE FOUNDATION INC,Sarasota,Sarasota,34236,T20,Y,04,2821906,1051766,0,ntee-grantmaker:T20;files-990PF;private-foundation:04;name:foundation
60,461593016,JOAN ARMOUR MENDELL FOUNDATION INC,Sarasota,Sarasota,34237,T20,Y,04,2813822,630734,0,ntee-grantmaker:T20;files-990PF;private-foundation:04;name:foundation
60,876540286,BIRCH ISLAND FOUNDATION,Sarasota,Sarasota,34236,T22,Y,04,2811803,11675907,0,ntee-grantmaker:T22;files-990PF;private-foundation:04;name:foundation
60,261609483,SHANK FAMILY FOUNDATION,Sarasota,Sarasota,34236,T21,Y,04,2670007,1059894,0,ntee-grantmaker:T21;files-990PF;private-foundation:04;name:foundation
60,656248208,ANNETTE J HAGENS MEMORIAL FOUNDATION,Sarasota,Sarasota,34236,T20Z,Y,04,2642594,360803,0,ntee-grantmaker:T20Z;files-990PF;private-foundation:04;name:foundation
60,273978348,KUTYA MAJOR FOUNDATION,Sarasota,Sarasota,34236,T22,Y,04,2552279,1115478,0,ntee-grantmaker:T22;files-990PF;private-foundation:04;name:foundation
60,832785988,DONNELLY FAMILY FOUNDATION CORP,Sarasota,Sarasota,34242,T20,Y,04,2530597,1474632,0,ntee-grantmaker:T20;files-990PF;private-foundation:04;name:foundation
60,261146556,GORDON FAMILY FOUNDATION,Sarasota,Sarasota,34241,T20,Y,04,2518463,445838,0,ntee-grantmaker:T20;files-990PF;private-foundation:04;name:foundation
60,456660955,THE BRUNJES FAMILY CHARITABLE TRUST,Longboat Key,Sarasota,34228,T22,Y,04,2441956,1677443,0,ntee-grantmaker:T22;files-990PF;private-foundation:04;name:foundation
60,656217967,SACK FAMILY FOUNDATION,Longboat Key,Sarasota,34228,T22Z,Y,04,2396524,1025251,0,ntee-grantmaker:T22Z;files-990PF;private-foundation:04;name:foundation
60,113332090,OLIN FAMILY FOUNDATION INC,Longboat Key,Sarasota,34228,T31J,Y,04,2332847,137156,0,ntee-grantmaker:T31J;files-990PF;private-foundation:04;name:foundation
60,923634763,EVALYN SADLIER JONES FOUNDATION INC,Sarasota,Sarasota,34233,T12,Y,04,2255874,426796,0,ntee-grantmaker:T12;files-990PF;private-foundation:04;name:foundation
60,311471764,TILLIE JENNIE AND HAROLD SCHAWARTZ FOUNDATION INC,Sarasota,Sarasota,34237,T22Z,Y,04,2190765,297099,0,ntee-grantmaker:T22Z;files-990PF;private-foundation:04;name:foundation
60,460499146,PORTER FAMILY FOUNDATION,Longboat Key,Sarasota,34228,T22,Y,04,2179444,575574,0,ntee-grantmaker:T22;files-990PF;private-foundation:04;name:foundation
60,656338689,BURRUSS FOUNDATION TR 033100,Sarasota,Sarasota,34236,T22,Y,04,2163006,327742,0,ntee-grantmaker:T22;files-990PF;private-foundation:04;name:foundation
60,261392806,KIMBERLY A FOUNDATION CORP,Longboat Key,Sarasota,34228,T20,Y,04,2012711,278404,0,ntee-grantmaker:T20;files-990PF;private-foundation:04;name:foundation
60,843901985,BE IN MCCORMACK FOUNDATION INC,Bradenton,Manatee,34206,T22,Y,04,2005701,1160900,0,ntee-grantmaker:T22;files-990PF;private-foundation:04;name:foundation
60,651107943,BETY N GILES CHARITABLE FOUNDATION INC,Sarasota,Sarasota,34236,T22,Y,04,2004267,5877,0,ntee-grantmaker:T22;files-990PF;private-foundation:04;name:foundation
60,854312421,DOLLRIES FAMILY FOUNDATION,Sarasota,Sarasota,34236,T20,Y,04,1998378,541270,0,ntee-grantmaker:T20;files-990PF;private-foundation:04;name:foundation
60,383631938,THE DEAN FAMILY FOUNDATION,Venice,Sarasota,34285,T22,Y,04,1986022,107179,0,ntee-grantmaker:T22;files-990PF;private-foundation:04;name:foundation
60,364482898,JOHN D & LESLIE HENNER BURNS FAM FOUNDATION,Osprey,Sarasota,34229,T22,Y,04,1964467,1811053,0,ntee-grantmaker:T22;files-990PF;private-foundation:04;name:foundation
60,453568792,FRANK J AND LENORA DUPUIS FOUNDATION INC,Sarasota,Sarasota,34236,T20,Y,04,1950585,863731,0,ntee-grantmaker:T20;files-990PF;private-foundation:04;name:foundation
60,831932833,WHITCRAFT FAMILY CHARITABLE TRUST,Sarasota,Sarasota,34231,T22,Y,04,1879062,4238202,0,ntee-grantmaker:T22;files-990PF;private-foundation:04;name:foundation
60,203963153,VERNON G & SANDRA J C BUCHANAN FAMILY FOUNDATION INC,Sarasota,Sarasota,34237,T20,Y,04,1867806,778216,0,ntee-grantmaker:T20;files-990PF;private-foundation:04;name:foundation
60,306201571,BERNATCHEZ FAMILY FOUNDATION TR UA 12132006,Sarasota,Sarasota,34236,T22,Y,04,1845388,547578,0,ntee-grantmaker:T22;files-990PF;private-foundation:04;name:foundation
60,046919219,LEE FAMILY FOUNDATION TR,Sarasota,Sarasota,34231,T20,Y,04,1818498,1310615,0,ntee-grantmaker:T20;files-990PF;private-foundation:04;name:foundation
60,208120780,THE EL SHAHAWY FAMILY FOUNDATION INC,Sarasota,Sarasota,34239,T22,Y,04,1750097,2056339,0,ntee-grantmaker:T22;files-990PF;private-foundation:04;name:foundation
60,830345103,DOR FAMILY FOUNDATION,Sarasota,Sarasota,34236,T22,Y,04,1692924,101415,0,ntee-grantmaker:T22;files-990PF;private-foundation:04;name:foundation
60,453975185,CATHERINE AND FRANCIS BURZIK FOUNDATION,Sarasota,Sarasota,34236,T22,Y,04,1663869,2144891,0,ntee-grantmaker:T22;files-990PF;private-foundation:04;name:foundation
60,854226710,JOE & MICHELLE VERBRUGGE FAMILY FOUNDATION,Holmes Beach,Manatee,34217,T20,Y,04,1662725,615482,0,ntee-grantmaker:T20;files-990PF;private-foundation:04;name:foundation
60,542107496,WINFIELD C COOK & ISABELLE K COOK CHARITABLE FOUNDATION INC,Sarasota,Sarasota,34236,T20,Y,04,1641729,353525,0,ntee-grantmaker:T20;files-990PF;private-foundation:04;name:foundation
60,760520860,W J & LELA BUDWINE FOUNDATION INC,Bradenton,Manatee,34212,T30Z,Y,04,1641416,47994,0,ntee-grantmaker:T30Z;files-990PF;private-foundation:04;name:foundation
60,874086349,BRAVEHER FOUNDATION INC,Longboat Key,Sarasota,34228,T22,Y,04,1598582,668382,0,ntee-grantmaker:T22;files-990PF;private-foundation:04;name:foundation
60,276888664,FRIEND OF THE FATHERLESS FOUNDATION,Sarasota,Sarasota,34237,T20,Y,04,1575314,200641,0,ntee-grantmaker:T20;files-990PF;private-foundation:04;name:foundation
60,141765972,BOB & GINGER CANNON BAILEY FOUNDATION INC,Sarasota,Sarasota,34242,T20Z,Y,04,1495700,451390,0,ntee-grantmaker:T20Z;files-990PF;private-foundation:04;name:foundation
60,811790335,JOHN GALANTI FOUNDATION INC,Holmes Beach,Manatee,34217,T20,Y,04,1461135,165060,0,ntee-grantmaker:T20;files-990PF;private-foundation:04;name:foundation
60,205589596,DAVIS-MCCULLOUGH FOUNDATION INC,Osprey,Sarasota,34229,T20,Y,04,1452601,305624,0,ntee-grantmaker:T20;files-990PF;private-foundation:04;name:foundation
60,010722408,WASSERMAN FOUNDATION,Sarasota,Sarasota,34236,T30,Y,04,1427084,858080,0,ntee-grantmaker:T30;files-990PF;private-foundation:04;name:foundation
60,822300696,EVERETT W ERDOESY AND GRETHA M ERDOESY FOUNDATION,Sarasota,Sarasota,34233,T20,Y,04,1424147,664728,0,ntee-grantmaker:T20;files-990PF;private-foundation:04;name:foundation
60,922412335,LANCASTER WOODRUFF FOUNDATION,Sarasota,Sarasota,34239,T20,Y,04,1363136,2276446,0,ntee-grantmaker:T20;files-990PF;private-foundation:04;name:foundation
60,263537164,KING LOGIE FOUNDATION INC,North Port,Sarasota,34287,T22,Y,04,1357001,325008,0,ntee-grantmaker:T22;files-990PF;private-foundation:04;name:foundation
60,464388864,JOHNSON-POLIOS FOUNDATION,Sarasota,Sarasota,34235,T20,Y,04,1328920,2310905,0,ntee-grantmaker:T20;files-990PF;private-foundation:04;name:foundation
60,843547682,EDNA M AND AARON E GINGERICH FOUNDATION INCORPORATED,Sarasota,Sarasota,34276,T12,Y,03,1326930,84222,0,ntee-grantmaker:T12;files-990PF;private-foundation:03;name:foundation
60,311623869,ULLMANN FAMILY FOUNDATION INC,Longboat Key,Sarasota,34228,T22,Y,04,1306716,202270,0,ntee-grantmaker:T22;files-990PF;private-foundation:04;name:foundation
60,816700239,JAMES E DAVIS AND SUSAN FROST DAVIS FOUNDATION,Sarasota,Sarasota,34236,T20,Y,04,1293681,159931,0,ntee-grantmaker:T20;files-990PF;private-foundation:04;name:foundation
60,263732658,URBAN AND SHELLEY MEYER FAMILY FOUNDATION INC,Sarasota,Sarasota,34242,T22,Y,04,1270597,607404,0,ntee-grantmaker:T22;files-990PF;private-foundation:04;name:foundation
60,223693581,RON MORRIS FAMILY FOUNDATION,Sarasota,Sarasota,34236,T20,Y,04,1217395,261921,0,ntee-grantmaker:T20;files-990PF;private-foundation:04;name:foundation
60,814491626,DILLMAN FAMILY FOR THE LEAST OF THESE FOUNDATION,Nokomis,Sarasota,34275,T22,Y,04,1206841,650700,0,ntee-grantmaker:T22;files-990PF;private-foundation:04;name:foundation
60,352191686,FORSTROM FAMILY FOUNDATION,Sarasota,Sarasota,34243,T20,Y,04,1114114,247488,0,ntee-grantmaker:T20;files-990PF;private-foundation:04;name:foundation
60,854143289,DEVITT-RISSE FAMILY FOUNDATION,Nokomis,Sarasota,34275,T22,Y,04,1088842,354797,0,ntee-grantmaker:T22;files-990PF;private-foundation:04;name:foundation
60,471890842,KOCH FAMILY LEGACY FOUNDATION,Bradenton,Manatee,34212,T22,Y,04,1080004,89334,0,ntee-grantmaker:T22;files-990PF;private-foundation:04;name:foundation
60,856810922,MARY MOOTY KILEEN AND TOM KILEEN FAMILY FOUNDATION,Longboat Key,Sarasota,34228,T20,Y,04,1074150,394410,0,ntee-grantmaker:T20;files-990PF;private-foundation:04;name:foundation
60,273980980,MILMAN-KOVER FAMILY CHARITABLE FOUNDATION TRUST,Sarasota,Sarasota,34236,T22,Y,04,1028122,107405,0,ntee-grantmaker:T22;files-990PF;private-foundation:04;name:foundation
60,274256502,SUTTON FAMILY FOUNDATION,Venice,Sarasota,34293,T22,Y,04,1020505,95011,0,ntee-grantmaker:T22;files-990PF;private-foundation:04;name:foundation
60,846870367,SWANSON FAMILY FOUNDATION,Sarasota,Sarasota,34231,T20,Y,04,1018842,227732,0,ntee-grantmaker:T20;files-990PF;private-foundation:04;name:foundation
60,814306908,HUMPHREY FAMILY FOUNDATION INC,Bradenton,Manatee,34202,T22,Y,04,993940,77958,0,ntee-grantmaker:T22;files-990PF;private-foundation:04;name:foundation
60,836691102,BROMARK FAMILY FOUNDATION UAD 01-11-2019,Sarasota,Sarasota,34240,T22,Y,04,972391,353544,0,ntee-grantmaker:T22;files-990PF;private-foundation:04;name:foundation
60,271565620,MORAVITS FAMILY FOUNDATION,Sarasota,Sarasota,34234,T22,Y,04,955935,91983,0,ntee-grantmaker:T22;files-990PF;private-foundation:04;name:foundation
60,562307848,KAYLA MITCHELL FOUNDATION,Sarasota,Sarasota,34230,T22,Y,04,910714,33019,0,ntee-grantmaker:T22;files-990PF;private-foundation:04;name:foundation
60,814580388,ESSNER FAMILY FOUNDATION,Sarasota,Sarasota,34236,T22,Y,04,905688,298080,0,ntee-grantmaker:T22;files-990PF;private-foundation:04;name:foundation
60,874476515,RAFRANCO FOUNDATION,Sarasota,Sarasota,34239,T20,Y,04,894134,160050,0,ntee-grantmaker:T20;files-990PF;private-foundation:04;name:foundation
60,133914838,JANE AND RABBI ABRAHAM KRANTZ FAMILY FOUNDATION,Sarasota,Sarasota,34238,T99Z,Y,04,880013,184366,0,ntee-grantmaker:T99Z;files-990PF;private-foundation:04;name:foundation
60,884272812,CAROLE AND DOUG MAIBACH FAMILY FOUNDATION INC,Parrish,Manatee,34219,T20,Y,04,869826,925369,0,ntee-grantmaker:T20;files-990PF;private-foundation:04;name:foundation
60,206802824,TRIPLETT FAM FOUNDATION TR,Parrish,Manatee,34219,T20,Y,04,860088,595204,0,ntee-grantmaker:T20;files-990PF;private-foundation:04;name:foundation
60,464380504,MUELLER HOISEL WANGER CHARITABLE FOUNDATION,Venice,Sarasota,34285,T20,Y,04,846536,227871,0,ntee-grantmaker:T20;files-990PF;private-foundation:04;name:foundation
60,650939291,GASTON DUFRESNE FOUNDATION FOR THE PERFORMING ARTS,Sarasota,Sarasota,34277,T220,Y,04,789194,126510,0,ntee-grantmaker:T220;files-990PF;private-foundation:04;name:foundation
60,656260563,HERMAN E & HELEN H TURNER FOUNDATION TRUST,Holmes Beach,Manatee,34217,T22,Y,04,781441,264163,0,ntee-grantmaker:T22;files-990PF;private-foundation:04;name:foundation
60,331722493,WEST FAMILY FOUNDATION TRUST,Venice,Sarasota,34285,T22,Y,03,781325,1497225,0,ntee-grantmaker:T22;files-990PF;private-foundation:03;name:foundation
60,871752355,FALKNER FAMILY FOUNDATION INC,Myakka City,Manatee,34251,T23,Y,03,780903,186311,0,ntee-grantmaker:T23;files-990PF;private-foundation:03;name:foundation
60,822715709,PIERRE AND KATHRYN MCCORMICK FAMILY FOUNDATION INC,Longboat Key,Sarasota,34228,T22,Y,04,725185,624036,0,ntee-grantmaker:T22;files-990PF;private-foundation:04;name:foundation
60,260163820,THEDA BOHRER WENDY AND TRACEY SHAPIRO CHARITABLE FOUNDATION INC,Sarasota,Sarasota,34237,T20,Y,04,723747,111961,0,ntee-grantmaker:T20;files-990PF;private-foundation:04;name:foundation
60,954824569,BERNARD LEWIS CHARITABLE FOUNDATION,Longboat Key,Sarasota,34228,T20,Y,04,717172,20208,0,ntee-grantmaker:T20;files-990PF;private-foundation:04;name:foundation
60,200464855,BIRK FOUNDATION,Sarasota,Sarasota,34236,T22,Y,04,706835,222082,0,ntee-grantmaker:T22;files-990PF;private-foundation:04;name:foundation
60,656279593,THE GARY W WOOD FOUNDATION IRREVOCABLE TRUST,Venice,Sarasota,34292,T22,Y,04,694076,49650,0,ntee-grantmaker:T22;files-990PF;private-foundation:04;name:foundation
60,880646382,GELFENBEIN-KAPLAN CHARITABLE FOUNDATION INC,Bradenton,Manatee,34202,T20,Y,04,689025,394436,0,ntee-grantmaker:T20;files-990PF;private-foundation:04;name:foundation
60,367296696,RONALD AND GERI YONOVER FOUNDATION,Longboat Key,Sarasota,34228,T30,Y,04,684152,218022,0,ntee-grantmaker:T30;files-990PF;private-foundation:04;name:foundation
60,854324690,CHARLES AND BARBARA DEWEY FAMILY FOUNDATION,Osprey,Sarasota,34229,T20,Y,04,667202,581288,0,ntee-grantmaker:T20;files-990PF;private-foundation:04;name:foundation
60,934980028,FAWKES FOUNDATION INC,Venice,Sarasota,34284,T22,Y,04,665715,274317,0,ntee-grantmaker:T22;files-990PF;private-foundation:04;name:foundation
60,596153330,SARASOTA ROTARY FOUNDATION INC,Sarasota,Sarasota,34230,T30,,15,640062,195830,184564,name:service-club;ntee-grantmaker:T30;name:foundation
60,650812002,DODT FAMILY FOUNDATION INC,Bradenton,Manatee,34209,T20Z,Y,04,639325,26398,0,ntee-grantmaker:T20Z;files-990PF;private-foundation:04;name:foundation
60,650620355,RUBIN CHARITABLE FOUNDATION,Sarasota,Sarasota,34237,T22Z,Y,04,633887,38765,0,ntee-grantmaker:T22Z;files-990PF;private-foundation:04;name:foundation
60,371549358,MORTON J AND BERNICE W SKIRBOLL FAMILY FOUNDATION,Longboat Key,Sarasota,34228,T20,Y,04,632433,450709,0,ntee-grantmaker:T20;files-990PF;private-foundation:04;name:foundation
60,311627480,RICHARD B SNEED FOUNDATION,Sarasota,Sarasota,34240,T20,Y,04,629788,157806,0,ntee-grantmaker:T20;files-990PF;private-foundation:04;name:foundation
60,911834655,DALE AND PATSY HOSMAN FAMILY FOUNDATION INC,Englewood,Sarasota,34224,T22Z,Y,04,628108,162982,0,ntee-grantmaker:T22Z;files-990PF;private-foundation:04;name:foundation
60,463698549,JW & P BLAKELY FAMILY FOUNDATION,Sarasota,Sarasota,34231,T20,Y,04,621210,83612,0,ntee-grantmaker:T20;files-990PF;private-foundation:04;name:foundation
60,352093923,DUNHAM FAMILY FOUNDATION INC,North Port,Sarasota,34286,T22,Y,04,606689,248918,0,ntee-grantmaker:T22;files-990PF;private-foundation:04;name:foundation
60,010800004,PIERCE FAMILY FOUNDATION,Longboat Key,Sarasota,34228,T22,Y,04,571649,246128,0,ntee-grantmaker:T22;files-990PF;private-foundation:04;name:foundation
60,201972244,THE JIM AND ELLEN WHITE FAMILY FOUNDATION INC,Sarasota,Sarasota,34241,T22,Y,04,541405,32250,0,ntee-grantmaker:T22;files-990PF;private-foundation:04;name:foundation
60,462626072,E LIBERTY FOUNDATION INC,Sarasota,Sarasota,34231,T22,Y,04,530266,30991,0,ntee-grantmaker:T22;files-990PF;private-foundation:04;name:foundation
60,936494851,WYMAN FAMILY FOUNDATION TR DTD 6-6-2023,Longboat Key,Sarasota,34228,T22,Y,04,521229,17548,0,ntee-grantmaker:T22;files-990PF;private-foundation:04;name:foundation
60,113270612,FRANK CASSATA FAMILY FOUNDATION,Sarasota,Sarasota,34233,T20J,Y,04,518461,17774,0,ntee-grantmaker:T20J;files-990PF;private-foundation:04;name:foundation
60,522007516,JOAN AND MARSHALL CUTLER FAMILY FOUNDATION INC,Longboat Key,Sarasota,34228,T22Z,Y,04,513072,479029,0,ntee-grantmaker:T22Z;files-990PF;private-foundation:04;name:foundation
60,651110612,ANGUS W GRAHAM JR FAMILY FOUNDATION INC,Bradenton,Manatee,34209,T20,Y,04,506904,300855,0,ntee-grantmaker:T20;files-990PF;private-foundation:04;name:foundation
60,450839936,FALL CREEK VALLEY FOUNDATION INC,Venice,Sarasota,34293,T21,Y,04,481829,15036,0,ntee-grantmaker:T21;files-990PF;private-foundation:04;name:foundation
60,651062193,BILOUS FAMILY CHARITABLE FOUNDATION INC,Osprey,Sarasota,34229,T22,Y,04,479475,35799,0,ntee-grantmaker:T22;files-990PF;private-foundation:04;name:foundation
60,842116385,INTERCHANGE FOUNDATION INC,Siesta Key,Sarasota,34242,T99,Y,04,477163,17335,0,ntee-grantmaker:T99;files-990PF;private-foundation:04;name:foundation
60,923655650,JEROME CRICK FOUNDATION INC,Nokomis,Sarasota,34275,T23,Y,04,468668,1,0,ntee-grantmaker:T23;files-990PF;private-foundation:04;name:foundation
60,651062266,SAVIDGE FAMILY FOUNDATION INC,Sarasota,Sarasota,34241,T22,Y,04,464441,105954,0,ntee-grantmaker:T22;files-990PF;private-foundation:04;name:foundation
60,356725404,WHELAN FAMILY FOUNDATION,Holmes Beach,Manatee,34217,T22,Y,04,460836,74294,0,ntee-grantmaker:T22;files-990PF;private-foundation:04;name:foundation
60,834472724,RON AND MARLA WOLF FAMILY FOUNDATION INC,Sarasota,Sarasota,34236,T20,Y,04,458568,11772,0,ntee-grantmaker:T20;files-990PF;private-foundation:04;name:foundation
60,870627584,BILLY J AND JEANE S MARTIN FOUNDATION,Sarasota,Sarasota,34240,T22,Y,04,452868,76058,0,ntee-grantmaker:T22;files-990PF;private-foundation:04;name:foundation
60,263910551,LAN FAMILY FOUNDATION,Sarasota,Sarasota,34232,T22,Y,04,449467,64367,0,ntee-grantmaker:T22;files-990PF;private-foundation:04;name:foundation
60,851101241,DAVID AND MYRNA BAND FAMILY FOUNDATION INC,Sarasota,Sarasota,34237,T20,Y,04,444175,38041,0,ntee-grantmaker:T20;files-990PF;private-foundation:04;name:foundation
60,200253270,PRICE FAMILY FOUNDATION INC,Sarasota,Sarasota,34239,T22,Y,04,438435,1116516,0,ntee-grantmaker:T22;files-990PF;private-foundation:04;name:foundation
60,223417520,AKHOURY FOUNDATION INC,Longboat Key,Sarasota,34228,T20Z,Y,04,426124,647425,0,ntee-grantmaker:T20Z;files-990PF;private-foundation:04;name:foundation
60,205956773,SANDOR FAMILY FOUNDATION,Sarasota,Sarasota,34236,T20,Y,04,424045,512610,0,ntee-grantmaker:T20;files-990PF;private-foundation:04;name:foundation
60,851069040,SUSAN L BROWN AND ROBERT H THILL JR FAMILY FOUNDATION,Sarasota,Sarasota,34236,T22,Y,04,413179,21028,0,ntee-grantmaker:T22;files-990PF;private-foundation:04;name:foundation
60,611632801,TERRANOVA EQUESTRIAN FOUNDATION INC,Bradenton,Manatee,34205,T20,Y,04,406905,300000,0,ntee-grantmaker:T20;files-990PF;private-foundation:04;name:foundation
60,383208309,SANDY FAMILY FOUNDATION INC,Longboat Key,Sarasota,34228,T22Z,Y,04,383364,141732,0,ntee-grantmaker:T22Z;files-990PF;private-foundation:04;name:foundation
60,832068931,CHRISMAN FAMILY FOUNDATION INC,Sarasota,Sarasota,34236,T99,Y,04,375048,145274,0,ntee-grantmaker:T99;files-990PF;private-foundation:04;name:foundation
60,834289839,JAMES AND MARYANN ARMOUR FAMILY FOUNDATION INC,Sarasota,Sarasota,34234,T20,Y,04,368448,458533,0,ntee-grantmaker:T20;files-990PF;private-foundation:04;name:foundation
60,461600757,CAROLYN J GABLE FOUNDATION,Sarasota,Sarasota,34236,T22,Y,04,364351,127040,0,ntee-grantmaker:T22;files-990PF;private-foundation:04;name:foundation
60,861581658,HAWKS FAMILY FOUNDATION,Longboat Key,Sarasota,34228,T20,Y,04,362307,222000,0,ntee-grantmaker:T20;files-990PF;private-foundation:04;name:foundation
60,306404110,THE KENNETH D MORGAN CHARITABLE FOUNDATION TRUST,Sarasota,Sarasota,34238,T99,Y,04,358558,144518,0,ntee-grantmaker:T99;files-990PF;private-foundation:04;name:foundation
60,201435228,MISSION FOUNDATION OF FLORIDA INC,Bradenton,Manatee,34207,T20,Y,04,346612,182485,0,ntee-grantmaker:T20;files-990PF;private-foundation:04;name:foundation
60,200484903,ROWAN FOUNDATION INC,Osprey,Sarasota,34229,T20,Y,04,334042,14720,0,ntee-grantmaker:T20;files-990PF;private-foundation:04;name:foundation
60,650885129,WANVIG FOUNDATION INC,Sarasota,Sarasota,34232,T22,Y,04,331561,145017,0,ntee-grantmaker:T22;files-990PF;private-foundation:04;name:foundation
60,201915201,MICHAEL AND JEAN FREED FAMILY FOUNDATION,Longboat Key,Sarasota,34228,T22,Y,04,310766,202609,0,ntee-grantmaker:T22;files-990PF;private-foundation:04;name:foundation
60,650835440,HARRIET AND RAYMOND BRUSH CHARITABLE FOUNDATION INC,Sarasota,Sarasota,34237,T20,Y,04,268723,82015,0,ntee-grantmaker:T20;files-990PF;private-foundation:04;name:foundation
60,853835823,JOSEPH AND CYNTHIA VITALE FAMILY FOUNDATION,Venice,Sarasota,34293,T22,Y,04,265557,11931,0,ntee-grantmaker:T22;files-990PF;private-foundation:04;name:foundation
60,814298358,HARGREAVES FAMILY CHARITABLE FOUNDATION,Sarasota,Sarasota,34236,T20,Y,04,264116,14076,0,ntee-grantmaker:T20;files-990PF;private-foundation:04;name:foundation
60,461192441,ABE C KENNEDY AND ROSE H KENNEDY CHARITABLE FOUNDATION,Englewood,Sarasota,34223,T20,Y,04,261033,9990,0,ntee-grantmaker:T20;files-990PF;private-foundation:04;name:foundation
60,831059995,BOSMA AND RALSTON FAMILY FOUNDATION,Longboat Key,Sarasota,34228,T20,Y,04,251506,5824,0,ntee-grantmaker:T20;files-990PF;private-foundation:04;name:foundation
60,276339297,JOY A CUNNINGHAM CHARITABLE FOUNDATION TR,Sarasota,Sarasota,34236,T20,Y,04,243347,69499,0,ntee-grantmaker:T20;files-990PF;private-foundation:04;name:foundation
60,651069761,MARIANNE AND BUD SIEGAL FAMILY FOUNDATION INC,Osprey,Sarasota,34229,T22,Y,04,239092,44013,0,ntee-grantmaker:T22;files-990PF;private-foundation:04;name:foundation
60,311757743,CHARLES A MILLER JR FOUNDATION,Sarasota,Sarasota,34232,T22,Y,04,236688,10288,0,ntee-grantmaker:T22;files-990PF;private-foundation:04;name:foundation
60,923270423,SIEGFRIED FAMILY FOUNDATION,Sarasota,Sarasota,34242,T22,Y,04,233474,222910,0,ntee-grantmaker:T22;files-990PF;private-foundation:04;name:foundation
60,010805754,IRMA SCHUSTER FOUNDATION INC,Sarasota,Sarasota,34236,T20,Y,04,224399,217417,0,ntee-grantmaker:T20;files-990PF;private-foundation:04;name:foundation
60,825105785,ROTARY CLUB OF PARRISH FLORIDA,Englewood,Sarasota,34224,P20,Y,04,223034,156684,0,name:service-club;files-990PF;private-foundation:04
60,920713294,AL-DAR FOUNDATION,Sarasota,Sarasota,34238,T22,Y,04,222287,558070,0,ntee-grantmaker:T22;files-990PF;private-foundation:04;name:foundation
60,261298966,WISDOM FAMILY FOUNDATION,Sarasota,Sarasota,34242,T20,Y,04,214384,124395,0,ntee-grantmaker:T20;files-990PF;private-foundation:04;name:foundation
60,453724410,CALDWELL FAMILY FOUNDATION,Sarasota,Sarasota,34277,T22,Y,04,213473,428566,0,ntee-grantmaker:T22;files-990PF;private-foundation:04;name:foundation
60,844933973,GRAIN FAMILY FOUNDATION INC,Sarasota,Sarasota,34236,T20,Y,04,206191,273389,0,ntee-grantmaker:T20;files-990PF;private-foundation:04;name:foundation
60,421566848,BETTY AND MARIE HEALY FAMILY FOUNDATION INC,Sarasota,Sarasota,34237,T22,Y,04,202632,13790,0,ntee-grantmaker:T22;files-990PF;private-foundation:04;name:foundation
60,207340409,JEFFREY M HILL FOUNDATION TRUSTAGREEMENT,Venice,Sarasota,34293,T22,Y,04,201765,8042,0,ntee-grantmaker:T22;files-990PF;private-foundation:04;name:foundation
60,460980164,FIRTH-LINK FAMILY FOUNDATION TRUST,Sarasota,Sarasota,34242,T22,Y,04,200426,47689,0,ntee-grantmaker:T22;files-990PF;private-foundation:04;name:foundation
60,650882486,ZEDECK FAMILY FOUNDATION INC,Sarasota,Sarasota,34236,T20,Y,04,200321,24469,0,ntee-grantmaker:T20;files-990PF;private-foundation:04;name:foundation
60,141723792,MELINA HUDSON FOUNDATION,Sarasota,Sarasota,34233,T20,Y,04,194415,27727,0,ntee-grantmaker:T20;files-990PF;private-foundation:04;name:foundation
60,472629973,GEORGE AND MARIAMMA THOMAS FOUNDATION INC,Bradenton,Manatee,34209,T20,Y,04,187547,34274,0,ntee-grantmaker:T20;files-990PF;private-foundation:04;name:foundation
60,383553476,DJD FOUNDATION,Sarasota,Sarasota,34238,T22,Y,04,173101,6727,0,ntee-grantmaker:T22;files-990PF;private-foundation:04;name:foundation
60,272039971,J EDWIN JONES & MADALINE G JONES CHARITABLE FOUNDATION,Englewood,Sarasota,34223,T22,Y,04,166924,19856,0,ntee-grantmaker:T22;files-990PF;private-foundation:04;name:foundation
60,332132553,STEVE AND JUDY COX FAMILY FOUNDATION 1 INC,Bradenton,Manatee,34204,T20,Y,04,166667,250000,0,ntee-grantmaker:T20;files-990PF;private-foundation:04;name:foundation
60,814498691,PAUL MARSHALL CHARITABLE FOUNDATION INC,Sarasota,Sarasota,34234,T20,Y,04,161625,18228,0,ntee-grantmaker:T20;files-990PF;private-foundation:04;name:foundation
60,274118620,BE A GIFT FOUNDATION,Longboat Key,Sarasota,34228,T20,Y,04,156436,65214,0,ntee-grantmaker:T20;files-990PF;private-foundation:04;name:foundation
60,331192680,RAEBURN FAMILY FOUNDATION INC,Sarasota,Sarasota,34236,T22,Y,04,146734,12207,0,ntee-grantmaker:T22;files-990PF;private-foundation:04;name:foundation
60,233021265,BENJAMIN B AND NATALIE O LEVIN FOUNDATION,Sarasota,Sarasota,34230,T22,Y,04,143703,5467,0,ntee-grantmaker:T22;files-990PF;private-foundation:04;name:foundation
60,200536787,GARDIKES FAMILY FOUNDATION INC,Osprey,Sarasota,34229,T22,Y,04,143293,35209,0,ntee-grantmaker:T22;files-990PF;private-foundation:04;name:foundation
60,650845132,PETER A WISH AND LESLIEBETH BERGER WISH FOUNDATION INC,Sarasota,Sarasota,34239,T20Z,Y,04,140415,25000,0,ntee-grantmaker:T20Z;files-990PF;private-foundation:04;name:foundation
60,656470902,ROSENFIELD FAM FOUNDATION TR AGREEMENT 10132007,Longboat Key,Sarasota,34228,T22,Y,04,131058,5422,0,ntee-grantmaker:T22;files-990PF;private-foundation:04;name:foundation
60,861122241,THE ROTARY CLUB OF ANNA MARIA ISLAND FOUNDATION INC,Holmes Beach,Manatee,34218,T30,,16,130606,152456,55692,name:service-club;ntee-grantmaker:T30;name:foundation
60,880950683,HIGHER LEVEL FOUNDATION INC,Sarasota,Sarasota,34234,T22,Y,04,124971,75000,0,ntee-grantmaker:T22;files-990PF;private-foundation:04;name:foundation
60,872283661,U N I FOUNDATION INCORPORATED,Sarasota,Sarasota,34237,T30,Y,04,113456,5000,0,ntee-grantmaker:T30;files-990PF;private-foundation:04;name:foundation
60,597271891,DOTTIE AND STUART WATT PRIVATE OPERATING FOUNDATION TR,Sarasota,Sarasota,34242,T23,Y,04,97763,3979,0,ntee-grantmaker:T23;files-990PF;private-foundation:04;name:foundation
60,656354222,BETTY CASTIGLIANO FOUNDATION,Sarasota,Sarasota,34236,T20,Y,04,93982,4605,0,ntee-grantmaker:T20;files-990PF;private-foundation:04;name:foundation
60,205822145,THE JAMES BILLINGS FOUNDATION INC,Sarasota,Sarasota,34240,T22,Y,04,93343,56101,0,ntee-grantmaker:T22;files-990PF;private-foundation:04;name:foundation
60,272080244,DOUG MANSFIELD FOUNDATION TRUST,Sarasota,Sarasota,34243,T22,Y,04,84339,26938,0,ntee-grantmaker:T22;files-990PF;private-foundation:04;name:foundation
60,460924594,CHRISTOPHER THOMAS PHILIP FOUNDATION INC,Sarasota,Sarasota,34242,T22,Y,04,75907,2717,0,ntee-grantmaker:T22;files-990PF;private-foundation:04;name:foundation
60,203740984,ERNAV CHARITABLE TRUST,Bradenton,Manatee,34202,T22,Y,04,63810,3616,0,ntee-grantmaker:T22;files-990PF;private-foundation:04;name:foundation
60,650688223,NEW AMSTERDAM CHARITABLE FOUNDATION,Sarasota,Sarasota,34238,T99Z,Y,04,60414,109811,0,ntee-grantmaker:T99Z;files-990PF;private-foundation:04;name:foundation
60,300023235,KELLY FAMILY CHARITABLE FOUNDATION INC,Venice,Sarasota,34285,T22,Y,04,55365,1484,0,ntee-grantmaker:T22;files-990PF;private-foundation:04;name:foundation
60,830448825,ARIS AND MARIANNE MARDIROSSIAN CHARITABLE FOUNDATION,Venice,Sarasota,34284,T22,Y,04,51998,2200,0,ntee-grantmaker:T22;files-990PF;private-foundation:04;name:foundation
60,651120528,ROBERT AND JUNE MCKILLOP FOUNDATION INC,Osprey,Sarasota,34229,T21,Y,04,48790,51258,0,ntee-grantmaker:T21;files-990PF;private-foundation:04;name:foundation
60,400000166,GIDEL FAMILY FOUNDATION INC,Sarasota,Sarasota,34236,T22,Y,04,48256,18907,0,ntee-grantmaker:T22;files-990PF;private-foundation:04;name:foundation
60,650860386,PAVER FAMILY FOUNDATION INC,Sarasota,Sarasota,34240,T20,Y,04,48253,997,0,ntee-grantmaker:T20;files-990PF;private-foundation:04;name:foundation
60,650965684,MILLER FAMILY CHARITABLE FOUNDATION INC,Sarasota,Sarasota,34240,T20,Y,04,42795,266261,0,ntee-grantmaker:T20;files-990PF;private-foundation:04;name:foundation
60,841568622,SUSAN RILEY FAMILY FOUNDATION,Sarasota,Sarasota,34238,T20,Y,04,40195,6917,0,ntee-grantmaker:T20;files-990PF;private-foundation:04;name:foundation
60,201918796,JEFFREY S GOULD FOUNDATION INC,Sarasota,Sarasota,34242,T22,Y,04,37122,201737,0,ntee-grantmaker:T22;files-990PF;private-foundation:04;name:foundation
60,311777763,RALPH G GORENSTEIN CHARITABLE FOUNDATION INC,Sarasota,Sarasota,34242,T20,Y,04,34722,150000,0,ntee-grantmaker:T20;files-990PF;private-foundation:04;name:foundation
60,921282414,SAAJ FOUNDATION INC,Bradenton,Manatee,34211,T99,Y,04,33915,19181,0,ntee-grantmaker:T99;files-990PF;private-foundation:04;name:foundation
60,656253272,FOUNDATION TR,Venice,Sarasota,34292,T22Z,Y,04,33866,1422,0,ntee-grantmaker:T22Z;files-990PF;private-foundation:04;name:foundation
60,208621519,RICK AND JO BERQUIST FOUNDATION,Palmetto,Manatee,34221,T20,Y,04,32167,14625,0,ntee-grantmaker:T20;files-990PF;private-foundation:04;name:foundation
60,161586282,PASLAQUA CHARITABLE FOUNDATION,Sarasota,Sarasota,34236,T22,Y,04,30100,40065,0,ntee-grantmaker:T22;files-990PF;private-foundation:04;name:foundation
60,874833989,SILVER CIRCLE FAMILY FOUNDATION,Sarasota,Sarasota,34239,T20,Y,04,29560,2419,0,ntee-grantmaker:T20;files-990PF;private-foundation:04;name:foundation
60,546440900,HOFMANN FOUNDATION CHARITABLE TR,Sarasota,Sarasota,34236,T20Z,Y,04,29239,14441,0,ntee-grantmaker:T20Z;files-990PF;private-foundation:04;name:foundation
60,650716854,JOHN G & ANNA MARIA TROIANO FOUNDATION INC,Longboat Key,Sarasota,34228,T20Z,Y,04,28012,75026,0,ntee-grantmaker:T20Z;files-990PF;private-foundation:04;name:foundation
60,882645983,WILLAM B MURPHY THRIVE FOUNDATION,Longboat Key,Sarasota,34228,T22,Y,04,23137,28450,0,ntee-grantmaker:T22;files-990PF;private-foundation:04;name:foundation
60,844374047,DAN & MEG COLLINS FAMILY FOUNDATION INC,Osprey,Sarasota,34229,T99,Y,04,23040,569,0,ntee-grantmaker:T99;files-990PF;private-foundation:04;name:foundation
60,832368107,ROSENTHAL ROOTS FAMILY FOUNDATION INC,Sarasota,Sarasota,34236,T22,Y,04,15447,312,0,ntee-grantmaker:T22;files-990PF;private-foundation:04;name:foundation
60,860872198,VISTA MAKAI FOUNDATION INC,Sarasota,Sarasota,34231,T20Z,Y,04,15391,6018,0,ntee-grantmaker:T20Z;files-990PF;private-foundation:04;name:foundation
60,834151724,DELINE CHARITABLE FOUNDATION INC,Sarasota,Sarasota,34231,T22,Y,04,14930,83600,0,ntee-grantmaker:T22;files-990PF;private-foundation:04;name:foundation
60,020255205,THE PERLMAN FAMILY FOUNDATION INC,Sarasota,Sarasota,34236,T20,Y,04,12128,218900,0,ntee-grantmaker:T20;files-990PF;private-foundation:04;name:foundation
60,922135545,KENDALL FAMILY FOUNDATION INC,Venice,Sarasota,34293,T23,Y,04,11012,1783,0,ntee-grantmaker:T23;files-990PF;private-foundation:04;name:foundation
60,823845200,BENCH FAMILY FOUNDATION INC,Sarasota,Sarasota,34234,T22,Y,04,10693,37,0,ntee-grantmaker:T22;files-990PF;private-foundation:04;name:foundation
60,260362176,MELY & RICK REY FOUNDATION INC,Sarasota,Sarasota,34242,T20,Y,04,10495,1,0,ntee-grantmaker:T20;files-990PF;private-foundation:04;name:foundation
60,273074768,LEWIS W TAUB AND JOANNE T TAUB FAMILY FOUNDATION INC,Lakewood Ranch,Manatee,34202,T20,Y,04,7663,103,0,ntee-grantmaker:T20;files-990PF;private-foundation:04;name:foundation
60,251724052,WEINER FAMILY FOUNDATION,Sarasota,Sarasota,34236,T20Z,Y,04,5603,72001,0,ntee-grantmaker:T20Z;files-990PF;private-foundation:04;name:foundation
60,883894153,SARASOTA CITY FOUNDATION INCORPORATED,Sarasota,Sarasota,34236,T20,Y,04,5404,5138,0,ntee-grantmaker:T20;files-990PF;private-foundation:04;name:foundation
60,467198726,POMPOSI FOUNDATION,Bradenton,Manatee,34211,T20,Y,04,5243,3221,0,ntee-grantmaker:T20;files-990PF;private-foundation:04;name:foundation
60,061562793,FRANK A GUNTHER FOUNDATION INC,Sarasota,Sarasota,34236,T20,Y,04,5218,50000,0,ntee-grantmaker:T20;files-990PF;private-foundation:04;name:foundation
60,650992811,IMAGINE FOUNDATION,Sarasota,Sarasota,34236,T22,Y,04,4430,1,0,ntee-grantmaker:T22;files-990PF;private-foundation:04;name:foundation
60,810738539,TRIVISONNO FOUNDATION,Sarasota,Sarasota,34239,T20,Y,04,4347,1,0,ntee-grantmaker:T20;files-990PF;private-foundation:04;name:foundation
60,331195302,SALMORE FAMILY FOUNDATION INC,Sarasota,Sarasota,34242,T20,Y,04,3068,298,0,ntee-grantmaker:T20;files-990PF;private-foundation:04;name:foundation
60,300881461,THE WILLIAM AND ELIZABETH KAHANE FAMILY FOUNDATION,Sarasota,Sarasota,34236,T20,Y,04,2429,3232,0,ntee-grantmaker:T20;files-990PF;private-foundation:04;name:foundation
60,650753913,EDMUND AND ELIZABETH CAMPBELL FOUNDATION INC,Venice,Sarasota,34285,T20Z,Y,04,2076,1,0,ntee-grantmaker:T20Z;files-990PF;private-foundation:04;name:foundation
60,831044279,MELIORA FOUNDATION INC,Sarasota,Sarasota,34236,T12,Y,04,959,97569,0,ntee-grantmaker:T12;files-990PF;private-foundation:04;name:foundation
60,471637993,BAYCROSS CHRISTIAN FAMILY FOUNDATION INC,Sarasota,Sarasota,34236,T22,Y,04,670,130500,0,ntee-grantmaker:T22;files-990PF;private-foundation:04;name:foundation
60,203973066,MCGILLICUDDY FAMILY FOUNDATION INC,Sarasota,Sarasota,34239,T20,Y,04,600,1,0,ntee-grantmaker:T20;files-990PF;private-foundation:04;name:foundation
60,862294068,SAFE & LOVED FOUNDATION INC,Osprey,Sarasota,34229,T22,Y,04,223,109723,0,ntee-grantmaker:T22;files-990PF;private-foundation:04;name:foundation
60,203347815,DOUGLAS AND JULIA LUMPKIN CHARITABLE FOUNDATION INC,Sarasota,Sarasota,34242,T21,Y,04,105,3200,0,ntee-grantmaker:T21;files-990PF;private-foundation:04;name:foundation
60,203506500,MSC FOUNDATION INC,Sarasota,Sarasota,34236,T22,Y,04,1,89328,0,ntee-grantmaker:T22;files-990PF;private-foundation:04;name:foundation
60,205521563,LARRY AND MARY GREENSPON FOUNDATION INC,Longboat Key,Sarasota,34228,T22,Y,04,1,25,0,ntee-grantmaker:T22;files-990PF;private-foundation:04;name:foundation
60,261856794,LOW-MANCHESTER FOUNDATION,Sarasota,Sarasota,34239,T20,Y,04,1,1,0,ntee-grantmaker:T20;files-990PF;private-foundation:04;name:foundation
60,464949108,BRAD DUNN FOUNDATION INC,Bradenton,Manatee,34203,T23,Y,03,1,1,0,ntee-grantmaker:T23;files-990PF;private-foundation:03;name:foundation
60,472898806,SY & LINDA SHERR FOUNDATION INC,Sarasota,Sarasota,34236,T20,Y,04,1,1,0,ntee-grantmaker:T20;files-990PF;private-foundation:04;name:foundation
60,743218734,GERARD & BARBARA SHAPIRO FAMILY FOUNDATION,Venice,Sarasota,34292,T20,Y,04,1,525,0,ntee-grantmaker:T20;files-990PF;private-foundation:04;name:foundation
60,842767020,HRUBY FAMILY FOUNDATION INC,Palmetto,Manatee,34221,T22,Y,04,1,1,0,ntee-grantmaker:T22;files-990PF;private-foundation:04;name:foundation
60,854273711,COMPASS AMERICA FOUNDATION INC,Nokomis,Sarasota,34275,T12,Y,04,1,50000,0,ntee-grantmaker:T12;files-990PF;private-foundation:04;name:foundation
60,932791725,PETREE FAMILY FOUNDATION INC,Englewood,Sarasota,34224,T20,Y,04,1,1,0,ntee-grantmaker:T20;files-990PF;private-foundation:04;name:foundation
60,993906884,REINHART FAMILY FOUNDATION INC,Sarasota,Sarasota,34237,T22,Y,04,1,1,0,ntee-grantmaker:T22;files-990PF;private-foundation:04;name:foundation
60,412401180,THE DORA GALLIPOLI FOUNDATION INC,Englewood,Sarasota,34223,T22,Y,04,0,0,0,ntee-grantmaker:T22;files-990PF;private-foundation:04;name:foundation
60,810745959,CALLIGAN FAMILY FOUNDATION,Venice,Sarasota,34293,T20,Y,04,0,0,0,ntee-grantmaker:T20;files-990PF;private-foundation:04;name:foundation
60,920390991,DANNY DUNCAN FOUNDATION INC,Englewood,Sarasota,34223,T22,Y,04,0,0,0,ntee-grantmaker:T22;files-990PF;private-foundation:04;name:foundation
60,923996937,NORTON AND PATRICIA BARON CHARITABLE FOUNDATION INC,Longboat Key,Sarasota,34228,T20,Y,04,0,0,0,ntee-grantmaker:T20;files-990PF;private-foundation:04;name:foundation
60,991825379,MINORITY DOCTOR DIRECTORY FOUNDATION,Bradenton,Manatee,34211,T99,Y,04,0,0,0,ntee-grantmaker:T99;files-990PF;private-foundation:04;name:foundation
60,991833524,CARY COHENOUR FOUNDATION INC,Bradenton,Manatee,34211,T20,Y,04,0,0,0,ntee-grantmaker:T20;files-990PF;private-foundation:04;name:foundation
58,273327660,COLLEGE YES INCORPORATED,Sarasota,Sarasota,34232,B82,,16,1,2155,2155,ntee:B82;ntee-education:B82;name:education
58,392782921,VENICE AREA WOMENS COLLEGE CLUB INC,Venice,Sarasota,34293,B82,,16,0,0,0,ntee:B82;ntee-education:B82;name:education
58,472352850,TURN THE PAGE EDUCATIONAL FUND INC,Sarasota,Sarasota,34236,B82,,15,0,0,0,ntee:B82;ntee-education:B82;name:education
55,650533522,BERRY EDUCATIONAL TRUST INC,Longboat Key,Sarasota,34228,T22Z,Y,04,206799,25947,0,ntee-grantmaker:T22Z;files-990PF;private-foundation:04;name:education
53,331012774,TSIC OF SARASOTA COUNTY INC,Sarasota,Sarasota,34234,B82,,15,8037030,1017795,1017667,ntee:B82;ntee-education:B82
53,542067236,THE OAKS WOMENS CLUB INC,Osprey,Sarasota,34229,B82,,16,623623,299982,262921,ntee:B82;ntee-education:B82
53,810724553,KIDS CHANCE OF FLORIDA INC,Sarasota,Sarasota,34230,B82,,16,401484,149600,149600,ntee:B82;ntee-education:B82
53,161776367,HOWARD CLUB OF SOUTHWEST FLORIDA INC,Parrish,Manatee,34219,B82,,15,237767,85920,85920,ntee:B82;ntee-education:B82
53,650636034,WORLD CLASS EDUCATIONAL RESEARCH FOUNDATION INC,Sarasota,Sarasota,34276,B90Z,Y,04,229110,5421,0,files-990PF;private-foundation:04;name:foundation;ntee-education:B90Z;name:education
53,204526203,CHILDREN OF FALLEN SOLDIERS RELIEFFUND INC,Sarasota,Sarasota,34231,B82,,15,124694,103759,103759,ntee:B82;ntee-education:B82
53,473680908,US OPEN EDUCATION RESOURCES FOUNDATION INC,Sarasota,Sarasota,34240,B90,Y,03,40912,1523,0,files-990PF;private-foundation:03;name:foundation;ntee-education:B90;name:education
53,611809501,LEAVEN INC,Sarasota,Sarasota,34238,B82,,15,39976,75000,75000,ntee:B82;ntee-education:B82
53,871914923,MITTENS HELPING HAND CORP,Sarasota,Sarasota,34239,B82,,16,23048,74004,74004,ntee:B82;ntee-education:B82
53,760711222,SIGMA ALPHA LAMBDA INC,Bradenton,Manatee,34209,B82,,16,13703,8400,8400,ntee:B82;ntee-education:B82
53,852432110,ARTHUR AND SUSAN LUGER EDUCATIONAL FOUNDATION INC,Sarasota,Sarasota,34243,B12,Y,04,1,1,0,files-990PF;private-foundation:04;name:foundation;ntee-education:B12;name:education
53,205609214,BWIA MICHIGAN INC,Sarasota,Sarasota,34236,B82,,15,0,0,0,ntee:B82;ntee-education:B82
53,372075279,IT TAKES A VILLAGE INC,Sarasota,Sarasota,34236,B82,,16,0,0,0,ntee:B82;ntee-education:B82
53,392770494,DMT CHARITABLE CORPORATION,Palmetto,Manatee,34221,B82,,15,0,0,0,ntee:B82;ntee-education:B82
53,413112145,SOCRATES EDUCATION FOUNDATION,Sarasota,Sarasota,34241,B99,Y,04,0,0,0,files-990PF;private-foundation:04;name:foundation;ntee-education:B99;name:education
53,413157259,APOLLO EDUCATION FOUNDATION,Sarasota,Sarasota,34241,B99,Y,04,0,0,0,files-990PF;private-foundation:04;name:foundation;ntee-education:B99;name:education
53,413292304,ZEUS EDUCATION FOUNDATION,Sarasota,Sarasota,34241,B99,Y,04,0,0,0,files-990PF;private-foundation:04;name:foundation;ntee-education:B99;name:education
53,451596509,FIVE PEARLS OF EXCELLENCE,Bradenton,Manatee,34212,B82,,15,0,0,0,ntee:B82;ntee-education:B82
53,464348723,BEE RIDGE WOMANS CLUB INC,Sarasota,Sarasota,34276,B82,,16,0,0,0,ntee:B82;ntee-education:B82
53,591718904,ANNA MARIA ISLAND PRIVATEERS INC,Oneco,Manatee,34264,B82,,15,0,0,0,ntee:B82;ntee-education:B82
50,814562993,AD IMPACT,Sarasota,Sarasota,34236,T20,Y,04,108545267,23447800,0,ntee-grantmaker:T20;files-990PF;private-foundation:04
50,146285967,LOUIS AND GLORIA FLANZER PHILANTRHOPIC TR,Sarasota,Sarasota,34236,T20,Y,04,93895705,13829027,0,ntee-grantmaker:T20;files-990PF;private-foundation:04
50,650173371,COMMUNITY FOUNDATION TRUST OF SARASOTA COUNTY,Sarasota,Sarasota,34237,T11,,17,15494610,2550296,827710,name:community-foundation;name:foundation
50,456968359,CARY JAY MORRISON TR DATED DECEMBER 8 2008 AS AMENDED,Sarasota,Sarasota,34231,T20,Y,04,7287837,2782927,0,ntee-grantmaker:T20;files-990PF;private-foundation:04
50,208059666,JERRY L AND FAY E BAINBRIDGE FAMILYFOUNDATION INC,Sarasota,Sarasota,34236,T20,Y,04,5578102,1577936,0,ntee-grantmaker:T20;files-990PF;private-foundation:04
50,201456820,MISDEE WRIGLEY AND JAMES MATHER MILLER,Sarasota,Sarasota,34239,T22,Y,04,4553923,639103,0,ntee-grantmaker:T22;files-990PF;private-foundation:04
50,271564922,BROKEN WHEEL MINISTRIES,Englewood,Sarasota,34223,T20,Y,03,4001227,2302471,0,ntee-grantmaker:T20;files-990PF;private-foundation:03
50,820540623,GETZEN FAMILY CHARITIES INC,Sarasota,Sarasota,34231,T22,Y,04,3770116,722100,0,ntee-grantmaker:T22;files-990PF;private-foundation:04
50,306271110,H GLADSTONE AND BETTY PRITCHARD MCKEON CHARITABLE TR UA 01012011,Sarasota,Sarasota,34239,T12,Y,04,1979277,527961,0,ntee-grantmaker:T12;files-990PF;private-foundation:04
50,656212721,LEWIS E KERN RES CHARITABLE TR UA 070385,Sarasota,Sarasota,34236,T20Z,Y,04,1026315,233708,0,ntee-grantmaker:T20Z;files-990PF;private-foundation:04
50,260563823,ORMOND W DIXON CHARITABLEFOUNDATION,Englewood,Sarasota,34223,T22,Y,04,873782,134309,0,ntee-grantmaker:T22;files-990PF;private-foundation:04
50,816266418,NEWTON IRT FBO BOYS & GIRLS CLUB OF SARASOTA,Sarasota,Sarasota,34236,T20,Y,04,837576,419531,0,ntee-grantmaker:T20;files-990PF;private-foundation:04
50,226614855,MARGARET M LYNSKEY TR,Longboat Key,Sarasota,34228,T20Z,Y,04,799543,99570,0,ntee-grantmaker:T20Z;files-990PF;private-foundation:04
50,223697005,LAURENTI FAMILY CHARITABLE TR,Sarasota,Sarasota,34277,T22,Y,04,775514,174836,0,ntee-grantmaker:T22;files-990PF;private-foundation:04
50,831983302,MARCEL A NICOLAS JR AND MARGUERITE M NICOLAS CHAR FDN INC,Englewood,Sarasota,34295,T20,Y,04,606212,65837,0,ntee-grantmaker:T20;files-990PF;private-foundation:04
50,650056930,PLANTATION COMMUNITY FOUNDATION INC,Venice,Sarasota,34293,,,16,606155,204471,168203,name:community-foundation;name:foundation
50,208104471,ROBERT AND SHERRY ROGERS MDFOUNDATION INC,Sarasota,Sarasota,34238,T20,Y,04,442315,68162,0,ntee-grantmaker:T20;files-990PF;private-foundation:04
50,650967209,WORD PLUS INC,Parrish,Manatee,34219,T22,Y,04,360729,14932,0,ntee-grantmaker:T22;files-990PF;private-foundation:04
50,611757796,RANDOM ACTS OF KINDNESS INC,Sarasota,Sarasota,34240,T20,Y,04,322429,379816,0,ntee-grantmaker:T20;files-990PF;private-foundation:04
50,204010710,LEELA AND MURALI D ATLURU FAMILYFOUNDATION INC,Sarasota,Sarasota,34236,T20,Y,04,213988,38373,0,ntee-grantmaker:T20;files-990PF;private-foundation:04
50,596214582,THE SERTOMA CLUB OF BRADENTON INC,Bradenton,Manatee,34209,T30,,16,176833,146143,109950,name:service-club;ntee-grantmaker:T30
50,204342322,ROTARY FLORIDA PETS INC,Venice,Sarasota,34293,T31,,16,145071,241272,241272,name:service-club;ntee-grantmaker:T31
50,591867552,IVY LEAGUE CLUB SCHOLARSHIP FUND,Sarasota,Sarasota,34230,,,15,137136,58443,19039,name:scholarship
50,046885196,KOBREN FAM CHARITABLE TR,Sarasota,Sarasota,34236,T20,Y,04,111335,6215,0,ntee-grantmaker:T20;files-990PF;private-foundation:04
50,650132057,POP WARNER LITTLE SCHOLARS INC,Sarasota,Sarasota,34276,,,15,77291,273011,273011,name:scholarship
50,760844687,MST FOUNATION,Sarasota,Sarasota,34238,T22,Y,04,50012,5,0,ntee-grantmaker:T22;files-990PF;private-foundation:04
50,356865820,ARBAUGH FAM CHARITABLE TR,Venice,Sarasota,34292,T20,Y,04,48464,7569,0,ntee-grantmaker:T20;files-990PF;private-foundation:04
50,237368554,POP WARNER LITTLE SCHOLARS INC,Venice,Sarasota,34284,N63,,15,38416,342560,312974,name:scholarship
50,464045595,TRI COUNTY COMMUNITY FOUNDATION,Venice,Sarasota,34293,W01,,15,34948,64597,64597,name:community-foundation;name:foundation
50,591861907,SERTOMA INC,Venice,Sarasota,34284,T30,,16,31580,175970,175970,name:service-club;ntee-grantmaker:T30
50,208396657,SHAPOLSKY SIEGEL CHARITABLEFOUNDATION,Sarasota,Sarasota,34236,T20,Y,04,31572,3,0,ntee-grantmaker:T20;files-990PF;private-foundation:04
50,596213279,SERTOMA INC,Sarasota,Sarasota,34230,T30,,16,28083,178338,106869,name:service-club;ntee-grantmaker:T30
50,593361952,POP WARNER LITTLE SCHOLARS INC,North Port,Sarasota,34290,,,15,27814,94477,94477,name:scholarship
50,922077303,ROTARY CLUB AT WELLEN PARK INC,Venice,Sarasota,34293,T99,,16,19413,49083,49083,name:service-club;ntee-grantmaker:T99
50,834029292,MANASOTA CHRISTIAN COMMUNITY FOUNDATION INC,Sarasota,Sarasota,34234,X20,,15,6826,5750,5750,name:community-foundation;name:foundation
50,922342649,UPLIFTING FACES INC,Osprey,Sarasota,34229,T30,Y,04,6107,85,0,ntee-grantmaker:T30;files-990PF;private-foundation:04
50,933856820,YAQAR HARMONY RETREAT,Sarasota,Sarasota,34241,T23,Y,04,3733,13299,0,ntee-grantmaker:T23;files-990PF;private-foundation:04
50,656368603,GREEN CHARITABLE TR UA 050901,Ellenton,Manatee,34222,T23,Y,03,1647,114022,0,ntee-grantmaker:T23;files-990PF;private-foundation:03
50,832017684,LIONHELD INC,Bradenton,Manatee,34202,T99,Y,04,300,4962,0,ntee-grantmaker:T99;files-990PF;private-foundation:04
50,473421579,CREATIVE ARTS LAB INC,Osprey,Sarasota,34229,T20,Y,03,156,1,0,ntee-grantmaker:T20;files-990PF;private-foundation:03
50,332275406,LYN PROJECT INC,Parrish,Manatee,34219,T20,Y,04,0,0,0,ntee-grantmaker:T20;files-990PF;private-foundation:04
50,333301849,PHILADELPHIA COMMUNITY FOUNDATION INC,Sarasota,Sarasota,34234,S20,,16,0,0,0,name:community-foundation;name:foundation
50,542119051,CATHOLIC COMMUNITY FOUNDATION OF SOUTHWEST FLORIDA INC,Venice,Sarasota,34285,X122,,10,0,0,0,name:community-foundation;name:foundation
50,853485716,DAKIN FAMILY SCHOLARSHIP FUND INC,Myakka City,Manatee,34251,K20,,15,0,0,0,name:scholarship
50,854273952,UPPER ROOM COMMUNITY FOUNDATION INC,Bradenton,Manatee,34209,S02,,15,0,0,0,name:community-foundation;name:foundation
50,861375548,MODERN SCHOLARS INCORPORATED,Palmetto,Manatee,34221,O50,,16,0,0,0,name:scholarship
50,920725529,LINK COMMUNITY FOUNDATION,Sarasota,Sarasota,34239,S11,,15,0,0,0,name:community-foundation;name:foundation
48,592243926,WILSON - WOOD FOUNDATION INC,Nokomis,Sarasota,34275,B99Z,Y,04,14916031,2970915,0,files-990PF;private-foundation:04;name:foundation;ntee-education:B99Z
48,372168030,HAYES FAMILY FOUNDATION,Sarasota,Sarasota,34231,B19,Y,04,10041424,10041424,0,files-990PF;private-foundation:04;name:foundation;ntee-education:B19
48,813880345,ROTARY ZONES 33-34 FOUNDATION,Venice,Sarasota,34293,B60,,16,887997,1843625,1843625,name:service-club;name:foundation;ntee-education:B60
48,650211976,VENICE-NOKOMIS ROTARY FOUNDATION INC,Venice,Sarasota,34284,B80Z,,15,473771,138388,70494,name:service-club;name:foundation;ntee-education:B80Z
48,650808807,BEVERLY BEALL AND R KEMP RIECHMANN FOUNDATION INC,Bradenton,Manatee,34206,B82Z,Y,03,268789,175383,0,files-990PF;private-foundation:03;name:foundation;ntee-education:B82Z
48,823512188,PHARIA FOUNDATION,Sarasota,Sarasota,34249,B99,Y,04,93930,80000,0,files-990PF;private-foundation:04;name:foundation;ntee-education:B99
48,881415485,DAVIDSON HAITI FOUNDATION,Bradenton,Manatee,34282,B12,Y,04,77056,127323,0,files-990PF;private-foundation:04;name:foundation;ntee-education:B12
48,371903850,FOUNDATION OF LITERACY VOLUNTEERS OF SOUTH SARASOTA COUNTY,Venice,Sarasota,34285,B60,Y,04,25920,25950,25950,files-990PF;private-foundation:04;name:foundation;ntee-education:B60
48,311609531,DONALD T REGAN CHARITABLE FOUNDATION INC,Sarasota,Sarasota,34233,B50,Y,04,6659,1,0,files-990PF;private-foundation:04;name:foundation;ntee-education:B50
48,453048133,SARASOTA HIGH SCHOOL AICE BOOSTERS INCORPORATED,Sarasota,Sarasota,34239,B11,Y,04,6254,10143,0,files-990PF;private-foundation:04;name:alumni/booster;ntee-education:B11
48,043419905,SAUL B AND NAOMI R COHEN FOUNDATION INC,Sarasota,Sarasota,34231,B82Z,Y,04,646,1,0,files-990PF;private-foundation:04;name:foundation;ntee-education:B82Z
48,931968723,UNIVERSITY OF ALABAMA ALUMNI SARASOTA-MANATEE COUNTY FL CHAPTER,Bradenton,Manatee,34209,B84,Y,04,0,0,0,files-990PF;private-foundation:04;name:alumni/booster;ntee-education:B84
48,934906427,HAILE MIDDLE SCHOOL PTO,Bradenton,Manatee,34212,B94,Y,04,0,0,0,files-990PF;private-foundation:04;name:alumni/booster;ntee-education:B94
45,271285916,DONKOR TENNIS AND EDUCATION FOUNDATION INC,Parrish,Manatee,34219,N66,Y,04,57172,60215,0,files-990PF;private-foundation:04;name:foundation;name:education
45,392186903,MARKOVITZ FAMILY FOUNDATION FOR THE ARTS AND EDUCATION INC,Sarasota,Sarasota,34236,A20,Y,04,0,0,0,files-990PF;private-foundation:04;name:foundation;name:education
43,844771827,ACADEMIC EMPOWERMENT AGENCY INC,Sarasota,Sarasota,34236,B90,Y,04,14331,200,0,files-990PF;private-foundation:04;ntee-education:B90;name:education
43,272238657,STUDENT EDUCATION FUND INC,Sarasota,Sarasota,34232,B12,Y,04,643,1,0,files-990PF;private-foundation:04;ntee-education:B12;name:education
43,650519319,PALMETTO ROTARY EDUCATION FUND,Palmetto,Manatee,34220,B82Z,,16,0,0,0,name:service-club;ntee-education:B82Z;name:education
43,991696734,MIND BODY SPIRIT EDUCATION INC,Sarasota,Sarasota,34238,B80,Y,04,0,0,0,files-990PF;private-foundation:04;ntee-education:B80;name:education
40,363617116,MARGUERITE DELANY HARK FOUNDATION,Venice,Sarasota,34292,,Y,04,174044358,124008009,0,files-990PF;private-foundation:04;name:foundation
40,592708325,MARY PARKER FOUNDATION 25167-0,Bradenton,Manatee,34205,,Y,04,118435114,30469369,0,files-990PF;private-foundation:04;name:foundation
40,521499358,W DALE BROUGHER FOUNDATION INC,Sarasota,Sarasota,34242,,Y,04,67616622,78888887,0,files-990PF;private-foundation:04;name:foundation
40,237059703,ALICE PACK AND L THOMAS MELLY FOUNDATION,Sarasota,Sarasota,34235,,Y,04,23655550,24426927,0,files-990PF;private-foundation:04;name:foundation
40,311483381,ROBERTA LEVENTHAL SUDAKOFF FOUNDATION INC,Sarasota,Sarasota,34237,T60Z,Y,04,17236122,6024874,0,files-990PF;private-foundation:04;name:foundation
40,396058301,TAYLOR FAMILY FOUNDATION INC,Bradenton,Manatee,34208,,Y,04,14282272,2064918,0,files-990PF;private-foundation:04;name:foundation
40,136117615,MOTE SCIENTIFIC FOUNDATION INC,Sarasota,Sarasota,34232,,Y,04,10740282,6288814,0,files-990PF;private-foundation:04;name:foundation
40,854146618,STEVE AND NATALEE HERRIG FAMILY FOUNDATION INC,Bradenton,Manatee,34209,T90,Y,04,9781998,5315473,0,files-990PF;private-foundation:04;name:foundation
40,477410894,MIRNER FAMILY FOUNDATION,Longboat Key,Sarasota,34228,T90,Y,04,9514447,2123189,0,files-990PF;private-foundation:04;name:foundation
40,061514402,RICHARD D DONCHIAN CHARITABLE FOUNDATION INC,Sarasota,Sarasota,34241,,Y,04,9502215,5663948,0,files-990PF;private-foundation:04;name:foundation
40,455537478,SKL FAMILY FOUNDATION,Nokomis,Sarasota,34275,P12,Y,04,8298068,9587153,0,files-990PF;private-foundation:04;name:foundation
40,650405758,JANET AND STANLEY KANE FOUNDATION INC,Sarasota,Sarasota,34236,,Y,04,6317498,160422,0,files-990PF;private-foundation:04;name:foundation
40,522274633,THE CHARLES & CHRISTINE SHIVERY FOUNDATION,Longboat Key,Sarasota,34228,Z99,Y,04,5940841,2231216,0,files-990PF;private-foundation:04;name:foundation
40,061514400,ALMA GIBBS DONCHIAN CHARITABLE FOUNDATION INCORPORATED,Sarasota,Sarasota,34241,,Y,04,5848824,3500061,0,files-990PF;private-foundation:04;name:foundation
40,866473047,DR AND MRS BERNHARD BOECKER FOUNDATION CHARITABLE TR,Sarasota,Sarasota,34235,,Y,04,5421232,988084,0,files-990PF;private-foundation:04;name:foundation
40,650439722,HARRY SUDAKOFF FOUNDATION INC,Sarasota,Sarasota,34237,,Y,04,5120386,1764874,0,files-990PF;private-foundation:04;name:foundation
40,263919566,DONTES DEN FOUNDATION INC,Myakka City,Manatee,34251,D99,Y,03,5082132,815264,0,files-990PF;private-foundation:03;name:foundation
40,650764285,KOSKI FAMILY FOUNDATION INC,Sarasota,Sarasota,34241,Z99Z,Y,04,4947456,3865572,0,files-990PF;private-foundation:04;name:foundation
40,954715236,EDWARD D AND ANNA MITCHELL FAMILY FOUNDATION A DELAWARE CORP,Sarasota,Sarasota,34230,P58,Y,04,4653995,170178,0,files-990PF;private-foundation:04;name:foundation
40,610921414,SCHMIDT FAMILY FOUNDATION INC,Sarasota,Sarasota,34236,A540,Y,04,4647496,913297,0,files-990PF;private-foundation:04;name:foundation
40,871986859,MACEIKONIS FAMILY FOUNDATION,Sarasota,Sarasota,34239,P01,Y,04,3905044,298514,0,files-990PF;private-foundation:04;name:foundation
40,204225372,SARA ROBERTS FOUNDATION INC,Sarasota,Sarasota,34236,D20,Y,04,3110005,370966,0,files-990PF;private-foundation:04;name:foundation
40,237043682,PAUL H PUSEY FOUNDATION,Sarasota,Sarasota,34277,,Y,04,3081933,1483474,0,files-990PF;private-foundation:04;name:foundation
40,596142359,LOUIE R & GERTRUDE MORGAN FOUNDATION INC,Sarasota,Sarasota,34232,,Y,04,2653183,558638,0,files-990PF;private-foundation:04;name:foundation
40,882706164,STUHLEY CHARITABLE FOUNDATION,Nokomis,Sarasota,34275,P20,Y,04,2389219,383722,0,files-990PF;private-foundation:04;name:foundation
40,366840926,PRIOR FAMILY CHARITABLE TRUST,Venice,Sarasota,34285,,Y,04,2285946,1019907,0,files-990PF;private-foundation:04;name:foundation
40,590777857,MAY K HOUCK FOUNDATION,Sarasota,Sarasota,34230,,Y,04,2207107,1009436,0,files-990PF;private-foundation:04;name:foundation
40,873898360,DR STEPHEN AND KIRSTEN HOSMAN FAMILY FOUNDATION INC,Englewood,Sarasota,34224,P12,Y,04,2074533,732749,0,files-990PF;private-foundation:04;name:foundation
40,853423234,GEORGE C PERREAULT FOUNDATION INC,Sarasota,Sarasota,34237,T90,Y,04,2037537,366502,0,files-990PF;private-foundation:04;name:foundation
40,592549476,JAY & BECKY KAISERMAN FOUNDATION,Sarasota,Sarasota,34236,,Y,04,2009575,4607505,0,files-990PF;private-foundation:04;name:foundation
40,465379815,MCCOMB FAMILY FOUNDATION,Sarasota,Sarasota,34239,W99,Y,03,1949376,71316,0,files-990PF;private-foundation:03;name:foundation
40,382680420,MR & MRS WAYNE B LYON FOUNDATION,Terra Ceia,Manatee,34250,,Y,04,1943647,1762176,0,files-990PF;private-foundation:04;name:foundation
40,650632704,ARTHUR S KARP FAMILY FOUNDATION INC,Sarasota,Sarasota,34238,T90Z,Y,04,1891638,494691,0,files-990PF;private-foundation:04;name:foundation
40,650416098,TARR CHARITABLE FAMILY FOUNDATION INC,Sarasota,Sarasota,34237,,Y,04,1873500,291212,0,files-990PF;private-foundation:04;name:foundation
40,656369744,JANICE S KELLY MEMORIAL FOUNDATION,Sarasota,Sarasota,34236,T70,Y,04,1832589,79131,0,files-990PF;private-foundation:04;name:foundation
40,650107997,THE KATHARINA & JOSEPH SCHOBER FOUNDATION INC,Sarasota,Sarasota,34238,,Y,04,1800263,907345,0,files-990PF;private-foundation:04;name:foundation
40,472791467,CURD FAMILY FOUNDATION INC,Sarasota,Sarasota,34236,T50,Y,04,1796215,100288,0,files-990PF;private-foundation:04;name:foundation
40,831948519,HORAN FAMILY FOUNDATION INC,Venice,Sarasota,34285,T50,Y,04,1728025,616570,0,files-990PF;private-foundation:04;name:foundation
40,823774139,JEAN AND WALT KITONIS CHARITABLE FOUNDATION,Venice,Sarasota,34285,T50,Y,04,1672142,70812,0,files-990PF;private-foundation:04;name:foundation
40,521379622,D R LONG FOUNDATION INC,Sarasota,Sarasota,34238,,Y,04,1621495,733944,0,files-990PF;private-foundation:04;name:foundation
40,472599330,YMCA YOUTH FOUNDATION OF THE CENTRAL ATLANTIC AREA,Sarasota,Sarasota,34236,O12,Y,04,1598316,28433,0,files-990PF;private-foundation:04;name:foundation
40,854310694,PINKERTON FAMILY FOUNDATION INC,Venice,Sarasota,34293,P30,Y,04,1551241,1230947,0,files-990PF;private-foundation:04;name:foundation
40,043382941,WILLIAM & GAYLE CHORSKE FAMILY FOUNDATION LTD,Sarasota,Sarasota,34236,T90Z,Y,04,1516624,710688,0,files-990PF;private-foundation:04;name:foundation
40,596153329,SARASOTA KIWANIS FOUNDATION INC,Sarasota,Sarasota,34236,S82Z,,15,1445771,56951,48972,name:service-club;name:foundation
40,357260831,COOK FAMILY FOUNDATION,Sarasota,Sarasota,34238,,Y,04,1395269,498186,0,files-990PF;private-foundation:04;name:foundation
40,331837478,ROPER FOUNDATION INC,Sarasota,Sarasota,34240,P20,Y,04,1388411,1394566,0,files-990PF;private-foundation:04;name:foundation
40,463937481,FOUNDATION FOR THE FIRST PRESBYTERIAN CHURCH OF SARASOTA IN,Sarasota,Sarasota,34237,X11,Y,04,1367370,1400737,0,files-990PF;private-foundation:04;name:foundation
40,946129856,TRACY FOUNDATION,Sarasota,Sarasota,34236,,Y,04,1342534,253409,0,files-990PF;private-foundation:04;name:foundation
40,222624220,RUTHANNE KOFFMAN CHARITABLE FOUNDATION,Sarasota,Sarasota,34232,,Y,04,1333672,471358,0,files-990PF;private-foundation:04;name:foundation
40,592583544,VENICE LIONS CLUB FOUNDATION INC,Venice,Sarasota,34292,S80Z,,16,1319226,115588,106590,name:service-club;name:foundation
40,592480884,BRADENTON ROTARY FOUNDATION INCORPORATED,Bradenton,Manatee,34206,S80Z,,15,1266328,222711,59598,name:service-club;name:foundation
40,650352871,JOHN J & LUCILLE C MADIGAN CHARITABLE FOUNDATION INC,Sarasota,Sarasota,34237,,Y,04,1222837,913266,0,files-990PF;private-foundation:04;name:foundation
40,843991577,BRADLEY FAMILY FOUNDATION TRUST,Longboat Key,Sarasota,34228,T90,Y,04,1192585,261181,0,files-990PF;private-foundation:04;name:foundation
40,311595419,SALIE FAMILY PRIVATE FOUNDATION,Sarasota,Sarasota,34234,X20Z,Y,04,1147808,130670,0,files-990PF;private-foundation:04;name:foundation
40,146049219,LEWIS FOUNDATION,Longboat Key,Sarasota,34228,,Y,04,1146457,254800,0,files-990PF;private-foundation:04;name:foundation
40,136077135,U M R FOUNDATION INC,Sarasota,Sarasota,34230,,Y,04,1141517,48230,0,files-990PF;private-foundation:04;name:foundation
40,232244767,THE JOEL AND GAIL MORGANROTH FAMILY FOUNDATION,Sarasota,Sarasota,34242,,Y,04,1121334,52920,0,files-990PF;private-foundation:04;name:foundation
40,650199642,DAVID LINDSAY FOUNDATION INC,Sarasota,Sarasota,34234,,Y,04,1107525,521172,0,files-990PF;private-foundation:04;name:foundation
40,326176794,STELFOX FOUNDATION 12012010,Sarasota,Sarasota,34239,,Y,04,1069498,49203,0,files-990PF;private-foundation:04;name:foundation
40,650807329,CHARLES L WACKERLE FOUNDATION INC,Sarasota,Sarasota,34233,X21Z,Y,04,1057769,131812,0,files-990PF;private-foundation:04;name:foundation
40,274311259,MARILYN H FARRISH FOUNDATION,Sarasota,Sarasota,34230,T90,Y,04,1053060,346179,0,files-990PF;private-foundation:04;name:foundation
40,237653033,ROSS J BORN AND WENDY G BORN CHARITABLE TRUST,Longboat Key,Sarasota,34228,,Y,04,1049228,519041,0,files-990PF;private-foundation:04;name:foundation
40,236805422,RSN FOUNDATION,Sarasota,Sarasota,34236,,Y,04,1040678,50939,0,files-990PF;private-foundation:04;name:foundation
40,856802069,JATH PRIVATE FOUNDATION,Venice,Sarasota,34293,,Y,04,930551,227058,0,files-990PF;private-foundation:04;name:foundation
40,650946333,RUTLEDGE CHARITABLE FOUNDATION INC,Sarasota,Sarasota,34236,,Y,04,814586,440742,0,files-990PF;private-foundation:04;name:foundation
40,650402203,THE CRAIG AND FLORI ROBERTS FAMILY FOUNDATION INC,Sarasota,Sarasota,34230,,Y,04,741562,102910,0,files-990PF;private-foundation:04;name:foundation
40,136160914,OLIAN FOUNDATION INC,Sarasota,Sarasota,34236,,Y,04,736485,904256,0,files-990PF;private-foundation:04;name:foundation
40,936449273,MERRY S GRAHAM CHARITABLE FOUNDATION TR OF12-9-21,Sarasota,Sarasota,34233,D20,Y,04,707582,29954,0,files-990PF;private-foundation:04;name:foundation
40,651077421,TOOMEY FOUNDATION FOR THE NATURAL SCIENCES INC,Bradenton,Manatee,34208,V21,Y,04,603887,55625,0,files-990PF;private-foundation:04;name:foundation
40,871614606,RIDGEVIEW CHARITABLE FOUNDATION,Sarasota,Sarasota,34231,F22,Y,04,583239,275849,0,files-990PF;private-foundation:04;name:foundation
40,311598507,HAROLD & EVELYN R DAVIS MEMORIAL FOUNDATION INC,Sarasota,Sarasota,34230,T90Z,Y,04,571035,76414,0,files-990PF;private-foundation:04;name:foundation
40,650102106,RUTH M FOY CHARITABLE FOUNDATION INC,Sarasota,Sarasota,34237,,Y,04,543100,386175,0,files-990PF;private-foundation:04;name:foundation
40,650193746,BILL C AND PATRICIA P BROWN CHARITABLE FOUNDATION INC,Sarasota,Sarasota,34236,,Y,04,525732,105549,0,files-990PF;private-foundation:04;name:foundation
40,933968912,DOCTORS IN TRAINING FOUNDATION INC,Sarasota,Sarasota,34238,,Y,03,524011,1015021,0,files-990PF;private-foundation:03;name:foundation
40,592748301,ROBERT K DIXON FOUNDATION INC,Nokomis,Sarasota,34275,,Y,04,509272,311756,0,files-990PF;private-foundation:04;name:foundation
40,874042732,THOMAS D AND PATSY K HOSMAN FAMILY FOUNDATION INC,Englewood,Sarasota,34224,P20,Y,04,494486,157267,0,files-990PF;private-foundation:04;name:foundation
40,842250099,LEMON BAY SUNRISE ROTARY YOUTH ENDOWMENT TRUST,Englewood,Sarasota,34223,T50,,15,462623,16004,16004,name:service-club;name:foundation
40,043575992,DAVIS FAMILY FOUNDATION,Nokomis,Sarasota,34275,T90,Y,04,461481,243726,0,files-990PF;private-foundation:04;name:foundation
40,226042649,GEORGE BARRIE FOUNDATION INC,Sarasota,Sarasota,34236,,Y,04,431614,210636,0,files-990PF;private-foundation:04;name:foundation
40,463417140,ALLAN D SUTTON AND ANITA SUTTON FAMILY FOUNDATION INC,Sarasota,Sarasota,34234,P99,Y,04,431175,83128,0,files-990PF;private-foundation:04;name:foundation
40,136216916,SIMON AND STELLA SHEIB FOUNDATION,Sarasota,Sarasota,34243,,Y,04,409686,317814,0,files-990PF;private-foundation:04;name:foundation
40,873898512,FREDERICK A AND SUSAN HOSMAN FAMILY FOUNDATION INC,Englewood,Sarasota,34223,P12,Y,04,407199,42914,0,files-990PF;private-foundation:04;name:foundation
40,592687165,ROTARY CLUB OF SARASOTA BAY FOUNDATION INC,Sarasota,Sarasota,34230,,,15,405534,31929,31929,name:service-club;name:foundation
40,266690290,JOSEPH B AND NANCY M TYNAN FAMILY FOUNDATION,Holmes Beach,Manatee,34217,T90,Y,04,393250,125038,0,files-990PF;private-foundation:04;name:foundation
40,994164183,STEVE AND JUDY COX FOUNDATION 2 INC,Bradenton,Manatee,34203,P12,Y,04,390167,500000,0,files-990PF;private-foundation:04;name:foundation
40,824709073,VICTOR P AND PATRICIA S MANNING FAMILY FOUNDATION,Venice,Sarasota,34284,,Y,04,360732,65139,0,files-990PF;private-foundation:04;name:foundation
40,650687492,GREATER SARASOTA SERTOMA FOUNDATION INC,Sarasota,Sarasota,34236,E60,,15,359261,102905,102905,name:service-club;name:foundation
40,222766098,STONY BROOK FOUNDATION INC,Sarasota,Sarasota,34236,,Y,04,344905,151859,0,files-990PF;private-foundation:04;name:foundation
40,364960654,JONES FAMILY CHARITABLE FOUNDATION INC,Sarasota,Sarasota,34231,T50,Y,04,332051,20730,0,files-990PF;private-foundation:04;name:foundation
40,873273058,DAVID J AND SHARON L KENWORTHY FAMILY FOUNDATION INC,Sarasota,Sarasota,34236,P30,Y,04,323076,128693,0,files-990PF;private-foundation:04;name:foundation
40,650314860,JOHN O & HELEN YOUNGER CHARITABLE TRUST,Sarasota,Sarasota,34236,,Y,04,320591,173473,0,files-990PF;private-foundation:04;name:foundation
40,472565674,GRATEFUL HEARTS CHARITABLE TRUST,Venice,Sarasota,34285,X20,Y,04,294602,333987,0,files-990PF;private-foundation:04;name:foundation
40,871559529,THOMAS J ZANIOS III FOUNDATION,Osprey,Sarasota,34229,P20,Y,04,262016,127621,0,files-990PF;private-foundation:04;name:foundation
40,136174445,GONDELMAN FOUNDATION INC,Longboat Key,Sarasota,34228,,Y,04,253704,247535,0,files-990PF;private-foundation:04;name:foundation
40,237750564,THE PAPERNICK FAMILY FOUNDATION,Longboat Key,Sarasota,34228,,Y,04,212893,19917,0,files-990PF;private-foundation:04;name:foundation
40,383126025,LARRY AND DORIS KELLY FOUNDATION,Sarasota,Sarasota,34235,,Y,04,209441,109043,0,files-990PF;private-foundation:04;name:foundation
40,436319120,H & R CHARITABLE FOUNDATION,Sarasota,Sarasota,34238,,Y,04,163379,26630,0,files-990PF;private-foundation:04;name:foundation
40,592238543,KIWANIS CLUB OF LONGBOAT KEY FOUNDATION INC,Longboat Key,Sarasota,34228,,,15,153854,112305,69156,name:service-club;name:foundation
40,237044641,THE AURORA FOUNDATION,Bradenton,Manatee,34212,,Y,04,134685,5128,0,files-990PF;private-foundation:04;name:foundation
40,133373753,THE SOUL SUPPORT FOUNDATION INC,Sarasota,Sarasota,34231,,Y,04,133736,69855,0,files-990PF;private-foundation:04;name:foundation
40,562417801,JIMMY DEVELLANO FOUNDATION INC,Sarasota,Sarasota,34236,X22,Y,04,132162,300000,0,files-990PF;private-foundation:04;name:foundation
40,566061641,THE JANE FAMILY FOUNDATION,Sarasota,Sarasota,34240,,Y,04,120631,14260,0,files-990PF;private-foundation:04;name:foundation
40,366053795,HOLLAND FOUNDATION INC,Longboat Key,Sarasota,34228,,Y,04,86877,5284,0,files-990PF;private-foundation:04;name:foundation
40,452041318,ROTARY CLUB OF SARASOTA SOUTHSIDE FOUNDATION INC,Sarasota,Sarasota,34236,H12,,15,86653,105911,85727,name:service-club;name:foundation
40,582436064,INDIA BENTON LESSER FOUNDATION,Sarasota,Sarasota,34240,T11,Y,04,74792,70147,0,files-990PF;private-foundation:04;name:foundation
40,341919765,BLESSED FOUNDATION,Bradenton,Manatee,34202,K30,Y,04,61918,1728,0,files-990PF;private-foundation:04;name:foundation
40,825458678,KRETZMER FAMILY CHARITABLE FOUNDATION INC,Sarasota,Sarasota,34236,T90,Y,04,60876,1863529,0,files-990PF;private-foundation:04;name:foundation
40,842039141,LEMON BAY SUNRISE ROTARY FOUNDATION INC,Englewood,Sarasota,34223,T50,,15,59779,149233,87156,name:service-club;name:foundation
40,366169189,SHELDON J SANDMAN FAMILY FOUNDATION,Siesta Key,Sarasota,34242,,Y,04,40823,42454,0,files-990PF;private-foundation:04;name:foundation
40,592570514,ASHBY FOUNDATION INC,Sarasota,Sarasota,34236,,Y,04,40265,1803,0,files-990PF;private-foundation:04;name:foundation
40,465520735,HAROLD & MURIEL BERKMAN CHARITABLE FOUNDATION INC,Lakewood Ranch,Manatee,34202,P99,Y,04,34611,93266,0,files-990PF;private-foundation:04;name:foundation
40,823795197,FEEDING HOMELESS FELINES FOUNDATION,Sarasota,Sarasota,34239,D20,Y,03,29369,53262,0,files-990PF;private-foundation:03;name:foundation
40,596214460,GLOBAL EXPEDITIONS GROUP FOUNDATION INC,Sarasota,Sarasota,34236,,Y,04,21689,1,0,files-990PF;private-foundation:04;name:foundation
40,470738977,JULIET M HANSON FOUNDATION,Sarasota,Sarasota,34233,,Y,04,21030,1488,0,files-990PF;private-foundation:04;name:foundation
40,571185227,INTERNATIONAL BODYTALK FOUNDATION INC,Nokomis,Sarasota,34275,H05,Y,04,16428,3189,0,files-990PF;private-foundation:04;name:foundation
40,436028906,PRICE FOUNDATION,Sarasota,Sarasota,34232,,Y,04,16320,111,0,files-990PF;private-foundation:04;name:foundation
40,934865681,TREY DESENBERG CHARITABLE FOUNDATION INC,Sarasota,Sarasota,34230,P20,Y,04,8635,18458,0,files-990PF;private-foundation:04;name:foundation
40,823721645,MICHAEL AND LORETTA RUSSO FOUNDATION INC,Sarasota,Sarasota,34240,P20,Y,04,8409,34315,0,files-990PF;private-foundation:04;name:foundation
40,592304897,KIWANIS CLUB OF ANNA MARIA ISLAND FOUNDATION INC,Holmes Beach,Manatee,34217,,,15,6500,6500,6500,name:service-club;name:foundation
40,363650553,LIBMAN FAMILY FOUNDATION 220 N SHELDON ST ARCOLA,Longboat Key,Sarasota,34228,,Y,04,5530,61710,0,files-990PF;private-foundation:04;name:foundation
40,010678905,ALL THE BUNNIES FOUNDATION INC,Sarasota,Sarasota,34237,E70,Y,03,4560,2510,0,files-990PF;private-foundation:03;name:foundation
40,846977087,ODDANGELS FOUNDATION,Longboat Key,Sarasota,34228,A20,Y,04,4441,70,0,files-990PF;private-foundation:04;name:foundation
40,993947419,THE SWORD AND THE TROWEL FOUNDATION INC,Longboat Key,Sarasota,34228,X20,Y,04,4416,5540,0,files-990PF;private-foundation:04;name:foundation
40,311774144,BRINCK FAMILY FOUNDATION INC,Holmes Beach,Manatee,34217,E400,Y,04,3012,1000,0,files-990PF;private-foundation:04;name:foundation
40,460941980,GARRETT FAMILY FOUNDATION,Bradenton,Manatee,34201,O50,Y,04,2942,1800,0,files-990PF;private-foundation:04;name:foundation
40,472786522,GURRENTZ FAMILY FOUNDATION INC,Longboat Key,Sarasota,34228,X20,Y,04,2752,1541,0,files-990PF;private-foundation:04;name:foundation
40,460556767,NEIMAN FAMILY FOUNDATION,Bradenton,Manatee,34203,X20,Y,04,2183,66903,0,files-990PF;private-foundation:04;name:foundation
40,462905076,CONSNEGO FOUNDATION,Sarasota,Sarasota,34243,T11,Y,04,1623,4775,0,files-990PF;private-foundation:04;name:foundation
40,863077455,RAMSAY FAMILY FOUNDATION,Venice,Sarasota,34293,P99,Y,04,1000,1,0,files-990PF;private-foundation:04;name:foundation
40,650281614,CHARLOTTE GEYER FOUNDATION,Sarasota,Sarasota,34236,,Y,04,736,318123,0,files-990PF;private-foundation:04;name:foundation
40,472075674,EDNA MAY FAIRBANKS FOUNDATION INC,Bradenton,Manatee,34203,G84,Y,04,1,1,0,files-990PF;private-foundation:04;name:foundation
40,593629517,BILL AND MARY LOU JOHSON FAMILY FOUNDATION INC,Longboat Key,Sarasota,34228,,Y,04,1,1,0,files-990PF;private-foundation:04;name:foundation
40,884100087,STREETS OF GLORY FAMILY FOUNDATION,Bradenton,Manatee,34208,I11,Y,04,1,5000,0,files-990PF;private-foundation:04;name:foundation
40,996648173,SHIRLEY M SONTHEIMER FAMILY FOUNDATION UAD 06-21-2024,Bradenton,Manatee,34202,T90,Y,04,1,1,0,files-990PF;private-foundation:04;name:foundation
40,300575369,THE KIWANIS CLUB OF MANATEE SUNRISE FOUNDATION INC,Bradenton,Manatee,34206,P30,,16,0,0,0,name:service-club;name:foundation
40,332453834,FRANK J & LENORA DUPUIS CHARITABLE FOUNDATION,Osprey,Sarasota,34229,P20,Y,04,0,0,0,files-990PF;private-foundation:04;name:foundation
40,333375135,STEVEN AND ELEANOR HAUSSIER FOUNDATION INC,Longboat Key,Sarasota,34228,P99,Y,04,0,0,0,files-990PF;private-foundation:04;name:foundation
40,352808066,ROCKYS FOUNDATION INC,North Port,Sarasota,34286,L01,Y,04,0,0,0,files-990PF;private-foundation:04;name:foundation
40,392212892,LIBBY AND RICK RENICK FOUNDATION INC,Sarasota,Sarasota,34241,O99,Y,04,0,0,0,files-990PF;private-foundation:04;name:foundation
40,542067657,SIESTA KEY KIWANIS CLUB FOUNDATION INC,Sarasota,Sarasota,34238,P80,,16,0,0,0,name:service-club;name:foundation
40,592307765,SARASOTA GULF GATE ROTARY FOUNDATION INC,Sarasota,Sarasota,34231,,,16,0,0,0,name:service-club;name:foundation
40,592812994,ROTARY CLUB OF SARASOTA SUNRISE FOUNDATION INC,Sarasota,Sarasota,34230,,,15,0,0,0,name:service-club;name:foundation
40,650123355,SUNCOAST OPTIMIST FOUNDATION INC,Sarasota,Sarasota,34237,,,15,0,0,0,name:service-club;name:foundation
40,812483095,KIWANIS FOUNDATION OF ENGLEWOOD-CAPE HAZE,Englewood,Sarasota,34224,T50,,16,0,0,0,name:service-club;name:foundation
40,831972432,KIWANIS FOUNDATION OF NORTH PORT INC,North Port,Sarasota,34290,,,16,0,0,0,name:service-club;name:foundation
40,841866751,HAYG FOUNDATION INC,Longboat Key,Sarasota,34228,Q33,Y,04,0,0,0,files-990PF;private-foundation:04;name:foundation
40,842057438,KIWANIS CLUB OF VENICE FLORIDA FOUNDATION INC,Nokomis,Sarasota,34275,P30,,16,0,0,0,name:service-club;name:foundation
40,861855950,ROTARY CLUB OF ENGLEWOOD FOUNDATION INC,Englewood,Sarasota,34295,T50,,16,0,0,0,name:service-club;name:foundation
40,862322939,ANYA ELYSE LA MAR FOUNDATION INC,Venice,Sarasota,34292,G12,Y,03,0,0,0,files-990PF;private-foundation:03;name:foundation
40,863874040,LEMON BAY ATHLETICS FOUNDATION INC,Englewood,Sarasota,34224,N12,Y,04,0,0,0,files-990PF;private-foundation:04;name:foundation
40,931825777,ONCC FOUNDATION INC,Sarasota,Sarasota,34238,T50,Y,04,0,0,0,files-990PF;private-foundation:04;name:foundation
40,932243879,NEIL HUMPHREY SR FOUNDATION,Sarasota,Sarasota,34234,O12,Y,04,0,0,0,files-990PF;private-foundation:04;name:foundation
40,934133207,LIV FOUNDATION INC,Sarasota,Sarasota,34242,H30,Y,04,0,0,0,files-990PF;private-foundation:04;name:foundation
40,934376756,HURRICANE BASKETBALL BOOSTERS CLUB,Bradenton,Manatee,34205,N12,Y,04,0,0,0,files-990PF;private-foundation:04;name:alumni/booster
40,991225329,SINCERE CARE FOUNDATION,Bradenton,Manatee,34210,E11,Y,04,0,0,0,files-990PF;private-foundation:04;name:foundation
38,921284211,KIDS ARK ABC,Sarasota,Sarasota,34238,B99,Y,04,1208730,1343081,0,files-990PF;private-foundation:04;ntee-education:B99
38,656180303,LESLIE P OBERLEDER PROFESSOR OF GERIATRIC MEDICINE,Venice,Sarasota,34292,B99Z,Y,04,464196,154808,0,files-990PF;private-foundation:04;ntee-education:B99Z
38,831919219,HOLLYS HOPE OF NORTH PORT,North Port,Sarasota,34287,B01,Y,04,22401,2808,0,files-990PF;private-foundation:04;ntee-education:B01
38,824074295,GLOBE LEADERSHIP,Bradenton,Manatee,34211,B99,Y,04,1720,103679,0,files-990PF;private-foundation:04;ntee-education:B99
38,333028194,HEALING HEARTS WITH HOOVES INC,Bradenton,Manatee,34209,B28,Y,04,0,0,0,files-990PF;private-foundation:04;ntee-education:B28
38,883912458,FLORIDA GONSTEAD CHIROPRACTIC SOCIETY INC,Sarasota,Sarasota,34233,B90,Y,04,0,0,0,files-990PF;private-foundation:04;ntee-education:B90
38,934415775,GOD RAISING INCREDIBLE PARENTS INC,Sarasota,Sarasota,34231,B90,Y,04,0,0,0,files-990PF;private-foundation:04;ntee-education:B90
38,991603184,HELPALLVETS,Venice,Sarasota,34293,B12,Y,04,0,0,0,files-990PF;private-foundation:04;ntee-education:B12
35,592749952,NORMAN E PETERSON AND DIANA LAGER PETERSON EDUCATIONAL FUND INC,Sarasota,Sarasota,34235,,Y,04,1100818,351984,0,files-990PF;private-foundation:04;name:education
35,815170404,FROM CRADLE TO COLLEGE FOUNDATION,Palmetto,Manatee,34220,T30,,15,194913,328000,328000,ntee-grantmaker:T30;name:foundation;name:education
35,851620895,WHOLEHEARTED EDUCATION INC,Sarasota,Sarasota,34235,A90,Y,04,0,0,0,files-990PF;private-foundation:04;name:education
33,273308970,COREY TINDALL MEMORIAL SPEECH & DEBATE FUND,Sarasota,Sarasota,34241,B11,,15,0,0,0,name:memorial-fund;ntee-education:B11
30,943059858,GALASHIELS FUND LTD,Sarasota,Sarasota,34236,,Y,04,150611966,26450199,0,files-990PF;private-foundation:04
30,274357830,NEMA FOUNDATION INC,Sarasota,Sarasota,34234,T30,,15,32581469,43309295,30496474,ntee-grantmaker:T30;name:foundation
30,926200770,DR LARRY & ANN LAIKS CHARITABLE TR UAD 31 OCT 2000 AS AMENDED,Sarasota,Sarasota,34236,H30,Y,04,18377456,8440742,0,files-990PF;private-foundation:04
30,202182079,ALL STAR CHILDRENS FOUNDATION INC,Sarasota,Sarasota,34235,T12,,15,10538367,4016613,3854498,ntee-grantmaker:T12;name:foundation
30,650771320,ST STEPHENS EPISCOPAL SCHOOL ENDOWMENT FUND TR,Bradenton,Manatee,34209,T22Z,,17,8321546,2155893,323922,ntee-grantmaker:T22Z;name:foundation
30,330365751,CENTER FOR FAITH AND FREEDOM INC,Lakewood Ranch,Manatee,34202,X80,Y,04,7615698,990616,0,files-990PF;private-foundation:04
30,270328538,MARIETTA MUSEUM OF ART & WHIMSY INC,Sarasota,Sarasota,34234,A50,Y,03,5936595,2267601,0,files-990PF;private-foundation:03
30,753109465,BRADENTON MISSIONARY VILLAGE INC,Bradenton,Manatee,34212,L20,Y,04,4126820,2301602,0,files-990PF;private-foundation:04
30,590826963,SOCIETY FOR THE PREVENTION OF CRUELTY TO ANIMALS OF MANATEE CO,Bradenton,Manatee,34205,,Y,03,4067365,1737668,0,files-990PF;private-foundation:03
30,582611428,LORDSHIP FOUNDATION INC,Sarasota,Sarasota,34234,T20,,15,3318623,723107,542603,ntee-grantmaker:T20;name:foundation
30,650027497,ENGLEWOOD LODGE NO 1933 LOYAL ORDER OF MOOSE,Englewood,Sarasota,34223,,,00,3145485,3025881,1837193,name:service-club
30,853274231,PATRIOT HILL RANCH INC,Parrish,Manatee,34219,W30,Y,03,3005678,424450,0,files-990PF;private-foundation:03
30,591306916,VENICE LODGE NO 1308 LOYAL ORDER OF MOOSE,Venice,Sarasota,34292,,,00,2731162,2294981,1497666,name:service-club
30,264821354,BENEVOLENT & PROTECTIVE ORDER OF ELKS OF THE USA,Bradenton,Manatee,34211,,,00,2501909,751336,546615,name:service-club
30,591197351,BENEVOLENT & PROTECTIVE ORDER OF ELKS OF THE USA,Englewood,Sarasota,34223,,,00,2437199,902296,593735,name:service-club
30,596159037,JUNIOR LEAGUE OF SARASOTA INC,Sarasota,Sarasota,34239,S810,,16,2376857,506169,406635,name:service-club
30,371472181,WETHERINGTON FOUNDATION INC,Sarasota,Sarasota,34237,T30,,17,2310904,1040570,466333,ntee-grantmaker:T30;name:foundation
30,590840052,BRADENTON LODGE NO 1223 LOYAL ORDER OF MOOSE,Bradenton,Manatee,34203,,,00,2183588,1214904,979016,name:service-club
30,912029762,GULF COVE LODGE NO 2554 LOYAL ORDER OF MOOSE,Englewood,Sarasota,34224,,,00,1863594,1329036,957825,name:service-club
30,650392921,MANATEE MEMORIAL FOUNDATION INC,Bradenton,Manatee,34208,T30,,15,1670363,2286053,1379638,ntee-grantmaker:T30;name:foundation
30,592363059,NORTH PORT LODGE NO 764 LOYAL ORDER OF MOOSE,North Port,Sarasota,34287,,,00,1476176,1235355,747839,name:service-club
30,650374386,EXCHANGE CLUB FAMILY PARTNERSHIP CENTER OF MANATEE COUNTY INC,Bradenton,Manatee,34208,I72,,15,1439299,1170658,1170658,name:service-club
30,113450782,STARS IN THE FOREST WILDLIFE REHABILITATION INC,North Port,Sarasota,34291,D340,Y,03,1319976,116,0,files-990PF;private-foundation:03
30,850653509,CHURCHSHARE BIBLE INSTITUTE INC,Sarasota,Sarasota,34236,X20,Y,04,1205820,37508,0,files-990PF;private-foundation:04
30,590232970,BENEVOLENT & PROTECTIVE ORDER OF ELKS OF THE USA,Bradenton,Manatee,34209,,,00,1183829,626273,434287,name:service-club
30,596151488,MANATEE RIVER YOUTH SAILING INC,Palmetto,Manatee,34221,,Y,04,1128169,204665,0,files-990PF;private-foundation:04
30,200810910,BENEVOLENT & PROTECTIVE ORDER OF ELKS OF THE USA,Sarasota,Sarasota,34233,,,00,1126677,396753,226261,name:service-club
30,590320101,KIWANIS INTERNATIONAL INC,Bradenton,Manatee,34205,,,00,1032086,738654,718004,name:service-club
30,510143750,GULF GATE LODGE NO 608 LOYAL ORDER OF MOOSE,Sarasota,Sarasota,34231,,,00,1006886,484875,298585,name:service-club
30,651119411,ROTARY CLUB OF LAKEWOOD RANCH INC,Lakewood Ranch,Manatee,34202,Z99,,15,976392,689819,496694,name:service-club
30,650064400,BENEVOLENT & PROTECTIVE ORDER OF ELKS OF THE USA,Bradenton,Manatee,34207,,,00,929427,720446,496638,name:service-club
30,510425506,VILLAGE GROUP PARTNERS INC,Bradenton,Manatee,34208,L20,Y,04,834569,60580,0,files-990PF;private-foundation:04
30,591006882,PALMETTO LODGE NO 2117 LOYAL ORDER OF MOOSE,Palmetto,Manatee,34221,,,00,834432,1444688,1266227,name:service-club
30,816269898,NEWTON IRRV TR FBO GULF COAST HERITAGE ASSOCIATION,Sarasota,Sarasota,34236,A11,Y,04,698831,155955,0,files-990PF;private-foundation:04
30,273027214,HERON CREEK COMMUNTIY FOUNDATION,North Port,Sarasota,34290,T31,,16,537712,137237,137237,ntee-grantmaker:T31;name:foundation
30,590622074,SARASOTA MOOSE LODGE 1319,Sarasota,Sarasota,34234,,,00,499254,388629,286101,name:service-club
30,020583160,ROTARY FUTURES PROGRAM INC,Venice,Sarasota,34285,P99,,15,443257,204208,172634,name:service-club
30,455472110,SERTOMA KIDS INC,Sarasota,Sarasota,34231,E50,,15,432644,297068,297068,name:service-club
30,591173928,BENEVOLENT & PROTECTIVE ORDER OF ELKS OF THE USA,Palmetto,Manatee,34220,Y40Z,,00,387769,286122,179172,name:service-club
30,043166031,FIVE TALENT FUND,Bradenton,Manatee,34209,,Y,04,244908,285095,0,files-990PF;private-foundation:04
30,854232393,RASM REALTORS CHARITABLE FOUNDATION INC,Sarasota,Sarasota,34232,T12,,16,195249,344853,311543,ntee-grantmaker:T12;name:foundation
30,391686098,LIEBERMAN JAY M & JOAN K CHARITABLE FUND,Longboat Key,Sarasota,34228,,Y,04,177563,109718,0,files-990PF;private-foundation:04
30,272372559,DENISE AMBER LEE FOUNDATION INC,Englewood,Sarasota,34223,T20,,15,167379,1025289,1025289,ntee-grantmaker:T20;name:foundation
30,596848598,WAYNNE WILLIAM JOHNSON CHARITABLE TR,Sarasota,Sarasota,34236,,Y,04,166453,24553,0,files-990PF;private-foundation:04
30,592345073,THE PALMETTO HISTORICAL COMMISSION INC,Palmetto,Manatee,34221,A80,Y,03,163212,9309,0,files-990PF;private-foundation:03
30,046740855,VERROCHI FAM CHARITABLE TR UDT 082193,Sarasota,Sarasota,34236,,Y,04,163211,7023,0,files-990PF;private-foundation:04
30,650488800,ROTARY GIFT OF LIFE OF FLORIDA INC,Sarasota,Sarasota,34230,P20,,15,148574,89726,65859,name:service-club
30,352488818,ELKS FEEDING EMPTY LITTLE TUMMIES,Bradenton,Manatee,34209,K31,,15,114439,122778,122778,name:service-club
30,833723361,LEE & BOB PETERSON FOUNDATION INC,Sarasota,Sarasota,34231,T30,,16,89266,370972,0,ntee-grantmaker:T30;name:foundation
30,863080810,GULF COAST SPORTS GROUP INCORPORATED,Sarasota,Sarasota,34234,,Y,04,84700,84700,0,files-990PF;private-foundation:04
30,846465601,BLS MINISTRIES CHARITABLE TR,Venice,Sarasota,34293,X20,Y,04,83084,17208,0,files-990PF;private-foundation:04
30,844063238,GLOBAL HELP MINISTRY INC,Palmetto,Manatee,34220,X12,Y,04,82687,34474,0,files-990PF;private-foundation:04
30,650297084,THE MANASOTA THEATRE ORGAN SOCIETY INC,Sarasota,Sarasota,34241,,Y,04,81596,12100,0,files-990PF;private-foundation:04
30,591873975,JUNIOR LEAGUE OF MANATEE COUNTY INC,Bradenton,Manatee,34280,S810,,16,80280,39932,39932,name:service-club
30,591004666,ROTARY INTERNATIONAL,Englewood,Sarasota,34295,,,00,79139,79371,57178,name:service-club
30,046048445,ARONSON FAMILY TRUST,Sarasota,Sarasota,34243,,Y,04,72865,21051,0,files-990PF;private-foundation:04
30,592479275,ROTARY INTERNATIONAL,Bradenton,Manatee,34205,P20,,15,67234,81395,66745,name:service-club
30,650385078,SERTOMA INC,Venice,Sarasota,34284,,,16,66386,114164,45857,name:service-club
30,932452176,PARRISH ELKS LODGE 2889 BENEVOLENT AND PROTECTIVE ORDER OF ELKS OF,Parrish,Manatee,34219,,,00,55849,56273,56273,name:service-club
30,596153264,ROTARY INTERNATIONAL,Sarasota,Sarasota,34230,,,00,52378,124520,124520,name:service-club
30,596143545,ROTARY INTERNATIONAL,Sarasota,Sarasota,34230,,,00,47630,47021,47021,name:service-club
30,850580517,CENTER FOR TRANSPERSONAL PSYCHIATRY,Sarasota,Sarasota,34240,E32,Y,04,47441,22,0,files-990PF;private-foundation:04
30,203530145,TINY HANDS FOUNDATION INC,Nokomis,Sarasota,34275,T30,,15,42042,16827,16827,ntee-grantmaker:T30;name:foundation
30,872658045,WEST COAST CONFERENCE WMS,Sarasota,Sarasota,34243,X21,Y,04,35556,145484,0,files-990PF;private-foundation:04
30,464384553,IT WORKS GIVES BACK FOUNDATION INC,Palmetto,Manatee,34221,T12,,15,34808,41400,41400,ntee-grantmaker:T12;name:foundation
30,872342376,BEATS FOR BUB,Parrish,Manatee,34219,E60,Y,03,34598,38706,0,files-990PF;private-foundation:03
30,472278076,ROTARY LBK CHARITABLE FUND,Longboat Key,Sarasota,34228,W99,,15,26504,27789,27789,name:service-club
30,463991832,OUR PLACE COMMUNITY RECREATION AND TRAINING SUPPORTS SERVICES INC,North Port,Sarasota,34286,P82,Y,04,25489,10262,0,files-990PF;private-foundation:04
30,650233225,ROTARY INTERNATIONAL,Englewood,Sarasota,34223,,,00,25447,98340,86637,name:service-club
30,461410308,PROJECT PHOENIX INCORPORATED,Englewood,Sarasota,34223,Z99,Y,03,25011,245373,0,files-990PF;private-foundation:03
30,237410010,ROTARY INTERNATIONAL,Venice,Sarasota,34284,,,00,23992,90433,90433,name:service-club
30,596138574,ROTARY INTERNATIONAL,Bradenton,Manatee,34206,,,00,21944,45208,45208,name:service-club
30,814354743,ZETA PHI FOUNDATION INC,Bradenton,Manatee,34208,T12,,00,21727,6970,3870,ntee-grantmaker:T12;name:foundation
30,922461179,SUNCOAST SCOTS INC,Nokomis,Sarasota,34274,N52,Y,04,19795,20340,0,files-990PF;private-foundation:04
30,591934386,NORTH PORT SENIOR CENTER INC,North Port,Sarasota,34287,P20,Y,03,18305,22946,0,files-990PF;private-foundation:03
30,463784363,PALM AIRE WOMEN S CLUB INC,Bradenton,Manatee,34204,W12,Y,04,15431,41948,0,files-990PF;private-foundation:04
30,843425595,FANDANGO SANCTUARY INC,Englewood,Sarasota,34223,D20,Y,03,15177,55268,0,files-990PF;private-foundation:03
30,991189217,CREATIVE KIDS SRQ,Sarasota,Sarasota,34234,A25,Y,04,11311,63430,0,files-990PF;private-foundation:04
30,237176844,KIWANIS INTERNATIONAL INC,Longboat Key,Sarasota,34228,S82Z,,00,11026,3455,3455,name:service-club
30,223198097,JUST 4 KIDS FOUNDATION INC,Parrish,Manatee,34219,T30Z,,15,10472,0,0,ntee-grantmaker:T30Z;name:foundation
30,611093858,NEHEMIAH INSTITUTE INC,Sarasota,Sarasota,34238,X01,Y,04,10248,92322,0,files-990PF;private-foundation:04
30,873117135,MANATEE WILDCATS YOUTH SPORTS INC,Bradenton,Manatee,34209,N60,Y,04,9926,230636,0,files-990PF;private-foundation:04
30,455076119,RIDE THE BEACHES INC,Nokomis,Sarasota,34275,W19,Y,04,9439,64829,0,files-990PF;private-foundation:04
30,934090824,ORIGINAL DOGS CORP,Nokomis,Sarasota,34275,W99,Y,04,8004,33728,0,files-990PF;private-foundation:04
30,834390156,TURNING WITH A VISION CORP,Bradenton,Manatee,34202,G41,Y,03,7673,22,0,files-990PF;private-foundation:03
30,932166720,VOC MANATEE INC,Bradenton,Manatee,34212,,Y,04,5065,14505,0,files-990PF;private-foundation:04
30,596152218,KIWANIS INTERNATIONAL INC,Venice,Sarasota,34285,,,00,4425,7526,7526,name:service-club
30,824568899,FEMTO RESEARCH INC,Sarasota,Sarasota,34240,U40,Y,03,3723,1,0,files-990PF;private-foundation:03
30,922218436,FIRST RESPONDERS FOR DEMOCRACY,Bradenton,Manatee,34211,R05,Y,04,3512,2810,0,files-990PF;private-foundation:04
30,333371634,GLORIOUS GOSPEL MINISTRIES,Ellenton,Manatee,34222,X20,Y,04,2307,24807,0,files-990PF;private-foundation:04
30,992508513,100 COMMUNITY DEVELOPMENT CENTER,North Port,Sarasota,34287,P20,Y,04,1949,1949,0,files-990PF;private-foundation:04
30,871519859,BRINGING INTIMACY BACK INC,Sarasota,Sarasota,34236,F11,Y,04,1372,6250,0,files-990PF;private-foundation:04
30,611913004,HIS CHILDREN OF THE LIGHT MINISTRIES INC,Bradenton,Manatee,34204,M20,Y,04,1178,4800,0,files-990PF;private-foundation:04
30,883438614,MANGROVE MISSION INC,Bradenton,Manatee,34210,C40,Y,04,858,11485,0,files-990PF;private-foundation:04
30,920334179,WOMENS CROQUET ASSOCIATION INC,Venice,Sarasota,34285,N99,Y,04,800,1,0,files-990PF;private-foundation:04
30,994148100,WOMEN VETERANS OF THE SUN COAST INC,Bradenton,Manatee,34205,W30,Y,04,600,1516,0,files-990PF;private-foundation:04
30,475389469,INSTITUTE FOR ADAPTIVE OPTICS IN HUMAN VISION,Sarasota,Sarasota,34243,U40,Y,04,110,95960,0,files-990PF;private-foundation:04
30,301405767,EIO RESCUE RANCH CORP,Myakka City,Manatee,34251,D20,Y,04,1,44365,0,files-990PF;private-foundation:04
30,332180862,SEIKO SPORT SRQ CORP,Sarasota,Sarasota,34243,N99,Y,04,1,1,0,files-990PF;private-foundation:04
30,336628714,WHIPPLE FAMILY CHARITABLE TR,Bradenton,Manatee,34202,D20,Y,04,1,1,0,files-990PF;private-foundation:04
30,831196196,PUSH 2 INSPIRE,Sarasota,Sarasota,34232,P20,Y,04,1,1,0,files-990PF;private-foundation:04
30,831832393,VIVIENDO CON ANGELES SRQ INC,Sarasota,Sarasota,34241,A20,Y,04,1,1,0,files-990PF;private-foundation:04
30,833271790,M&M MISSION INC,Palmetto,Manatee,34221,T50,Y,04,1,28699,0,files-990PF;private-foundation:04
30,833681023,GRACE RECOVERY WOMANS HOME INC,Bradenton,Manatee,34212,F20,Y,04,1,21800,0,files-990PF;private-foundation:04
30,882961901,STARS IN THE FOREST ANIMAL SANCTUARY INC,North Port,Sarasota,34291,D34,Y,03,1,1,0,files-990PF;private-foundation:03
30,237520606,WOMEN OF THE MOOSE,Venice,Sarasota,34291,,,00,0,0,0,name:service-club
30,260057064,GULF COVE CHAPTER 2252 WOMEN OF THE MOOSE,Englewood,Sarasota,34224,,,00,0,0,0,name:service-club
30,261201470,PAUL SCHULTE FOUNDATION INC,Oneco,Manatee,34264,T30,,15,0,0,0,ntee-grantmaker:T30;name:foundation
30,270672654,NATIONAL EXCHANGE CLUB,Palmetto,Manatee,34221,,,00,0,0,0,name:service-club
30,274149749,ROTARY INTERNATIONAL,Sarasota,Sarasota,34238,,,00,0,0,0,name:service-club
30,320467696,SAVE A LEG SAVE A LIFE FOUNDATION INC,Bradenton,Manatee,34208,T30,,15,0,0,0,ntee-grantmaker:T30;name:foundation
30,392119860,SURE AND STEADFAST FOUNDATION INCORPORATED,Sarasota,Sarasota,34240,T99,,16,0,0,0,ntee-grantmaker:T99;name:foundation
30,392184826,ETERNAL COVENANT FOOD PANTRY,Parrish,Manatee,34219,K31,Y,03,0,0,0,files-990PF;private-foundation:03
30,393318448,LIVING STONE HOMES,Parrish,Manatee,34219,L20,Y,04,0,0,0,files-990PF;private-foundation:04
30,393663567,SERTOMA SPEECH CLINIC OF VENICE INC,Venice,Sarasota,34285,E50,,15,0,0,0,name:service-club
30,394473442,HEART OF JUNIPER INC,Sarasota,Sarasota,34233,O20,Y,04,0,0,0,files-990PF;private-foundation:04
30,396820793,H R & K A DOMBROWSKI CHAR FDN TR 10 02 2024,Sarasota,Sarasota,34233,,Y,04,0,0,0,files-990PF;private-foundation:04
30,412954071,KATHRYN J MEREDITH CHARITABLE FOUND ATION INC,Palmetto,Manatee,34221,P20,Y,04,0,0,0,files-990PF;private-foundation:04
30,413933229,JUSTNELF,Venice,Sarasota,34293,P33,Y,04,0,0,0,files-990PF;private-foundation:04
30,463184054,VENICE SUNRISE ROTARY CHARITIES INC,Venice,Sarasota,34284,S80,,15,0,0,0,name:service-club
30,472304983,MCINTOSH MIDDLE SCHOOL PTO,Sarasota,Sarasota,34232,T12,,16,0,0,0,ntee-grantmaker:T12;name:alumni/booster
30,472325369,ROTARY INTERNATIONAL,Longboat Key,Sarasota,34228,,,00,0,0,0,name:service-club
30,474517627,BILL MEADOWS FOUNDATION INC,Venice,Sarasota,34293,T30,,15,0,0,0,ntee-grantmaker:T30;name:foundation
30,474848400,MANATEE COUNTY MEDICAL SOCIETY FOUNDATION INC,Bradenton,Manatee,34207,T30,,15,0,0,0,ntee-grantmaker:T30;name:foundation
30,510191240,ENGLEWOOD CHAPTER 1582 WOMEN OF THE MOOSE,Englewood,Sarasota,34223,,,00,0,0,0,name:service-club
30,510199568,PALMETTO CHAPTER 1225 WOMEN OF THE MOOSE,Palmetto,Manatee,34220,,,00,0,0,0,name:service-club
30,510210333,GULF GATE CHAPTER 1770 WOMEN OF THE MOOSE,Sarasota,Sarasota,34231,,,00,0,0,0,name:service-club
30,510211185,KIWANIS INTERNATIONAL INC,North Port,Sarasota,34290,,,00,0,0,0,name:service-club
30,510224638,ROTARY INTERNATIONAL,Venice,Sarasota,34284,,,00,0,0,0,name:service-club
30,522448334,KIWANIS INTERNATIONAL INC,Bradenton,Manatee,34280,,,00,0,0,0,name:service-club
30,571224325,KIWANIS INTERNATIONAL INC,Englewood,Sarasota,34224,,,00,0,0,0,name:service-club
30,592089501,ROTARY INTERNATIONAL,Sarasota,Sarasota,34230,,,00,0,0,0,name:service-club
30,592202906,THUNDERBOLT MOOSE LEGION NO 201,Sarasota,Sarasota,34234,,,00,0,0,0,name:service-club
30,592393352,BRADENTON CHAPTER NO 1072 WOMEN OF THE MOOSE,Bradenton,Manatee,34203,,,00,0,0,0,name:service-club
30,592497656,ZONTA INTERNATIONAL,Sarasota,Sarasota,34230,,,00,0,0,0,name:service-club
30,592500493,THE COUNCIL FOR EXCEPTIONAL CHILDREN SARASOTA SUNSET CHAPTER,Sarasota,Sarasota,34232,P20,Y,04,0,0,0,files-990PF;private-foundation:04
30,596209578,ROTARY INTERNATIONAL,Holmes Beach,Manatee,34218,,,00,0,0,0,name:service-club
30,596212732,KIWANIS INTERNATIONAL INC,Palmetto,Manatee,34220,,,00,0,0,0,name:service-club
30,612263757,A SECOND CHANCE AT LIFE INC,Sarasota,Sarasota,34232,D20,Y,04,0,0,0,files-990PF;private-foundation:04
30,650207226,NORTH PORT CHAPT NO 1892 WOMEN OF THE MOOSE,North Port,Sarasota,34290,,,00,0,0,0,name:service-club
30,650342597,SARASOTA CHAPTER NO 1968 WOMEN OF THE MOOSE,Sarasota,Sarasota,34230,,,00,0,0,0,name:service-club
30,650565503,THE NORTH MANATEE KIWANIS CHARITABLE FUND,Palmetto,Manatee,34220,S820,,15,0,0,0,name:service-club
30,651140731,KIWANIS CLUB OF SIESTA KEY INC,Sarasota,Sarasota,34238,Y99,,00,0,0,0,name:service-club
30,812956324,SUNCOAST YOUTH FOUNDATION INCORPORATED,Sarasota,Sarasota,34241,T31,,15,0,0,0,ntee-grantmaker:T31;name:foundation
30,822294660,GIVE A HOOP FOUNDATION INC,Parrish,Manatee,34219,T30,,15,0,0,0,ntee-grantmaker:T30;name:foundation
30,832869728,CONNERS LEGACY FOUNDATION INC,Sarasota,Sarasota,34236,T23,,15,0,0,0,ntee-grantmaker:T23;name:foundation
30,883752237,ROTARY CLUB OF ENGLEWOOD SUNSET IMPACT INC,Englewood,Sarasota,34224,S80,,15,0,0,0,name:service-club
30,922055807,RHINO BASEBALL INC,Palmetto,Manatee,34221,N63,Y,04,0,0,0,files-990PF;private-foundation:04
30,931601581,INDIGENOUS IN MUSIC & ARTS USA INC,Bradenton,Manatee,34207,A20,Y,04,0,0,0,files-990PF;private-foundation:04
30,932255708,ENGLEWOOD YOUNG PROFESSIONALS SOCIAL CLUB INC,Englewood,Sarasota,34223,P27,Y,04,0,0,0,files-990PF;private-foundation:04
30,932313612,RMC FOUNDATION INC,Bradenton,Manatee,34203,T99,,16,0,0,0,ntee-grantmaker:T99;name:foundation
30,932641514,941 HOOPS INC,Venice,Sarasota,34293,N62,Y,04,0,0,0,files-990PF;private-foundation:04
30,932728941,CHRIST CHILD SOCIETY OF SARASOTA-BRADENTON,Sarasota,Sarasota,34238,P30,Y,04,0,0,0,files-990PF;private-foundation:04
30,932843873,KIWANIS CLUB OF MANATEE RIVER,Bradenton,Manatee,34205,,,00,0,0,0,name:service-club
30,933148489,MINDFUL PATHS CENTER INC,Sarasota,Sarasota,34243,F30,Y,04,0,0,0,files-990PF;private-foundation:04
30,934051264,FIGHTER FOR FATHERS,Bradenton,Manatee,34207,R01,Y,04,0,0,0,files-990PF;private-foundation:04
30,934410778,SUNSHINE HOPE INC,Bradenton,Manatee,34212,C12,Y,04,0,0,0,files-990PF;private-foundation:04
30,934509191,PALMER RANCH SINGERS INC,Sarasota,Sarasota,34235,A6B,Y,03,0,0,0,files-990PF;private-foundation:03
30,991997958,VASH RE INVESTMENTSSARA INC,Sarasota,Sarasota,34236,P30,Y,04,0,0,0,files-990PF;private-foundation:04
30,993330606,BRICKHOUSE FAMILY FOUNDATION INC,Sarasota,Sarasota,34231,T12,,15,0,0,0,ntee-grantmaker:T12;name:foundation
30,994358262,CHESTER RED WILSON CHARITABLE FOUNDATION INC,Venice,Sarasota,34292,T31,,16,0,0,0,ntee-grantmaker:T31;name:foundation
25,943461526,RYON D PROVENCHER MEMORIAL FUND,Englewood,Sarasota,34295,T50,,15,4199,77400,38109,name:memorial-fund
25,205845298,TOM WALLIN MEMORIAL REEF FUND INC,Sarasota,Sarasota,34242,,,00,0,0,0,name:memorial-fund
25,592743671,PERRY E LANNING MEMORIAL FUND INC,Sarasota,Sarasota,34241,,,15,0,0,0,name:memorial-fund
23,591843274,STATE COLLEGE OF FLORIDA FOUNDATION INC,Bradenton,Manatee,34207,B114,,15,105321832,26279325,9169741,name:foundation;ntee-education:B114;name:education
23,590911744,NEW COLLEGE FOUNDATION INCORPORATED,Sarasota,Sarasota,34243,B110,,15,57947210,47554257,14077675,name:foundation;ntee-education:B110;name:education
23,592320858,EDUCATION FOUNDATION OF SARASOTA CO UNTY INC,Sarasota,Sarasota,34231,B122,,15,12030085,6201815,4780412,name:foundation;ntee-education:B122;name:education
23,043674332,BOOKER HIGH SCHOOL FOUNDATION FOR ARTS & EDUCATION INC,Sarasota,Sarasota,34234,B11,,15,206750,184049,184049,name:foundation;ntee-education:B11;name:education
23,300096001,MANATEE TECHNICAL COLLEGE FOUNDATION,Bradenton,Manatee,34203,B112,,15,158363,62532,62532,name:foundation;ntee-education:B112;name:education
23,991238212,MORNINGSTAR EDUCATIONAL FOUNDATION INC,Sarasota,Sarasota,34242,B99,,15,19006,738890,738890,name:foundation;ntee-education:B99;name:education
23,205266819,EAST MANATEE EDUCATIONAL FOUNDATION INC,Sarasota,Sarasota,34236,B112,,15,0,0,0,name:foundation;ntee-education:B112;name:education
23,271759668,COUCH MUSIC EDUCATION FOUNDATION INC,Palmetto,Manatee,34221,B28,,15,0,0,0,name:foundation;ntee-education:B28;name:education
23,471612002,FLORIDA ENRICHMENT ACADEMY FOUNDATION INC,Sarasota,Sarasota,34237,B90,,16,0,0,0,name:foundation;ntee-education:B90;name:education
23,810835561,ALIENA J SHEA LEARNING FOUNDATION INC,Sarasota,Sarasota,34231,B20,,16,0,0,0,name:foundation;ntee-education:B20;name:education
23,812503348,MADDA EDUCATIONAL FOUNDATION INC,Bradenton,Manatee,34209,B99,,15,0,0,0,name:foundation;ntee-education:B99;name:education
23,814810624,VIETNAM WALL EDUCATION FOUNDATION INC,North Port,Sarasota,34288,B12,,15,0,0,0,name:foundation;ntee-education:B12;name:education
23,923824618,LIGHTHOUSE EDUCATIONAL FOUNDATION INC,Sarasota,Sarasota,34235,B24,,11,0,0,0,name:foundation;ntee-education:B24;name:education
20,461337168,TAKE STOCK IN CHILDREN OF MANATEE COUNTY INC,Palmetto,Manatee,34221,T30,,15,5103389,1424147,1424147,ntee-grantmaker:T30
20,593457923,SAMARITAN COUNSELING SERVICES OF THE GULF COAST INC,Sarasota,Sarasota,34239,T20I,,15,1625194,3004566,2961322,ntee-grantmaker:T20I
20,202651678,GULF COAST STRATEGIC INVESTMENTS INC,Venice,Sarasota,34285,T30,,17,837228,0,0,ntee-grantmaker:T30
20,656315837,JEANETTE B MCCAY IRRV TR 091619,Englewood,Sarasota,34295,,Y,00,729028,54778,0,files-990PF
20,020709043,EVERYONE CAN HELP INC,Venice,Sarasota,34285,T12,,15,531916,1639190,1276449,ntee-grantmaker:T12
20,300938707,VISION FOR THE AMERICAS INC,Sarasota,Sarasota,34242,T30,,15,452139,182688,182688,ntee-grantmaker:T30
20,590655170,BRADENTON WOMANS CLUB INC,Bradenton,Manatee,34205,T31,,15,151043,123068,114268,ntee-grantmaker:T31
20,311753063,DOLLARS FOR MAMMOGRAMS INC,Englewood,Sarasota,34295,T30,,15,89919,112137,111637,ntee-grantmaker:T30
20,932177578,SHUCKIN GOOD CAUSE FUND,Bradenton,Manatee,34210,T30,,15,60902,366589,366589,ntee-grantmaker:T30
20,465207111,LIBERTORE FUND FOR CHILDREN INC,Sarasota,Sarasota,34236,T30,,15,25204,238318,215214,ntee-grantmaker:T30
20,933998455,MY FAVORITE RACE EVENTS INC,Venice,Sarasota,34285,T12,,16,7783,134118,28222,ntee-grantmaker:T12
20,862001061,WHO SAID SHOTS LOCAL 7433 INC,Sarasota,Sarasota,34231,T12,,16,2069,29523,27246,ntee-grantmaker:T12
20,454870983,FLOODGATES,Sarasota,Sarasota,34241,T30,,15,9,26269,26269,ntee-grantmaker:T30
20,562414389,LOVELAND LEGACY INC,Venice,Sarasota,34292,T30,,17,1,0,0,ntee-grantmaker:T30
20,300120600,CHRYSALIS INC,Bradenton,Manatee,34205,T30,,16,0,0,0,ntee-grantmaker:T30
20,332017560,JUNTOS SRO INC,Longboat Key,Sarasota,34228,T12,,16,0,0,0,ntee-grantmaker:T12
20,333462555,WOMENADE OF MANATEE COUNTY,Parrish,Manatee,34219,T30,,16,0,0,0,ntee-grantmaker:T30
20,393022677,CALDWELL TRUST COMPANY DONOR ADVISED FUND INC,Venice,Sarasota,34292,T12,,15,0,0,0,ntee-grantmaker:T12
20,413973764,BOCA ROYALE BOCA CARES,Englewood,Sarasota,34223,T12,,16,0,0,0,ntee-grantmaker:T12
20,414062086,COMPASSION NET,Sarasota,Sarasota,34243,T99,,16,0,0,0,ntee-grantmaker:T99
20,453608966,EMBASSY RANCH INC,Parrish,Manatee,34219,T30,,15,0,0,0,ntee-grantmaker:T30
20,454543553,KIDS SERVE DOT COM INC,Bradenton,Manatee,34209,T12,,15,0,0,0,ntee-grantmaker:T12
20,461299148,FISHIN FOR HEROES - WOUNDED WARRIORS INC,Englewood,Sarasota,34224,T30,,15,0,0,0,ntee-grantmaker:T30
20,471704668,ROAD TO INDEPENDENCE INC,Venice,Sarasota,34284,T22,,16,0,0,0,ntee-grantmaker:T22
20,592669039,CASEY KEY LIBRARY ASSOCIATION INC,Osprey,Sarasota,34229,T30,,16,0,0,0,ntee-grantmaker:T30
20,650420093,FRIENDS OF SOUTH MANATEE LIBRARY INC,Bradenton,Manatee,34207,T30,,16,0,0,0,ntee-grantmaker:T30
20,650675395,UNIVERSITY CONSORTIUM OF THE AMERICAS INC,Sarasota,Sarasota,34236,T20I,,15,0,0,0,ntee-grantmaker:T20I
20,650946428,SATURDAY NIGHT OUT INC,Bradenton,Manatee,34207,T30,,16,0,0,0,ntee-grantmaker:T30
20,651149584,SAMARITANS CHAPEL INC,Venice,Sarasota,34285,T99,,15,0,0,0,ntee-grantmaker:T99
20,821679158,HELP WHERE YOU CAN INC,Bradenton,Manatee,34208,T30,,15,0,0,0,ntee-grantmaker:T30
20,824370732,COLOMBIAN ASSOCIATION OF PORT CHARLOTTE INC,Englewood,Sarasota,34224,T12,,15,0,0,0,ntee-grantmaker:T12
20,871446224,B & N GUARD MEMORIAL FUNDRAISING INC,Parrish,Manatee,34219,T30,,16,0,0,0,ntee-grantmaker:T30
20,923904218,BROTHERS OF TYRE INC,Bradenton,Manatee,34208,T12,,16,0,0,0,ntee-grantmaker:T12
20,932921399,PARADISE KANDLES INC,Bradenton,Manatee,34203,T30,,15,0,0,0,ntee-grantmaker:T30
20,992206402,SHEPHERDS FUND INC,Sarasota,Sarasota,34234,T12,,21,0,0,0,ntee-grantmaker:T12
20,992644394,VETERAN MELODIES INC,Palmetto,Manatee,34221,T30,,15,0,0,0,ntee-grantmaker:T30
20,992767090,FLORIDA BOYS & GIRLS CLUBS INC,Sarasota,Sarasota,34237,T30,,21,0,0,0,ntee-grantmaker:T30
20,993692666,HUNGRY FOR CHANGE,Englewood,Sarasota,34223,T30,,15,0,0,0,ntee-grantmaker:T30
20,996405348,DAWN H SPENCER CHARITABLE REMAINDER UNITRUST,Sarasota,Sarasota,34236,,Y,00,0,0,0,files-990PF
