priority,score,name,display_name,chapter_resolved,search_query,city,county,ein,assets,revenue,ntee,files_990pf,signals,verified,has_website,program_url,award_amount,deadline,eligibility,apply_via,platform,notes
A,143,ANN & LARS LEWANDER SCHOLARSHIP FOUNDATION INC,ANN & LARS LEWANDER SCHOLARSHIP FOUNDATION INC,,"""ANN & LARS LEWANDER SCHOLARSHIP FOUNDATION INC"" Sarasota FL scholarship application",Sarasota,Sarasota,272554822,507124,0,B82,Y,name:scholarship;ntee:B82;files-990PF;private-foundation:04;name:foundation;ntee-education:B82,,,,,,,,,
A,133,JAMES A EDWARDS SCHOLARSHIP TRUST,JAMES A EDWARDS SCHOLARSHIP TRUST,,"""JAMES A EDWARDS SCHOLARSHIP TRUST"" Bradenton FL scholarship application",Bradenton,Manatee,993031704,1908000,0,B82,Y,name:scholarship;ntee:B82;files-990PF;private-foundation:04;ntee-education:B82,,,,,,,,,
A,133,CHAPMAN-BOND-CHATMAN SCHOLARSHIP FUND,CHAPMAN-BOND-CHATMAN SCHOLARSHIP FUND,,"""CHAPMAN-BOND-CHATMAN SCHOLARSHIP FUND"" Plant City FL scholarship application",Plant City,Hillsborough,832247881,1,0,B82,Y,name:scholarship;ntee:B82;files-990PF;private-foundation:04;ntee-education:B82,,,,,,,,,
A,128,JOEY RUZECKI MEMORIAL SCHOLARSHIP FUND INC,JOEY RUZECKI MEMORIAL SCHOLARSHIP FUND INC,,"""JOEY RUZECKI MEMORIAL SCHOLARSHIP FUND INC"" St Petersburg FL scholarship application",St Petersburg,Pinellas,271367343,0,0,B82,,name:scholarship;ntee:B82;name:memorial-fund;ntee-education:B82,,,,,,,,,
A,128,MEGAN CRALLE MEMORIAL SCHOLARSHIP FUND,MEGAN CRALLE MEMORIAL SCHOLARSHIP FUND,,"""MEGAN CRALLE MEMORIAL SCHOLARSHIP FUND"" Sarasota FL scholarship application",Sarasota,Sarasota,431905241,0,0,B82,,name:scholarship;ntee:B82;name:memorial-fund;ntee-education:B82,,,,,,,,,
A,128,DAN DICICCO MEMORIAL SCHOLARSHIP FUND,DAN DICICCO MEMORIAL SCHOLARSHIP FUND,,"""DAN DICICCO MEMORIAL SCHOLARSHIP FUND"" St Petersburg FL scholarship application",St Petersburg,Pinellas,464983382,0,0,B82,,name:scholarship;ntee:B82;name:memorial-fund;ntee-education:B82,,,,,,,,,
A,128,ANDREW MONROE MEMORIAL SCHOLARSHIP FUND,ANDREW MONROE MEMORIAL SCHOLARSHIP FUND,,"""ANDREW MONROE MEMORIAL SCHOLARSHIP FUND"" Sarasota FL scholarship application",Sarasota,Sarasota,472887970,0,0,B82,,name:scholarship;ntee:B82;name:memorial-fund;ntee-education:B82,,,,,,,,,
A,128,PETER T ASSIMACK MEMORIAL SCHOLARSHIP FUND,PETER T ASSIMACK MEMORIAL SCHOLARSHIP FUND,,"""PETER T ASSIMACK MEMORIAL SCHOLARSHIP FUND"" Palm Harbor FL scholarship application",Palm Harbor,Pinellas,593398268,0,0,B82,,name:scholarship;ntee:B82;name:memorial-fund;ntee-education:B82,,,,,,,,,
A,113,JASON RITCHIE MEMORIAL HOCKEY SCHOLARSHIP FOUNDATION INC,JASON RITCHIE MEMORIAL HOCKEY SCHOLARSHIP FOUNDATION INC,,"""JASON RITCHIE MEMORIAL HOCKEY SCHOLARSHIP FOUNDATION INC"" Tampa FL scholarship application",Tampa,Hillsborough,264803477,1563041,552635,B82,,name:scholarship;ntee:B82;name:foundation;ntee-education:B82,,,,,,,,,
A,113,ROBERT MAMMANO FREZZA MEMORIAL SCHOLARSHIP FUND,ROBERT MAMMANO FREZZA MEMORIAL SCHOLARSHIP FUND,,"""ROBERT MAMMANO FREZZA MEMORIAL SCHOLARSHIP FUND"" Sarasota FL scholarship application",Sarasota,Sarasota,753010007,683886,0,B12,Y,name:scholarship;name:memorial-fund;files-990PF;private-foundation:04;ntee-education:B12,,,,,,,,,
A,113,TAMPA BAY MARITIME SCHOLARSHIP FOUNDATION INC,TAMPA BAY MARITIME SCHOLARSHIP FOUNDATION INC,,"""TAMPA BAY MARITIME SCHOLARSHIP FOUNDATION INC"" Tampa FL scholarship application",Tampa,Hillsborough,473073065,483645,55293,B82,,name:scholarship;ntee:B82;name:foundation;ntee-education:B82,,,,,,,,,
A,113,FLCARH SCHOLARSHIP FOUNDATION INC,FLCARH SCHOLARSHIP FOUNDATION INC,,"""FLCARH SCHOLARSHIP FOUNDATION INC"" Clearwater FL scholarship application",Clearwater,Pinellas,264784058,52266,7412,B82,,name:scholarship;ntee:B82;name:foundation;ntee-education:B82,,,,,,,,,
A,113,FRANK JOHN VIGGIANO SCHOLARSHIP FOUNDATION INC,FRANK JOHN VIGGIANO SCHOLARSHIP FOUNDATION INC,,"""FRANK JOHN VIGGIANO SCHOLARSHIP FOUNDATION INC"" Sarasota FL scholarship application",Sarasota,Sarasota,273073854,14923,0,B82,,name:scholarship;ntee:B82;name:foundation;ntee-education:B82,,,,,,,,,
A,113,DR DAVID C COZART SR SCHOLARSHIP FOUNDATION INC,DR DAVID C COZART SR SCHOLARSHIP FOUNDATION INC,,"""DR DAVID C COZART SR SCHOLARSHIP FOUNDATION INC"" Plant City FL scholarship application",Plant City,Hillsborough,273003035,4000,1000,B82,,name:scholarship;ntee:B82;name:foundation;ntee-education:B82,,,,,,,,,
A,113,TAMPA SCHOLARSHIP FOUNDATION INC,TAMPA SCHOLARSHIP FOUNDATION INC,,"""TAMPA SCHOLARSHIP FOUNDATION INC"" Tampa FL scholarship application",Tampa,Hillsborough,474239624,0,0,B82,,name:scholarship;ntee:B82;name:foundation;ntee-education:B82,,,,,,,,,
A,113,MANATEE COUNTY BRANCH AAUW SCHOLARSHIP FOUNDATION,MANATEE COUNTY BRANCH AAUW SCHOLARSHIP FOUNDATION,,"""MANATEE COUNTY BRANCH AAUW SCHOLARSHIP FOUNDATION"" Bradenton FL scholarship application",Bradenton,Manatee,611490966,0,0,B82,,name:scholarship;ntee:B82;name:foundation;ntee-education:B82,,,,,,,,,
A,113,SUN COAST SCHOLARSHIP FOUNDATION INC,SUN COAST SCHOLARSHIP FOUNDATION INC,,"""SUN COAST SCHOLARSHIP FOUNDATION INC"" Brandon FL scholarship application",Brandon,Hillsborough,612277790,0,0,B82,,name:scholarship;ntee:B82;name:foundation;ntee-education:B82,,,,,,,,,
A,113,OM BROWN MEMORIAL SCHOLARSHIP FOUNDATION INC,OM BROWN MEMORIAL SCHOLARSHIP FOUNDATION INC,,"""OM BROWN MEMORIAL SCHOLARSHIP FOUNDATION INC"" Parrish FL scholarship application",Parrish,Manatee,872864693,0,0,B82,,name:scholarship;ntee:B82;name:foundation;ntee-education:B82,,,,,,,,,
A,113,PLAY SCHOLARSHIP FOUNDATION INC,PLAY SCHOLARSHIP FOUNDATION INC,,"""PLAY SCHOLARSHIP FOUNDATION INC"" Tampa FL scholarship application",Tampa,Hillsborough,880787871,0,0,B82,,name:scholarship;ntee:B82;name:foundation;ntee-education:B82,,,,,,,,,
A,113,STEVEN A DOERNER MEMORIAL FLIGHT SCHOLARSHIP FUND INC,STEVEN A DOERNER MEMORIAL FLIGHT SCHOLARSHIP FUND INC,,"""STEVEN A DOERNER MEMORIAL FLIGHT SCHOLARSHIP FUND INC"" Hudson FL scholarship application",Hudson,Pasco,921622129,0,0,B90,Y,name:scholarship;name:memorial-fund;files-990PF;private-foundation:04;ntee-education:B90,,,,,,,,,
A,113,GLOBAL HEALTH SCIENCES SCHOLARSHIP AND RESEARCH FOUNDATION INC,GLOBAL HEALTH SCIENCES SCHOLARSHIP AND RESEARCH FOUNDATION INC,,"""GLOBAL HEALTH SCIENCES SCHOLARSHIP AND RESEARCH FOUNDATION INC"" Tampa FL scholarship application",Tampa,Hillsborough,991461676,0,0,B82,,name:scholarship;ntee:B82;name:foundation;ntee-education:B82,,,,,,,,,
A,110,SUNRISE SCHOLARS FOUNDATION INC,SUNRISE SCHOLARS FOUNDATION INC,,"""SUNRISE SCHOLARS FOUNDATION INC"" Sarasota FL scholarship application",Sarasota,Sarasota,831769874,7838,0,T23,Y,name:scholarship;ntee-grantmaker:T23;files-990PF;private-foundation:03;name:foundation,,,,,,,,,
A,110,ENGLEWOOD BPO ELKS SCHOLARSHIP TRUST,ENGLEWOOD BPO ELKS SCHOLARSHIP TRUST,,"""ENGLEWOOD BPO ELKS SCHOLARSHIP TRUST"" Englewood FL scholarship application",Englewood,Sarasota,596687568,1,0,,Y,name:scholarship;name:service-club;files-990PF;private-foundation:04,,,,,,,,,
A,108,VICTOR BANUELOS MEMORIAL FUND INC,VICTOR BANUELOS MEMORIAL FUND INC,,"""VICTOR BANUELOS MEMORIAL FUND INC"" Saint Petersburg FL scholarship application",Saint Petersburg,Pinellas,861702053,1,0,B82,Y,ntee:B82;name:memorial-fund;files-990PF;private-foundation:04;ntee-education:B82,,,,,,,,,
A,108,RUBY LEE MINAR SOROPTIMIST MEMORIAL FUND INC,RUBY LEE MINAR SOROPTIMIST MEMORIAL FUND INC,,"""RUBY LEE MINAR SOROPTIMIST MEMORIAL FUND INC"" Brandon FL scholarship application",Brandon,Hillsborough,562036481,0,0,B82,,ntee:B82;name:service-club;name:memorial-fund;ntee-education:B82,,,,,,,,,
A,103,LAKE SEMINOLE SQUARE SCHOLARSHIP FUND INC,LAKE SEMINOLE SQUARE SCHOLARSHIP FUND INC,,"""LAKE SEMINOLE SQUARE SCHOLARSHIP FUND INC"" Seminole FL scholarship application",Seminole,Pinellas,650668965,1505842,103572,B82,,name:scholarship;ntee:B82;ntee-education:B82,,,,,,,,,
A,103,BILL AND MARTHA MINAHAN SCHOLARSHIP FUND INC,BILL AND MARTHA MINAHAN SCHOLARSHIP FUND INC,,"""BILL AND MARTHA MINAHAN SCHOLARSHIP FUND INC"" Tampa FL scholarship application",Tampa,Hillsborough,821969021,244441,3900,B82,,name:scholarship;ntee:B82;ntee-education:B82,,,,,,,,,
A,103,REGENCY OAKS SCHOLARSHIP FUND INC,REGENCY OAKS SCHOLARSHIP FUND INC,,"""REGENCY OAKS SCHOLARSHIP FUND INC"" Clearwater FL scholarship application",Clearwater,Pinellas,475568132,126304,124247,B82,,name:scholarship;ntee:B82;ntee-education:B82,,,,,,,,,
A,103,TEAMSTERS LOCAL 79 SCHOLARSHIP FUND INC,TEAMSTERS LOCAL 79 SCHOLARSHIP FUND INC,,"""TEAMSTERS LOCAL 79 SCHOLARSHIP FUND INC"" Tampa FL scholarship application",Tampa,Hillsborough,461046106,118092,67779,B82,,name:scholarship;ntee:B82;ntee-education:B82,,,,,,,,,
A,103,GTS MATT COONEY SCHOLARSHIP FUND CORP,GTS MATT COONEY SCHOLARSHIP FUND CORP,,"""GTS MATT COONEY SCHOLARSHIP FUND CORP"" Tampa FL scholarship application",Tampa,Hillsborough,824750163,17106,0,B82,,name:scholarship;ntee:B82;ntee-education:B82,,,,,,,,,
A,103,JESSICA COSTANZO SCHOLARSHIP FUND INC,JESSICA COSTANZO SCHOLARSHIP FUND INC,,"""JESSICA COSTANZO SCHOLARSHIP FUND INC"" Venice FL scholarship application",Venice,Sarasota,823580058,1482,32411,B82,,name:scholarship;ntee:B82;ntee-education:B82,,,,,,,,,
A,103,ST ANDREW SCOTTISH SOCIETY SCHOLARSHIP FUND INC,ST ANDREW SCOTTISH SOCIETY SCHOLARSHIP FUND INC,,"""ST ANDREW SCOTTISH SOCIETY SCHOLARSHIP FUND INC"" Sarasota FL scholarship application",Sarasota,Sarasota,043666660,0,0,B82,,name:scholarship;ntee:B82;ntee-education:B82,,,,,,,,,
A,103,BRIAN HAAS CRIMINAL JUSTICE SCHOLARSHIP CHARITABLE TR,BRIAN HAAS CRIMINAL JUSTICE SCHOLARSHIP CHARITABLE TR,,"""BRIAN HAAS CRIMINAL JUSTICE SCHOLARSHIP CHARITABLE TR"" Wesley Chapel FL scholarship application",Wesley Chapel,Pasco,201179358,0,0,B82,,name:scholarship;ntee:B82;ntee-education:B82,,,,,,,,,
A,103,MILLION DOLLAR SCHOLARS INC,MILLION DOLLAR SCHOLARS INC,,"""MILLION DOLLAR SCHOLARS INC"" Tampa FL scholarship application",Tampa,Hillsborough,208431423,0,0,B82,,name:scholarship;ntee:B82;ntee-education:B82,,,,,,,,,
A,103,KEITH MACCOLLOM HOOPS AND HERITAGE MEMORIAL SCHOLARSHIP INC,KEITH MACCOLLOM HOOPS AND HERITAGE MEMORIAL SCHOLARSHIP INC,,"""KEITH MACCOLLOM HOOPS AND HERITAGE MEMORIAL SCHOLARSHIP INC"" Seminole FL scholarship application",Seminole,Pinellas,270439580,0,0,B82,,name:scholarship;ntee:B82;ntee-education:B82,,,,,,,,,
A,103,NATE RICHARDSON BASEBALL MEMORIAL SCHOLARSHIP INC,NATE RICHARDSON BASEBALL MEMORIAL SCHOLARSHIP INC,,"""NATE RICHARDSON BASEBALL MEMORIAL SCHOLARSHIP INC"" Seminole FL scholarship application",Seminole,Pinellas,271389299,0,0,B82,,name:scholarship;ntee:B82;ntee-education:B82,,,,,,,,,
A,103,FREEDOM SQUARE SCHOLARSHIP FUND INC,FREEDOM SQUARE SCHOLARSHIP FUND INC,,"""FREEDOM SQUARE SCHOLARSHIP FUND INC"" Seminole FL scholarship application",Seminole,Pinellas,311690021,0,0,B82,,name:scholarship;ntee:B82;ntee-education:B82,,,,,,,,,
A,103,LIVE LIKE LOGAN SCHOLARSHIP CORPORATION,LIVE LIKE LOGAN SCHOLARSHIP CORPORATION,,"""LIVE LIKE LOGAN SCHOLARSHIP CORPORATION"" Land O Lakes FL scholarship application",Land O Lakes,Pasco,333551906,0,0,B82,,name:scholarship;ntee:B82;ntee-education:B82,,,,,,,,,
A,103,RHO OF PSI UPSILON SCHOLARSHIP FDN INC,RHO OF PSI UPSILON SCHOLARSHIP FDN INC,,"""RHO OF PSI UPSILON SCHOLARSHIP FDN INC"" Sarasota FL scholarship application",Sarasota,Sarasota,396125159,0,0,B82,,name:scholarship;ntee:B82;ntee-education:B82,,,,,,,,,
A,103,DOROTHY BROWN SCHOLARSHIP & COMMUNITY DEVELOPMENT FUND,DOROTHY BROWN SCHOLARSHIP & COMMUNITY DEVELOPMENT FUND,,"""DOROTHY BROWN SCHOLARSHIP & COMMUNITY DEVELOPMENT FUND"" Plant City FL scholarship application",Plant City,Hillsborough,450474017,0,0,B82,,name:scholarship;ntee:B82;ntee-education:B82,,,,,,,,,
A,103,HAITI SCHOLARSHIPS,HAITI SCHOLARSHIPS,,"""HAITI SCHOLARSHIPS"" Dunedin FL scholarship application",Dunedin,Pinellas,452577468,0,0,B82,,name:scholarship;ntee:B82;ntee-education:B82,,,,,,,,,
A,103,CHANDANNI SCHOLARSHIP FUND INC,CHANDANNI SCHOLARSHIP FUND INC,,"""CHANDANNI SCHOLARSHIP FUND INC"" Sarasota FL scholarship application",Sarasota,Sarasota,475602000,0,0,B82,,name:scholarship;ntee:B82;ntee-education:B82,,,,,,,,,
A,103,TAMPA BAY SURVEYING AND MAPPING SCHOLARSHIP FUND INC,TAMPA BAY SURVEYING AND MAPPING SCHOLARSHIP FUND INC,,"""TAMPA BAY SURVEYING AND MAPPING SCHOLARSHIP FUND INC"" Lutz FL scholarship application",Lutz,Hillsborough,593079696,0,0,B82,,name:scholarship;ntee:B82;ntee-education:B82,,,,,,,,,
A,103,IRIS AND HUBERT ALLEN SCHOLARSHIP FUND INC,IRIS AND HUBERT ALLEN SCHOLARSHIP FUND INC,,"""IRIS AND HUBERT ALLEN SCHOLARSHIP FUND INC"" Brandon FL scholarship application",Brandon,Hillsborough,593601318,0,0,B82,,name:scholarship;ntee:B82;ntee-education:B82,,,,,,,,,
A,103,LINDSEY MAIBACH SCHOLARSHIP FUND,LINDSEY MAIBACH SCHOLARSHIP FUND,,"""LINDSEY MAIBACH SCHOLARSHIP FUND"" Sarasota FL scholarship application",Sarasota,Sarasota,650939642,0,0,B82,,name:scholarship;ntee:B82;ntee-education:B82,,,,,,,,,
A,103,COLLEEN SWEENEY FOSTER SCHOLARSHIP FUND INC,COLLEEN SWEENEY FOSTER SCHOLARSHIP FUND INC,,"""COLLEEN SWEENEY FOSTER SCHOLARSHIP FUND INC"" Tampa FL scholarship application",Tampa,Hillsborough,814170928,0,0,B82,,name:scholarship;ntee:B82;ntee-education:B82,,,,,,,,,
A,103,EDWARD & FRANCIS BECKLEY SCHOLARSHIP FUND INC,EDWARD & FRANCIS BECKLEY SCHOLARSHIP FUND INC,,"""EDWARD & FRANCIS BECKLEY SCHOLARSHIP FUND INC"" Valrico FL scholarship application",Valrico,Hillsborough,821015915,0,0,B82,,name:scholarship;ntee:B82;ntee-education:B82,,,,,,,,,
A,103,NORMAN A HARRIS JR SCHOLARSHIP INC,NORMAN A HARRIS JR SCHOLARSHIP INC,,"""NORMAN A HARRIS JR SCHOLARSHIP INC"" Apollo Beach FL scholarship application",Apollo Beach,Hillsborough,832227497,0,0,B82,,name:scholarship;ntee:B82;ntee-education:B82,,,,,,,,,
A,103,ALPHONSO SCHOLARSHIP FUND INC,ALPHONSO SCHOLARSHIP FUND INC,,"""ALPHONSO SCHOLARSHIP FUND INC"" St Petersburg FL scholarship application",St Petersburg,Pinellas,852482731,0,0,B82,,name:scholarship;ntee:B82;ntee-education:B82,,,,,,,,,
A,103,AIRMAR SCHOLARSHIPS INC,AIRMAR SCHOLARSHIPS INC,,"""AIRMAR SCHOLARSHIPS INC"" St Petersburg FL scholarship application",St Petersburg,Pinellas,881805272,0,0,B82,,name:scholarship;ntee:B82;ntee-education:B82,,,,,,,,,
A,103,HOBSON FAMILY SCHOLARSHIP FUND CORPORATION,HOBSON FAMILY SCHOLARSHIP FUND CORPORATION,,"""HOBSON FAMILY SCHOLARSHIP FUND CORPORATION"" Largo FL scholarship application",Largo,Pinellas,883930669,0,0,B82,,name:scholarship;ntee:B82;ntee-education:B82,,,,,,,,,
A,103,HON J W HATCHETT SCHOLARSHIP INC,HON J W HATCHETT SCHOLARSHIP INC,,"""HON J W HATCHETT SCHOLARSHIP INC"" Tampa FL scholarship application",Tampa,Hillsborough,931408313,0,0,B82,,name:scholarship;ntee:B82;ntee-education:B82,,,,,,,,,
A,103,NGUYEN SCHOLARS INC,NGUYEN SCHOLARS INC,,"""NGUYEN SCHOLARS INC"" Tampa FL scholarship application",Tampa,Hillsborough,933969837,0,0,B82,,name:scholarship;ntee:B82;ntee-education:B82,,,,,,,,,
A,100,FRANCES W ZALOSKI SCHOLARSHIP FUND,FRANCES W ZALOSKI SCHOLARSHIP FUND,,"""FRANCES W ZALOSKI SCHOLARSHIP FUND"" Clearwater FL scholarship application",Clearwater,Pinellas,882487003,385886,0,T20,Y,name:scholarship;ntee-grantmaker:T20;files-990PF;private-foundation:04,,,,,,,,,
A,100,JOAN M DODWAY SCHOLARSHIP FUND TRUST UW,JOAN M DODWAY SCHOLARSHIP FUND TRUST UW,,"""JOAN M DODWAY SCHOLARSHIP FUND TRUST UW"" Clearwater FL scholarship application",Clearwater,Pinellas,597120241,46533,0,T20,Y,name:scholarship;ntee-grantmaker:T20;files-990PF;private-foundation:04,,,,,,,,,
A,98,RILEY FAMILY EDUCATION FOUNDATION INC,RILEY FAMILY EDUCATION FOUNDATION INC,,"""RILEY FAMILY EDUCATION FOUNDATION INC"" Dunedin FL scholarship application",Dunedin,Pinellas,264485687,3732796,0,B82,Y,ntee:B82;files-990PF;private-foundation:04;name:foundation;ntee-education:B82;name:education,,,,,,,,,
A,93,VINIK FAMILY FOUNDATION,VINIK FAMILY FOUNDATION,,"""VINIK FAMILY FOUNDATION"" Tampa FL scholarship application",Tampa,Hillsborough,911917506,183309893,0,B82,Y,ntee:B82;files-990PF;private-foundation:04;name:foundation;ntee-education:B82,,,,,,,,,
A,93,FRANCIS AND GERTRUDE LEVETT FOUNDATION,FRANCIS AND GERTRUDE LEVETT FOUNDATION,,"""FRANCIS AND GERTRUDE LEVETT FOUNDATION"" St Petersburg FL scholarship application",St Petersburg,Pinellas,593614021,28305014,0,B82,Y,ntee:B82;files-990PF;private-foundation:04;name:foundation;ntee-education:B82,,,,,,,,,
A,93,MARY & BOB SIERRA FAMILY FOUNDATION INC,MARY & BOB SIERRA FAMILY FOUNDATION INC,,"""MARY & BOB SIERRA FAMILY FOUNDATION INC"" Tampa FL scholarship application",Tampa,Hillsborough,592846736,23132453,0,B82,Y,ntee:B82;files-990PF;private-foundation:04;name:foundation;ntee-education:B82,,,,,,,,,
A,93,KIWANIS CLUB OF BRADENTON FOUNDATION INC,KIWANIS CLUB OF BRADENTON FOUNDATION INC,,"""KIWANIS CLUB OF BRADENTON FOUNDATION INC"" Bradenton FL scholarship application",Bradenton,Manatee,650221660,14068450,492276,B82,,ntee:B82;name:service-club;name:foundation;ntee-education:B82,,,,,,,,,
A,93,BARRETT FAMILY FOUNDATION TR,BARRETT FAMILY FOUNDATION TR,,"""BARRETT FAMILY FOUNDATION TR"" Clearwater FL scholarship application",Clearwater,Pinellas,467200163,6411155,0,B82,Y,ntee:B82;files-990PF;private-foundation:03;name:foundation;ntee-education:B82,,,,,,,,,
A,93,MAX & AL JEANE BEACH FOUNDATION INC,MAX & AL JEANE BEACH FOUNDATION INC,,"""MAX & AL JEANE BEACH FOUNDATION INC"" Clearwater FL scholarship application",Clearwater,Pinellas,202560310,1724643,0,B82,Y,ntee:B82;files-990PF;private-foundation:04;name:foundation;ntee-education:B82,,,,,,,,,
A,93,VICTOR YOUNG FOUNDATION INC,VICTOR YOUNG FOUNDATION INC,,"""VICTOR YOUNG FOUNDATION INC"" Land O Lakes FL scholarship application",Land O Lakes,Pasco,920332226,1427590,0,B82,Y,ntee:B82;files-990PF;private-foundation:04;name:foundation;ntee-education:B82,,,,,,,,,
A,93,EUGENE AND EVELYN BANKS FAM CHARITABLE FOUNDATION,EUGENE AND EVELYN BANKS FAM CHARITABLE FOUNDATION,,"""EUGENE AND EVELYN BANKS FAM CHARITABLE FOUNDATION"" St Petersburg FL scholarship application",St Petersburg,Pinellas,203945115,1113598,0,B82,Y,ntee:B82;files-990PF;private-foundation:04;name:foundation;ntee-education:B82,,,,,,,,,
A,93,LARIAT FUTURE INNOVATORS FOUNDATION LLC,LARIAT FUTURE INNOVATORS FOUNDATION LLC,,"""LARIAT FUTURE INNOVATORS FOUNDATION LLC"" Sarasota FL scholarship application",Sarasota,Sarasota,844157555,977558,0,B82,Y,ntee:B82;files-990PF;private-foundation:04;name:foundation;ntee-education:B82,,,,,,,,,
A,93,GLASGOW FOUNDATION,GLASGOW FOUNDATION,,"""GLASGOW FOUNDATION"" Bradenton FL scholarship application",Bradenton,Manatee,873628753,762408,0,B82,Y,ntee:B82;files-990PF;private-foundation:04;name:foundation;ntee-education:B82,,,,,,,,,
A,93,THOMAS V GUARINO FAMILY FOUNDATION INC,THOMAS V GUARINO FAMILY FOUNDATION INC,,"""THOMAS V GUARINO FAMILY FOUNDATION INC"" Longboat Key FL scholarship application",Longboat Key,Sarasota,061617207,666794,0,B82,Y,ntee:B82;files-990PF;private-foundation:04;name:foundation;ntee-education:B82,,,,,,,,,
A,93,J ERIC JORDAN CHARITABLE FOUNDATION INC,J ERIC JORDAN CHARITABLE FOUNDATION INC,,"""J ERIC JORDAN CHARITABLE FOUNDATION INC"" Largo FL scholarship application",Largo,Pinellas,272388521,560064,0,B82,Y,ntee:B82;files-990PF;private-foundation:04;name:foundation;ntee-education:B82,,,,,,,,,
A,93,SHAH FOUNDATION INC,SHAH FOUNDATION INC,,"""SHAH FOUNDATION INC"" Wesley Chapel FL scholarship application",Wesley Chapel,Pasco,471610458,454606,0,B82,Y,ntee:B82;files-990PF;private-foundation:04;name:foundation;ntee-education:B82,,,,,,,,,
A,93,PETER PAULSON EXCELLENT FOUNDATION INC,PETER PAULSON EXCELLENT FOUNDATION INC,,"""PETER PAULSON EXCELLENT FOUNDATION INC"" Longboat Key FL scholarship application",Longboat Key,Sarasota,863292464,281145,0,B82,Y,ntee:B82;files-990PF;private-foundation:04;name:foundation;ntee-education:B82,,,,,,,,,
A,93,THE ATKINSREALIS FOUNDATION INC,THE ATKINSREALIS FOUNDATION INC,,"""THE ATKINSREALIS FOUNDATION INC"" Tampa FL scholarship application",Tampa,Hillsborough,204235058,207800,0,B82,Y,ntee:B82;files-990PF;private-foundation:04;name:foundation;ntee-education:B82,,,,,,,,,
A,93,PLANT CITY ROTARY FOUNDATION INC,PLANT CITY ROTARY FOUNDATION INC,,"""PLANT CITY ROTARY FOUNDATION INC"" Plant City FL scholarship application",Plant City,Hillsborough,200085933,112852,47391,B82,,ntee:B82;name:service-club;name:foundation;ntee-education:B82,,,,,,,,,
A,93,VICTORIA STRAUSS FOUNDATION INC,VICTORIA STRAUSS FOUNDATION INC,,"""VICTORIA STRAUSS FOUNDATION INC"" Venice FL scholarship application",Venice,Sarasota,883933149,93042,0,B82,Y,ntee:B82;files-990PF;private-foundation:04;name:foundation;ntee-education:B82,,,,,,,,,
A,93,SWADARSHAN FOUNDATION LTD,SWADARSHAN FOUNDATION LTD,,"""SWADARSHAN FOUNDATION LTD"" Tampa FL scholarship application",Tampa,Hillsborough,208925241,82395,0,B82,Y,ntee:B82;files-990PF;private-foundation:04;name:foundation;ntee-education:B82,,,,,,,,,
A,93,THE ROTARY CLUB OF SPRING HILL FOUNDATION INC,THE ROTARY CLUB OF SPRING HILL FOUNDATION INC,,"""THE ROTARY CLUB OF SPRING HILL FOUNDATION INC"" Spring Hill FL scholarship application",Spring Hill,Pasco,593740629,61623,26773,B82,,ntee:B82;name:service-club;name:foundation;ntee-education:B82,,,,,,,,,
A,93,KOHN-BANCROFT FAMILY FOUNDATION,KOHN-BANCROFT FAMILY FOUNDATION,,"""KOHN-BANCROFT FAMILY FOUNDATION"" North Port FL scholarship application",North Port,Sarasota,383537827,17306,0,B82,Y,ntee:B82;files-990PF;private-foundation:04;name:foundation;ntee-education:B82,,,,,,,,,
A,93,ROBERT L HOWARD FOUNDATION,ROBERT L HOWARD FOUNDATION,,"""ROBERT L HOWARD FOUNDATION"" Apollo Beach FL scholarship application",Apollo Beach,Hillsborough,933026131,16512,0,B82,Y,ntee:B82;files-990PF;private-foundation:04;name:foundation;ntee-education:B82,,,,,,,,,
A,93,ORRIN J BUMP FOUNDATION INC,ORRIN J BUMP FOUNDATION INC,,"""ORRIN J BUMP FOUNDATION INC"" North Port FL scholarship application",North Port,Sarasota,814803789,12936,0,B82,Y,ntee:B82;files-990PF;private-foundation:04;name:foundation;ntee-education:B82,,,,,,,,,
A,93,MINI FRIENDS FOUNDATION INC,MINI FRIENDS FOUNDATION INC,,"""MINI FRIENDS FOUNDATION INC"" Valrico FL scholarship application",Valrico,Hillsborough,922389229,11978,0,B82,Y,ntee:B82;files-990PF;private-foundation:04;name:foundation;ntee-education:B82,,,,,,,,,
A,93,BESTFIT FOUNDATION INCORPORATED,BESTFIT FOUNDATION INCORPORATED,,"""BESTFIT FOUNDATION INCORPORATED"" Tampa FL scholarship application",Tampa,Hillsborough,830902309,3443,0,B82,Y,ntee:B82;files-990PF;private-foundation:04;name:foundation;ntee-education:B82,,,,,,,,,
A,93,TYLER J PANGRAZIO FOUNDATION INC,TYLER J PANGRAZIO FOUNDATION INC,,"""TYLER J PANGRAZIO FOUNDATION INC"" Ruskin FL scholarship application",Ruskin,Hillsborough,472211330,2176,0,B82,Y,ntee:B82;files-990PF;private-foundation:04;name:foundation;ntee-education:B82,,,,,,,,,
A,93,THE SAM AND LAURICE HACHEM FOUNDATION INC,THE SAM AND LAURICE HACHEM FOUNDATION INC,,"""THE SAM AND LAURICE HACHEM FOUNDATION INC"" Tampa FL scholarship application",Tampa,Hillsborough,830779834,1,0,B82,Y,ntee:B82;files-990PF;private-foundation:04;name:foundation;ntee-education:B82,,,,,,,,,
A,93,DR GEORGE JOSEPH MEMORIAL FOUNDATION INC,DR GEORGE JOSEPH MEMORIAL FOUNDATION INC,,"""DR GEORGE JOSEPH MEMORIAL FOUNDATION INC"" Tampa FL scholarship application",Tampa,Hillsborough,934605117,1,0,B82,Y,ntee:B82;files-990PF;private-foundation:04;name:foundation;ntee-education:B82,,,,,,,,,
A,93,LOVE LIKE LUKE MEMORIAL FOUNDATION INC,LOVE LIKE LUKE MEMORIAL FOUNDATION INC,,"""LOVE LIKE LUKE MEMORIAL FOUNDATION INC"" Brandon FL scholarship application",Brandon,Hillsborough,394645113,0,0,B82,Y,ntee:B82;files-990PF;private-foundation:04;name:foundation;ntee-education:B82,,,,,,,,,
A,93,KIWANIS CLUB OF GREATER BRANDON FOUNDATION INC,KIWANIS CLUB OF GREATER BRANDON FOUNDATION INC,,"""KIWANIS CLUB OF GREATER BRANDON FOUNDATION INC"" Brandon FL scholarship application",Brandon,Hillsborough,593374183,0,0,B82,,ntee:B82;name:service-club;name:foundation;ntee-education:B82,,,,,,,,,
A,93,ROTARY CLUB OF FISHHAWKRIVERVIEW FOUNDATION INC,ROTARY CLUB OF FISHHAWKRIVERVIEW FOUNDATION INC,,"""ROTARY CLUB OF FISHHAWKRIVERVIEW FOUNDATION INC"" Riverview FL scholarship application",Riverview,Hillsborough,651208324,0,0,B82,,ntee:B82;name:service-club;name:foundation;ntee-education:B82,,,,,,,,,
A,93,WILLS WAY FOUNDATION INC,WILLS WAY FOUNDATION INC,,"""WILLS WAY FOUNDATION INC"" Odessa FL scholarship application",Odessa,Hillsborough,874013753,0,0,B82,Y,ntee:B82;files-990PF;private-foundation:04;name:foundation;ntee-education:B82,,,,,,,,,
A,93,BOTTOM OF THE NINTH FOUNDATION INC,BOTTOM OF THE NINTH FOUNDATION INC,,"""BOTTOM OF THE NINTH FOUNDATION INC"" Lakewood Ranch FL scholarship application",Lakewood Ranch,Manatee,881685613,0,0,B82,Y,ntee:B82;files-990PF;private-foundation:04;name:foundation;ntee-education:B82,,,,,,,,,
A,93,CROWNING LEADERS FOUNDATION INC,CROWNING LEADERS FOUNDATION INC,,"""CROWNING LEADERS FOUNDATION INC"" Apollo Beach FL scholarship application",Apollo Beach,Hillsborough,991044063,0,0,B82,Y,ntee:B82;files-990PF;private-foundation:04;name:foundation;ntee-education:B82,,,,,,,,,
A,88,LEMON BAY SUNRISE ROTARY SCHOLARSHIP TRUST,LEMON BAY SUNRISE ROTARY SCHOLARSHIP TRUST,,"""LEMON BAY SUNRISE ROTARY SCHOLARSHIP TRUST"" Englewood FL scholarship application",Englewood,Sarasota,593165457,1546994,66346,B82Z,,name:scholarship;name:service-club;ntee-education:B82Z,,,,,,,,,
A,88,DOROTHY MILLER EDUCATIONAL TR,DOROTHY MILLER EDUCATIONAL TR,,"""DOROTHY MILLER EDUCATIONAL TR"" Largo FL scholarship application",Largo,Pinellas,597028415,99992,0,B82,Y,ntee:B82;files-990PF;private-foundation:04;ntee-education:B82;name:education,,,,,,,,,
A,83,BRANDON ROTARY CLUB CHARITY FUND INC,BRANDON ROTARY CLUB CHARITY FUND INC,,"""BRANDON ROTARY CLUB CHARITY FUND INC"" Brandon FL scholarship application",Brandon,Hillsborough,593329005,1160880,411519,B82,,ntee:B82;name:service-club;ntee-education:B82,,,,,,,,,
A,83,EDNA WEINSTEIN RESIDUARY TR,EDNA WEINSTEIN RESIDUARY TR,,"""EDNA WEINSTEIN RESIDUARY TR"" Bradenton FL scholarship application",Bradenton,Manatee,206419096,667062,0,B82,Y,ntee:B82;files-990PF;private-foundation:04;ntee-education:B82,,,,,,,,,
A,83,LEMON BAY SUNRISE ROTARY COMMUNITY TRUST,LEMON BAY SUNRISE ROTARY COMMUNITY TRUST,,"""LEMON BAY SUNRISE ROTARY COMMUNITY TRUST"" Englewood FL scholarship application",Englewood,Sarasota,316666463,511593,22251,B82,,ntee:B82;name:service-club;ntee-education:B82,,,,,,,,,
A,83,JILLIAN SPENCER GOLF SCRAMBLE,JILLIAN SPENCER GOLF SCRAMBLE,,"""JILLIAN SPENCER GOLF SCRAMBLE"" Englewood FL scholarship application",Englewood,Sarasota,991517922,1000,0,B82,Y,ntee:B82;files-990PF;private-foundation:04;ntee-education:B82,,,,,,,,,
A,83,JIM BOYKO AND FRIENDS GIVE HALF SAVE HALF EARNINGS INC,JIM BOYKO AND FRIENDS GIVE HALF SAVE HALF EARNINGS INC,,"""JIM BOYKO AND FRIENDS GIVE HALF SAVE HALF EARNINGS INC"" Spring Hill FL scholarship application",Spring Hill,Pasco,392916908,0,0,B82,Y,ntee:B82;files-990PF;private-foundation:04;ntee-education:B82,,,,,,,,,
A,80,R E AND GRACE KAUTZKY SCHOLARSHIP FUND,R E AND GRACE KAUTZKY SCHOLARSHIP FUND,,"""R E AND GRACE KAUTZKY SCHOLARSHIP FUND"" Tampa FL scholarship application",Tampa,Hillsborough,426385489,472980,0,,Y,name:scholarship;files-990PF;private-foundation:04,,,,,,,,,
A,80,FLOYD A CONAWAY & BETTY H CONAWAY SCHOLARSHIP FUND,FLOYD A CONAWAY & BETTY H CONAWAY SCHOLARSHIP FUND,,"""FLOYD A CONAWAY & BETTY H CONAWAY SCHOLARSHIP FUND"" St Petersburg FL scholarship application",St Petersburg,Pinellas,596968103,405865,0,,Y,name:scholarship;files-990PF;private-foundation:04,,,,,,,,,
A,80,MERLIN & ETHYL RUFER SCHOLARSHIP TRUST,MERLIN & ETHYL RUFER SCHOLARSHIP TRUST,,"""MERLIN & ETHYL RUFER SCHOLARSHIP TRUST"" Tampa FL scholarship application",Tampa,Hillsborough,421350542,178756,0,,Y,name:scholarship;files-990PF;private-foundation:04,,,,,,,,,
A,80,MABEL M HEID SCHOLARSHIP,MABEL M HEID SCHOLARSHIP,,"""MABEL M HEID SCHOLARSHIP"" Sarasota FL scholarship application",Sarasota,Sarasota,166357668,70872,0,,Y,name:scholarship;files-990PF;private-foundation:04,,,,,,,,,
A,80,FRANK A REINHART SCHOLARSHIP FUND,FRANK A REINHART SCHOLARSHIP FUND,,"""FRANK A REINHART SCHOLARSHIP FUND"" Palm Harbor FL scholarship application",Palm Harbor,Pinellas,650495979,47083,0,,Y,name:scholarship;files-990PF;private-foundation:04,,,,,,,,,
A,80,DR WILLIAM R HOLMES JR SCHOLARSHIP FUND,DR WILLIAM R HOLMES JR SCHOLARSHIP FUND,,"""DR WILLIAM R HOLMES JR SCHOLARSHIP FUND"" Palm Harbor FL scholarship application",Palm Harbor,Pinellas,570942186,41299,0,,Y,name:scholarship;files-990PF;private-foundation:04,,,,,,,,,
A,80,LANDES COMMUNITY FOUNDATION INC,LANDES COMMUNITY FOUNDATION INC,,"""LANDES COMMUNITY FOUNDATION INC"" Sarasota FL scholarship application",Sarasota,Sarasota,871855593,2989,0,T50,Y,name:community-foundation;files-990PF;private-foundation:03;name:foundation,,,,,,,,,
A,78,MARK SCHLAPPIG MEMORIAL FUND INC,MARK SCHLAPPIG MEMORIAL FUND INC,,"""MARK SCHLAPPIG MEMORIAL FUND INC"" Tampa FL scholarship application",Tampa,Hillsborough,133796267,10972,0,B82,,ntee:B82;name:memorial-fund;ntee-education:B82,,,,,,,,,
A,78,ZACHARY J STINESS MEMORIAL FUND INC,ZACHARY J STINESS MEMORIAL FUND INC,,"""ZACHARY J STINESS MEMORIAL FUND INC"" Nokomis FL scholarship application",Nokomis,Sarasota,203251664,0,0,B82,,ntee:B82;name:memorial-fund;ntee-education:B82,,,,,,,,,
A,78,MARGARET E GARLAND AND JOHN JACK MURTAGH MEMORIAL FUND CORP,MARGARET E GARLAND AND JOHN JACK MURTAGH MEMORIAL FUND CORP,,"""MARGARET E GARLAND AND JOHN JACK MURTAGH MEMORIAL FUND CORP"" St Petersburg FL scholarship application",St Petersburg,Pinellas,332746594,0,0,B82,,ntee:B82;name:memorial-fund;ntee-education:B82,,,,,,,,,
A,78,PETER MICHAEL ABBOTT MEMORIAL FUND,PETER MICHAEL ABBOTT MEMORIAL FUND,,"""PETER MICHAEL ABBOTT MEMORIAL FUND"" Sarasota FL scholarship application",Sarasota,Sarasota,383886667,0,0,B82,,ntee:B82;name:memorial-fund;ntee-education:B82,,,,,,,,,
A,78,SOKE KINNEY MEMORIAL FUND INC,SOKE KINNEY MEMORIAL FUND INC,,"""SOKE KINNEY MEMORIAL FUND INC"" St Petersburg FL scholarship application",St Petersburg,Pinellas,812108510,0,0,B82,,ntee:B82;name:memorial-fund;ntee-education:B82,,,,,,,,,
A,78,JOHN JOYCE MEMORIAL FUND INC,JOHN JOYCE MEMORIAL FUND INC,,"""JOHN JOYCE MEMORIAL FUND INC"" North Port FL scholarship application",North Port,Sarasota,920416281,0,0,B82,,ntee:B82;name:memorial-fund;ntee-education:B82,,,,,,,,,
A,73,SETH MORRIS 911 HEROS FOUNDATION INC,SETH MORRIS 911 HEROS FOUNDATION INC,,"""SETH MORRIS 911 HEROS FOUNDATION INC"" Sarasota FL scholarship application",Sarasota,Sarasota,010728135,369680,0,B82,,ntee:B82;private-foundation:04;name:foundation;ntee-education:B82,,,,,,,,,
A,73,TAMPA ALUMNI GUIDE RIGHT FOUNDATION INC,TAMPA ALUMNI GUIDE RIGHT FOUNDATION INC,,"""TAMPA ALUMNI GUIDE RIGHT FOUNDATION INC"" Tampa FL scholarship application",Tampa,Hillsborough,202507898,113991,75612,B82,,ntee:B82;name:foundation;name:alumni/booster;ntee-education:B82,,,,,,,,,
A,73,BETA NU ALUMNI HOUSING FOUNDATION,BETA NU ALUMNI HOUSING FOUNDATION,,"""BETA NU ALUMNI HOUSING FOUNDATION"" Tampa FL scholarship application",Tampa,Hillsborough,202304287,0,0,B82,,ntee:B82;name:foundation;name:alumni/booster;ntee-education:B82,,,,,,,,,
A,70,COMMUNITY FOUNDATION OF TAMPA BAY INC,COMMUNITY FOUNDATION OF TAMPA BAY INC,,"""COMMUNITY FOUNDATION OF TAMPA BAY INC"" Tampa FL scholarship application",Tampa,Hillsborough,593001853,879240557,203636714,T31,,name:community-foundation;ntee-grantmaker:T31;name:foundation,,,,,,,,,
A,70,COMMUNITY FOUNDATION OF SARASOTA COUNTY INC,COMMUNITY FOUNDATION OF SARASOTA COUNTY INC,,"""COMMUNITY FOUNDATION OF SARASOTA COUNTY INC"" Sarasota FL scholarship application",Sarasota,Sarasota,591956886,518451597,87039125,T310,,name:community-foundation;ntee-grantmaker:T310;name:foundation,,,,,,,,,
A,70,GULF COAST COMMUNITY FOUNDATION INC,GULF COAST COMMUNITY FOUNDATION INC,,"""GULF COAST COMMUNITY FOUNDATION INC"" Venice FL scholarship application",Venice,Sarasota,591052433,482820352,54435281,T310,,name:community-foundation;ntee-grantmaker:T310;name:foundation,,,,,,,,,
A,70,PINELLAS COMMUNITY FOUNDATION,PINELLAS COMMUNITY FOUNDATION,,"""PINELLAS COMMUNITY FOUNDATION"" Clearwater FL scholarship application",Clearwater,Pinellas,237113194,154557687,21652227,T31Z,,name:community-foundation;ntee-grantmaker:T31Z;name:foundation,,,,,,,,,
A,70,MANATEE COMMUNITY FOUNDATION INC,MANATEE COMMUNITY FOUNDATION INC,,"""MANATEE COMMUNITY FOUNDATION INC"" Bradenton FL scholarship application",Bradenton,Manatee,650833500,69118344,10235365,T31,,name:community-foundation;ntee-grantmaker:T31;name:foundation,,,,,,,,,
A,70,MEMORIAL SCHOLARSHIP PROGRAM OF FREEDOM VILLAGE,MEMORIAL SCHOLARSHIP PROGRAM OF FREEDOM VILLAGE,,"""MEMORIAL SCHOLARSHIP PROGRAM OF FREEDOM VILLAGE"" Bradenton FL scholarship application",Bradenton,Manatee,650597726,824417,188023,T30,,name:scholarship;ntee-grantmaker:T30,,,,,,,,,
A,70,MANLEY MUSIC SCHOLARSHIP TR FUND UW,MANLEY MUSIC SCHOLARSHIP TR FUND UW,,"""MANLEY MUSIC SCHOLARSHIP TR FUND UW"" Tampa FL scholarship application",Tampa,Hillsborough,352028289,347566,0,,Y,name:scholarship;files-990PF,,,,,,,,,
A,70,BELLEAIR COMMUNITY FOUNDATION INC,BELLEAIR COMMUNITY FOUNDATION INC,,"""BELLEAIR COMMUNITY FOUNDATION INC"" Belleair FL scholarship application",Belleair,Pinellas,455425037,206245,51255,T31,,name:community-foundation;ntee-grantmaker:T31;name:foundation,,,,,,,,,
A,70,DALLAM SCHOLARSHIP UNITRUST,DALLAM SCHOLARSHIP UNITRUST,,"""DALLAM SCHOLARSHIP UNITRUST"" Tampa FL scholarship application",Tampa,Hillsborough,426313453,101541,0,,Y,name:scholarship;files-990PF,,,,,,,,,
A,68,AAA SCHOLARSHIP FOUNDATION INC,AAA SCHOLARSHIP FOUNDATION INC,,"""AAA SCHOLARSHIP FOUNDATION INC"" Tampa FL scholarship application",Tampa,Hillsborough,272559468,157269937,104400455,B21,,name:scholarship;name:foundation;ntee-education:B21,,,,,,,,,
A,68,ADMIRAL FARRAGUT ACADEMY FOUNDATION INC,ADMIRAL FARRAGUT ACADEMY FOUNDATION INC,,"""ADMIRAL FARRAGUT ACADEMY FOUNDATION INC"" St Petersburg FL scholarship application",St Petersburg,Pinellas,311506065,3663051,222334,B82,,ntee:B82;name:foundation;ntee-education:B82;name:education,,,,,,,,,
A,68,FRANK B FAY III SCHOLARSHIP FOUNDATION 44405846,FRANK B FAY III SCHOLARSHIP FOUNDATION 44405846,,"""FRANK B FAY III SCHOLARSHIP FOUNDATION 44405846"" Sarasota FL scholarship application",Sarasota,Sarasota,656276425,744175,145040,B11,,name:scholarship;name:foundation;ntee-education:B11,,,,,,,,,
A,68,CATHOLIC EDUCATION SUPPORT FOUNDATION OF TAMPA,CATHOLIC EDUCATION SUPPORT FOUNDATION OF TAMPA,,"""CATHOLIC EDUCATION SUPPORT FOUNDATION OF TAMPA"" Tampa FL scholarship application",Tampa,Hillsborough,882144266,212365,250000,B82,,ntee:B82;name:foundation;ntee-education:B82;name:education,,,,,,,,,
A,68,CHEMICAL COATERS ASSOC INTERNL FINISHING EDUCATION FOUNDATION,CHEMICAL COATERS ASSOC INTERNL FINISHING EDUCATION FOUNDATION,,"""CHEMICAL COATERS ASSOC INTERNL FINISHING EDUCATION FOUNDATION"" Lakewood Ranch FL scholarship application",Lakewood Ranch,Manatee,832985088,137812,111231,B82,,ntee:B82;name:foundation;ntee-education:B82;name:education,,,,,,,,,
A,68,CHILDRENS MUSIC EDUCATION FOUNDATION,CHILDRENS MUSIC EDUCATION FOUNDATION,,"""CHILDRENS MUSIC EDUCATION FOUNDATION"" Bradenton FL scholarship application",Bradenton,Manatee,202745809,56714,2916,B82,,ntee:B82;name:foundation;ntee-education:B82;name:education,,,,,,,,,
A,68,GREATER SEMINOLE AREA SMALL BUSINESS EDUCATION FOUNDATION INC,GREATER SEMINOLE AREA SMALL BUSINESS EDUCATION FOUNDATION INC,,"""GREATER SEMINOLE AREA SMALL BUSINESS EDUCATION FOUNDATION INC"" Seminole FL scholarship application",Seminole,Pinellas,593596583,8502,1,B82,,ntee:B82;name:foundation;ntee-education:B82;name:education,,,,,,,,,
A,68,HERITAGE EDUCATIONAL ADVANCEMENT & RESOURCE TRUST FOUNDATION INC,HERITAGE EDUCATIONAL ADVANCEMENT & RESOURCE TRUST FOUNDATION INC,,"""HERITAGE EDUCATIONAL ADVANCEMENT & RESOURCE TRUST FOUNDATION INC"" North Port FL scholarship application",North Port,Sarasota,394095137,1,0,B82,,ntee:B82;name:foundation;ntee-education:B82;name:education,,,,,,,,,
A,68,3E ACADEMIC FOUNDATION INC,3E ACADEMIC FOUNDATION INC,,"""3E ACADEMIC FOUNDATION INC"" Lutz FL scholarship application",Lutz,Hillsborough,201183950,0,0,B82,,ntee:B82;name:foundation;ntee-education:B82;name:education,,,,,,,,,
A,68,PI IOTA EDUCATION FOUNDATION INC,PI IOTA EDUCATION FOUNDATION INC,,"""PI IOTA EDUCATION FOUNDATION INC"" Tampa FL scholarship application",Tampa,Hillsborough,203229659,0,0,B82,,ntee:B82;name:foundation;ntee-education:B82;name:education,,,,,,,,,
A,68,PUBLIC SERVICE EDUCATION FOUNDATION OF PINELLAS PARK,PUBLIC SERVICE EDUCATION FOUNDATION OF PINELLAS PARK,,"""PUBLIC SERVICE EDUCATION FOUNDATION OF PINELLAS PARK"" Pinellas Park FL scholarship application",Pinellas Park,Pinellas,364484668,0,0,B82,,ntee:B82;name:foundation;ntee-education:B82;name:education,,,,,,,,,
A,68,BETA SIGMA ZETA EDUCATIONAL FOUNDATION INC,BETA SIGMA ZETA EDUCATIONAL FOUNDATION INC,,"""BETA SIGMA ZETA EDUCATIONAL FOUNDATION INC"" Tampa FL scholarship application",Tampa,Hillsborough,384366211,0,0,B82,,ntee:B82;name:foundation;ntee-education:B82;name:education,,,,,,,,,
A,68,MIMMS EDUCATIONAL FOUNDATION INC,MIMMS EDUCATIONAL FOUNDATION INC,,"""MIMMS EDUCATIONAL FOUNDATION INC"" Tampa FL scholarship application",Tampa,Hillsborough,562619715,0,0,B82,,ntee:B82;name:foundation;ntee-education:B82;name:education,,,,,,,,,
A,68,RISING SCHOLARS FOUNDATION INC,RISING SCHOLARS FOUNDATION INC,,"""RISING SCHOLARS FOUNDATION INC"" Sarasota FL scholarship application",Sarasota,Sarasota,932653999,0,0,B90,,name:scholarship;name:foundation;ntee-education:B90,,,,,,,,,
A,63,SPECIAL OPERATIONS WARRIOR FOUNDATION,SPECIAL OPERATIONS WARRIOR FOUNDATION,,"""SPECIAL OPERATIONS WARRIOR FOUNDATION"" Tampa FL scholarship application",Tampa,Hillsborough,521183585,256640715,53909238,B82,,ntee:B82;name:foundation;ntee-education:B82,,,,,,,,,
A,63,LIGHTNING FOUNDATION INC,LIGHTNING FOUNDATION INC,,"""LIGHTNING FOUNDATION INC"" Tampa FL scholarship application",Tampa,Hillsborough,593542305,4379203,5619664,B82,,ntee:B82;name:foundation;ntee-education:B82,,,,,,,,,
A,63,RYAN WELLS FOUNDATION INC,RYAN WELLS FOUNDATION INC,,"""RYAN WELLS FOUNDATION INC"" Palm Harbor FL scholarship application",Palm Harbor,Pinellas,043824815,1823335,210691,B82,,ntee:B82;name:foundation;ntee-education:B82,,,,,,,,,
A,63,BERNARD SANBERG MEMORIAL FOUNDATION INC,BERNARD SANBERG MEMORIAL FOUNDATION INC,,"""BERNARD SANBERG MEMORIAL FOUNDATION INC"" Lutz FL scholarship application",Lutz,Hillsborough,030447272,1171856,216063,B82,,ntee:B82;name:foundation;ntee-education:B82,,,,,,,,,
A,63,GAMMA XI BOULE FOUNDATION INC,GAMMA XI BOULE FOUNDATION INC,,"""GAMMA XI BOULE FOUNDATION INC"" Bradenton FL scholarship application",Bradenton,Manatee,593711858,684253,203297,B82,,ntee:B82;name:foundation;ntee-education:B82,,,,,,,,,
A,63,GARY AND DONNA KOCH FAMILY FOUNDATION INC,GARY AND DONNA KOCH FAMILY FOUNDATION INC,,"""GARY AND DONNA KOCH FAMILY FOUNDATION INC"" Tampa FL scholarship application",Tampa,Hillsborough,472173745,409371,85995,B82,,ntee:B82;name:foundation;ntee-education:B82,,,,,,,,,
A,63,JASON ACKERMAN FOUNDATION INC,JASON ACKERMAN FOUNDATION INC,,"""JASON ACKERMAN FOUNDATION INC"" Tampa FL scholarship application",Tampa,Hillsborough,452642471,316315,95439,B82,,ntee:B82;name:foundation;ntee-education:B82,,,,,,,,,
A,63,METALS SERVICE CENTER INSTITUTE FOUNDATION,METALS SERVICE CENTER INSTITUTE FOUNDATION,,"""METALS SERVICE CENTER INSTITUTE FOUNDATION"" Tampa FL scholarship application",Tampa,Hillsborough,200333704,219151,37490,B82,,ntee:B82;name:foundation;ntee-education:B82,,,,,,,,,
A,63,REAGAN DELANEY TOKES MEMORIAL FOUNDATION,REAGAN DELANEY TOKES MEMORIAL FOUNDATION,,"""REAGAN DELANEY TOKES MEMORIAL FOUNDATION"" Sarasota FL scholarship application",Sarasota,Sarasota,823088492,179775,50143,B82,,ntee:B82;name:foundation;ntee-education:B82,,,,,,,,,
A,63,FEZZIWIG WWJD FOUNDATION INC,FEZZIWIG WWJD FOUNDATION INC,,"""FEZZIWIG WWJD FOUNDATION INC"" Tampa FL scholarship application",Tampa,Hillsborough,202020014,173239,113351,B82,,ntee:B82;name:foundation;ntee-education:B82,,,,,,,,,
A,63,YOUTH DEVELOPMENT FOUNDATION OF PINELLAS COUNTY INC,YOUTH DEVELOPMENT FOUNDATION OF PINELLAS COUNTY INC,,"""YOUTH DEVELOPMENT FOUNDATION OF PINELLAS COUNTY INC"" St Petersburg FL scholarship application",St Petersburg,Pinellas,912002544,146903,249049,B82,,ntee:B82;name:foundation;ntee-education:B82,,,,,,,,,
A,63,HISPANIC PROFESSIONAL WOMEN S FOUNDATION INC,HISPANIC PROFESSIONAL WOMEN S FOUNDATION INC,,"""HISPANIC PROFESSIONAL WOMEN S FOUNDATION INC"" Tampa FL scholarship application",Tampa,Hillsborough,842933378,71721,97314,B82,,ntee:B82;name:foundation;ntee-education:B82,,,,,,,,,
A,63,CORE TECHNOLOGY FOUNDATION INC,CORE TECHNOLOGY FOUNDATION INC,,"""CORE TECHNOLOGY FOUNDATION INC"" Osprey FL scholarship application",Osprey,Sarasota,882897351,44132,10753,B82,,ntee:B82;name:foundation;ntee-education:B82,,,,,,,,,
A,63,IVY FOUNDATION INC,IVY FOUNDATION INC,,"""IVY FOUNDATION INC"" Bradenton FL scholarship application",Bradenton,Manatee,562537578,35052,35569,B82,,ntee:B82;name:foundation;ntee-education:B82,,,,,,,,,
A,63,SCHOLARS CHRISTIAN PRESCHOOL AND ACADEMY INC,SCHOLARS CHRISTIAN PRESCHOOL AND ACADEMY INC,,"""SCHOLARS CHRISTIAN PRESCHOOL AND ACADEMY INC"" Tampa FL scholarship application",Tampa,Hillsborough,454704453,32589,355881,B20,,name:scholarship;ntee-education:B20;name:education,,,,,,,,,
A,63,COVENANT FOUNDATION OF FLORIDA INC,COVENANT FOUNDATION OF FLORIDA INC,,"""COVENANT FOUNDATION OF FLORIDA INC"" Clearwater FL scholarship application",Clearwater,Pinellas,842780998,27767,125338,B82,,ntee:B82;name:foundation;ntee-education:B82,,,,,,,,,
A,63,COACH FRANK ORTEGA FOUNDATION INC,COACH FRANK ORTEGA FOUNDATION INC,,"""COACH FRANK ORTEGA FOUNDATION INC"" Valrico FL scholarship application",Valrico,Hillsborough,871058172,21911,0,B82,,ntee:B82;name:foundation;ntee-education:B82,,,,,,,,,
A,63,ESSIE STROTHER PATTERSON LEGACY FOUNDATION,ESSIE STROTHER PATTERSON LEGACY FOUNDATION,,"""ESSIE STROTHER PATTERSON LEGACY FOUNDATION"" Tampa FL scholarship application",Tampa,Hillsborough,471736146,3638,105800,B82,,ntee:B82;name:foundation;ntee-education:B82,,,,,,,,,
A,63,NORTH PORT CHAMBER FOUNDATION INC,NORTH PORT CHAMBER FOUNDATION INC,,"""NORTH PORT CHAMBER FOUNDATION INC"" North Port FL scholarship application",North Port,Sarasota,994505936,600,600,B82,,ntee:B82;name:foundation;ntee-education:B82,,,,,,,,,
A,63,MOLLY MAGUIRES FOUNDATION INC,MOLLY MAGUIRES FOUNDATION INC,,"""MOLLY MAGUIRES FOUNDATION INC"" Clearwater FL scholarship application",Clearwater,Pinellas,261856568,1,0,B82,,ntee:B82;name:foundation;ntee-education:B82,,,,,,,,,
A,63,CASTO MUSCLE FOUNDATION,CASTO MUSCLE FOUNDATION,,"""CASTO MUSCLE FOUNDATION"" Riverview FL scholarship application",Riverview,Hillsborough,460566959,1,18000,B82,,ntee:B82;name:foundation;ntee-education:B82,,,,,,,,,
A,63,MAGGI GIVES BACK FOUNDATION INC,MAGGI GIVES BACK FOUNDATION INC,,"""MAGGI GIVES BACK FOUNDATION INC"" Oldsmar FL scholarship application",Oldsmar,Pinellas,881656827,1,0,B82,,ntee:B82;name:foundation;ntee-education:B82,,,,,,,,,
A,63,PATRICK LECOURS MEMORIAL FOUNDATION,PATRICK LECOURS MEMORIAL FOUNDATION,,"""PATRICK LECOURS MEMORIAL FOUNDATION"" North Port FL scholarship application",North Port,Sarasota,030350828,0,0,B82,,ntee:B82;name:foundation;ntee-education:B82,,,,,,,,,
A,63,FREEDOM HIGH SCHOOL ATHLETIC BOOSTER CLUB,FREEDOM HIGH SCHOOL ATHLETIC BOOSTER CLUB,,"""FREEDOM HIGH SCHOOL ATHLETIC BOOSTER CLUB"" Tampa FL scholarship application",Tampa,Hillsborough,061645835,0,0,B82,,ntee:B82;name:alumni/booster;ntee-education:B82,,,,,,,,,
A,63,THETA BETA FOUNDATION OF SOUTH FLORIDA INC A NOT FOR PROFIT CORP,THETA BETA FOUNDATION OF SOUTH FLORIDA INC A NOT FOR PROFIT CORP,,"""THETA BETA FOUNDATION OF SOUTH FLORIDA INC A NOT FOR PROFIT CORP"" Plant City FL scholarship application",Plant City,Hillsborough,201739102,0,0,B82,,ntee:B82;name:foundation;ntee-education:B82,,,,,,,,,
A,63,ZIMMER FOUNDATION FOR CHINA,ZIMMER FOUNDATION FOR CHINA,,"""ZIMMER FOUNDATION FOR CHINA"" Bradenton FL scholarship application",Bradenton,Manatee,223915583,0,0,B82,,ntee:B82;name:foundation;ntee-education:B82,,,,,,,,,
A,63,JENNIFER NOLLETTI MEMORIAL ART FOUNDATION,JENNIFER NOLLETTI MEMORIAL ART FOUNDATION,,"""JENNIFER NOLLETTI MEMORIAL ART FOUNDATION"" Palm Harbor FL scholarship application",Palm Harbor,Pinellas,261987324,0,0,B82,,ntee:B82;name:foundation;ntee-education:B82,,,,,,,,,
A,63,HELP A FAMILY FOUNDATION INC,HELP A FAMILY FOUNDATION INC,,"""HELP A FAMILY FOUNDATION INC"" Zephyrhills FL scholarship application",Zephyrhills,Pasco,271569640,0,0,B82,,ntee:B82;name:foundation;ntee-education:B82,,,,,,,,,
A,63,GRANDE SPORTS WORLD FOUNDATION,GRANDE SPORTS WORLD FOUNDATION,,"""GRANDE SPORTS WORLD FOUNDATION"" Sarasota FL scholarship application",Sarasota,Sarasota,273924560,0,0,B82,,ntee:B82;name:foundation;ntee-education:B82,,,,,,,,,
A,63,MILAGROS HOPE FOUNDATION INCORPORATED,MILAGROS HOPE FOUNDATION INCORPORATED,,"""MILAGROS HOPE FOUNDATION INCORPORATED"" Wesley Chapel FL scholarship application",Wesley Chapel,Pasco,332009818,0,0,B82,,ntee:B82;name:foundation;ntee-education:B82,,,,,,,,,
A,63,FUERZA FOUNDATION INC,FUERZA FOUNDATION INC,,"""FUERZA FOUNDATION INC"" Dover FL scholarship application",Dover,Hillsborough,333600697,0,0,B82,,ntee:B82;name:foundation;ntee-education:B82,,,,,,,,,
A,63,VANESSA HEROLD ARNAUD MEMORIAL FOUNDATION,VANESSA HEROLD ARNAUD MEMORIAL FOUNDATION,,"""VANESSA HEROLD ARNAUD MEMORIAL FOUNDATION"" St Petersburg FL scholarship application",St Petersburg,Pinellas,393412445,0,0,B82,,ntee:B82;name:foundation;ntee-education:B82,,,,,,,,,
A,63,NAJAH FOUNDATION INC,NAJAH FOUNDATION INC,,"""NAJAH FOUNDATION INC"" Seffner FL scholarship application",Seffner,Hillsborough,412942703,0,0,B82,,ntee:B82;name:foundation;ntee-education:B82,,,,,,,,,
A,63,MINDSET MATTERS FOUNDATION CORPORATION,MINDSET MATTERS FOUNDATION CORPORATION,,"""MINDSET MATTERS FOUNDATION CORPORATION"" Riverview FL scholarship application",Riverview,Hillsborough,414021138,0,0,B82,,ntee:B82;name:foundation;ntee-education:B82,,,,,,,,,
A,63,RYAN THOMAS STEVENS FOUNDATION INC,RYAN THOMAS STEVENS FOUNDATION INC,,"""RYAN THOMAS STEVENS FOUNDATION INC"" Venice FL scholarship application",Venice,Sarasota,414601757,0,0,B82,,ntee:B82;name:foundation;ntee-education:B82,,,,,,,,,
A,63,GREATER PLANT CITY CHAMBER OF COMMERCE FOUNDATION INC,GREATER PLANT CITY CHAMBER OF COMMERCE FOUNDATION INC,,"""GREATER PLANT CITY CHAMBER OF COMMERCE FOUNDATION INC"" Plant City FL scholarship application",Plant City,Hillsborough,421694211,0,0,B82,,ntee:B82;name:foundation;ntee-education:B82,,,,,,,,,
A,63,ISLAND ESTATES WOMENS CLUB CHARITABLE TRUST,ISLAND ESTATES WOMENS CLUB CHARITABLE TRUST,,"""ISLAND ESTATES WOMENS CLUB CHARITABLE TRUST"" Clearwater FL scholarship application",Clearwater,Pinellas,452905469,0,0,B82,,ntee:B82;name:foundation;ntee-education:B82,,,,,,,,,
A,63,XAVIER F CANNELLA FOUNDATION INC,XAVIER F CANNELLA FOUNDATION INC,,"""XAVIER F CANNELLA FOUNDATION INC"" Tampa FL scholarship application",Tampa,Hillsborough,453200760,0,0,B82,,ntee:B82;name:foundation;ntee-education:B82,,,,,,,,,
A,63,SAMUEL I RUSSELL FOUNDATION INC,SAMUEL I RUSSELL FOUNDATION INC,,"""SAMUEL I RUSSELL FOUNDATION INC"" Clearwater FL scholarship application",Clearwater,Pinellas,455310467,0,0,B82,,ntee:B82;name:foundation;ntee-education:B82,,,,,,,,,
A,63,FLASCO FOUNDATION INC,FLASCO FOUNDATION INC,,"""FLASCO FOUNDATION INC"" Riverview FL scholarship application",Riverview,Hillsborough,460988653,0,0,B82,,ntee:B82;name:foundation;ntee-education:B82,,,,,,,,,
A,63,ANTHONY FOWLER FOUNDATION INC,ANTHONY FOWLER FOUNDATION INC,,"""ANTHONY FOWLER FOUNDATION INC"" Parrish FL scholarship application",Parrish,Manatee,463659321,0,0,B82,,ntee:B82;name:foundation;ntee-education:B82,,,,,,,,,
A,63,RIVERVIEW WOMANS CLUB FOUNDATION INC,RIVERVIEW WOMANS CLUB FOUNDATION INC,,"""RIVERVIEW WOMANS CLUB FOUNDATION INC"" Riverview FL scholarship application",Riverview,Hillsborough,464334398,0,0,B82,,ntee:B82;name:foundation;ntee-education:B82,,,,,,,,,
A,63,HAMED MIRZAEI FOUNDATION,HAMED MIRZAEI FOUNDATION,,"""HAMED MIRZAEI FOUNDATION"" Brandon FL scholarship application",Brandon,Hillsborough,471438838,0,0,B82,,ntee:B82;name:foundation;ntee-education:B82,,,,,,,,,
A,63,ENDEAVOR PHMA PTO INC,ENDEAVOR PHMA PTO INC,,"""ENDEAVOR PHMA PTO INC"" Palm Harbor FL scholarship application",Palm Harbor,Pinellas,474341215,0,0,B82,,ntee:B82;name:alumni/booster;ntee-education:B82,,,,,,,,,
A,63,BUILD TAMPA BAY FOUNDATION INC,BUILD TAMPA BAY FOUNDATION INC,,"""BUILD TAMPA BAY FOUNDATION INC"" Tampa FL scholarship application",Tampa,Hillsborough,812137279,0,0,B82,,ntee:B82;name:foundation;ntee-education:B82,,,,,,,,,
A,63,SEAN BARTELL MEMORIAL FOUNDATION,SEAN BARTELL MEMORIAL FOUNDATION,,"""SEAN BARTELL MEMORIAL FOUNDATION"" Wesley Chapel FL scholarship application",Wesley Chapel,Pasco,815315661,0,0,B82,,ntee:B82;name:foundation;ntee-education:B82,,,,,,,,,
A,63,PROMISE FOUNDATION INTERNATIONAL INC,PROMISE FOUNDATION INTERNATIONAL INC,,"""PROMISE FOUNDATION INTERNATIONAL INC"" Gulfport FL scholarship application",Gulfport,Pinellas,843918714,0,0,B82,,ntee:B82;name:foundation;ntee-education:B82,,,,,,,,,
A,63,GHG YOUTH ENRICHMENT FOUNDATION INC,GHG YOUTH ENRICHMENT FOUNDATION INC,,"""GHG YOUTH ENRICHMENT FOUNDATION INC"" Dunedin FL scholarship application",Dunedin,Pinellas,871711344,0,0,B82,,ntee:B82;name:foundation;ntee-education:B82,,,,,,,,,
A,63,KAREN CUNNINGHAM MEMORIAL FOUNDATION INC,KAREN CUNNINGHAM MEMORIAL FOUNDATION INC,,"""KAREN CUNNINGHAM MEMORIAL FOUNDATION INC"" Tampa FL scholarship application",Tampa,Hillsborough,880877137,0,0,B82,,ntee:B82;name:foundation;ntee-education:B82,,,,,,,,,
A,63,KOONTZ FAMILY FOUNDATION,KOONTZ FAMILY FOUNDATION,,"""KOONTZ FAMILY FOUNDATION"" Apollo Beach FL scholarship application",Apollo Beach,Hillsborough,882534723,0,0,B82,,ntee:B82;name:foundation;ntee-education:B82,,,,,,,,,
A,63,TAMPA CLUB EPICUREAN FOUNDATION INC,TAMPA CLUB EPICUREAN FOUNDATION INC,,"""TAMPA CLUB EPICUREAN FOUNDATION INC"" Tampa FL scholarship application",Tampa,Hillsborough,934215897,0,0,B82,,ntee:B82;name:foundation;ntee-education:B82,,,,,,,,,
A,63,PPWA FOUNDATION INC,PPWA FOUNDATION INC,,"""PPWA FOUNDATION INC"" Venice FL scholarship application",Venice,Sarasota,990895323,0,0,B82,,ntee:B82;name:foundation;ntee-education:B82,,,,,,,,,
A,63,EDUCATE ELEVATE FOUNDATION INC,EDUCATE ELEVATE FOUNDATION INC,,"""EDUCATE ELEVATE FOUNDATION INC"" Bradenton FL scholarship application",Bradenton,Manatee,992372484,0,0,B82,,ntee:B82;name:foundation;ntee-education:B82,,,,,,,,,
A,63,CLASS OF 1980 BETHUNE-BRONSON FOUNDATION INC,CLASS OF 1980 BETHUNE-BRONSON FOUNDATION INC,,"""CLASS OF 1980 BETHUNE-BRONSON FOUNDATION INC"" Palm Harbor FL scholarship application",Palm Harbor,Pinellas,992674958,0,0,B82,,ntee:B82;name:foundation;ntee-education:B82,,,,,,,,,
A,63,BRIDGE2BETTER FOUNDATION,BRIDGE2BETTER FOUNDATION,,"""BRIDGE2BETTER FOUNDATION"" Wesley Chapel FL scholarship application",Wesley Chapel,Pasco,993472809,0,0,B82,,ntee:B82;name:foundation;ntee-education:B82,,,,,,,,,
A,60,ROTARY INTERNATIONAL CLUB OF ST PETERSBURG TRUST FUND,ROTARY INTERNATIONAL CLUB OF ST PETERSBURG TRUST FUND,,"""ROTARY INTERNATIONAL CLUB OF ST PETERSBURG TRUST FUND"" St Petersburg FL scholarship application",St Petersburg,Pinellas,596134319,702386,0,,Y,name:service-club;files-990PF;private-foundation:04,,,,,,,,,
A,60,SARASOTA ROTARY FOUNDATION INC,SARASOTA ROTARY FOUNDATION INC,,"""SARASOTA ROTARY FOUNDATION INC"" Sarasota FL scholarship application",Sarasota,Sarasota,596153330,640062,184564,T30,,name:service-club;ntee-grantmaker:T30;name:foundation,,,,,,,,,
A,60,ROTARY CLUB OF NEW TAMPA FOUNDATION INC,ROTARY CLUB OF NEW TAMPA FOUNDATION INC,,"""ROTARY CLUB OF NEW TAMPA FOUNDATION INC"" Tampa FL scholarship application",Tampa,Hillsborough,593722343,300400,144086,T31,,name:service-club;ntee-grantmaker:T31;name:foundation,,,,,,,,,
A,60,ROTARY CLUB OF PARRISH FLORIDA,ROTARY CLUB OF PARRISH FLORIDA,,"""ROTARY CLUB OF PARRISH FLORIDA"" Englewood FL scholarship application",Englewood,Sarasota,825105785,223034,0,P20,Y,name:service-club;files-990PF;private-foundation:04,,,,,,,,,
A,60,THE ROTARY CLUB OF ANNA MARIA ISLAND FOUNDATION INC,THE ROTARY CLUB OF ANNA MARIA ISLAND FOUNDATION INC,,"""THE ROTARY CLUB OF ANNA MARIA ISLAND FOUNDATION INC"" Holmes Beach FL scholarship application",Holmes Beach,Manatee,861122241,130606,55692,T30,,name:service-club;ntee-grantmaker:T30;name:foundation,,,,,,,,,
A,60,TRINITY ROTARY CHARITABLE FOUNDATION INC,TRINITY ROTARY CHARITABLE FOUNDATION INC,,"""TRINITY ROTARY CHARITABLE FOUNDATION INC"" Port Richey FL scholarship application",Port Richey,Pasco,471115794,115097,87718,T99,,name:service-club;ntee-grantmaker:T99;name:foundation,,,,,,,,,
A,60,SUNSET ROTARY FOUNDATION INC,SUNSET ROTARY FOUNDATION INC,,"""SUNSET ROTARY FOUNDATION INC"" St Petersburg FL scholarship application",St Petersburg,Pinellas,204521523,0,0,T30,,name:service-club;ntee-grantmaker:T30;name:foundation,,,,,,,,,
A,60,SOUTHSHORE ROTARY FOUNDATION INC,SOUTHSHORE ROTARY FOUNDATION INC,,"""SOUTHSHORE ROTARY FOUNDATION INC"" Apollo Beach FL scholarship application",Apollo Beach,Hillsborough,204961494,0,0,T12,,name:service-club;ntee-grantmaker:T12;name:foundation,,,,,,,,,
A,60,SUNRISE ROTARY FOUNDATION INC,SUNRISE ROTARY FOUNDATION INC,,"""SUNRISE ROTARY FOUNDATION INC"" St Petersburg FL scholarship application",St Petersburg,Pinellas,271801671,0,0,T30,,name:service-club;ntee-grantmaker:T30;name:foundation,,,,,,,,,
A,60,KATINA L SCOTT DOMESTIC VIOLENCE SCHOLARSHIP FOUNDATION INC,KATINA L SCOTT DOMESTIC VIOLENCE SCHOLARSHIP FOUNDATION INC,,"""KATINA L SCOTT DOMESTIC VIOLENCE SCHOLARSHIP FOUNDATION INC"" St Petersburg FL scholarship application",St Petersburg,Pinellas,272033694,0,0,P58,,name:scholarship;name:foundation,,,,,,,,,
A,60,KIWANIS CLUB OF SPRINGTIME CITY FOUNDATION INC,KIWANIS CLUB OF SPRINGTIME CITY FOUNDATION INC,,"""KIWANIS CLUB OF SPRINGTIME CITY FOUNDATION INC"" Clearwater FL scholarship application",Clearwater,Pinellas,311643140,0,0,T31,,name:service-club;ntee-grantmaker:T31;name:foundation,,,,,,,,,
A,60,SPRING HILL KIWANIS FOUNDATION,SPRING HILL KIWANIS FOUNDATION,,"""SPRING HILL KIWANIS FOUNDATION"" Spring Hill FL scholarship application",Spring Hill,Pasco,455358369,0,0,T30,,name:service-club;ntee-grantmaker:T30;name:foundation,,,,,,,,,
A,60,DIAMOND SCHOLARSHIP FOUNDATION INC,DIAMOND SCHOLARSHIP FOUNDATION INC,,"""DIAMOND SCHOLARSHIP FOUNDATION INC"" Tampa FL scholarship application",Tampa,Hillsborough,474665117,0,0,P88,,name:scholarship;name:foundation,,,,,,,,,
A,60,DADE CITY SUNRISE ROTARY FOUNDATION,DADE CITY SUNRISE ROTARY FOUNDATION,,"""DADE CITY SUNRISE ROTARY FOUNDATION"" Dade City FL scholarship application",Dade City,Pasco,475245498,0,0,T30,,name:service-club;ntee-grantmaker:T30;name:foundation,,,,,,,,,
A,60,DUNEDIN ROTARY CLUB FOUNDATION INC,DUNEDIN ROTARY CLUB FOUNDATION INC,,"""DUNEDIN ROTARY CLUB FOUNDATION INC"" Dunedin FL scholarship application",Dunedin,Pinellas,593383574,0,0,T30J,,name:service-club;ntee-grantmaker:T30J;name:foundation,,,,,,,,,
A,60,BRANDON 86 ROTARY ENDOWMENT FUND INC,BRANDON 86 ROTARY ENDOWMENT FUND INC,,"""BRANDON 86 ROTARY ENDOWMENT FUND INC"" Brandon FL scholarship application",Brandon,Hillsborough,593661911,0,0,T12,,name:service-club;ntee-grantmaker:T12;name:foundation,,,,,,,,,
A,60,ROTARY CLUB OF DUNEDIN WATERSIDE FOUNDATION,ROTARY CLUB OF DUNEDIN WATERSIDE FOUNDATION,,"""ROTARY CLUB OF DUNEDIN WATERSIDE FOUNDATION"" Dunedin FL scholarship application",Dunedin,Pinellas,813618607,0,0,T12,,name:service-club;ntee-grantmaker:T12;name:foundation,,,,,,,,,
A,60,3D URBAN DIVERSITY SCHOLARSHIP FOUNDATION INC,3D URBAN DIVERSITY SCHOLARSHIP FOUNDATION INC,,"""3D URBAN DIVERSITY SCHOLARSHIP FOUNDATION INC"" Tampa FL scholarship application",Tampa,Hillsborough,871603949,0,0,P20,,name:scholarship;name:foundation,,,,,,,,,
A,60,ST PETERSBURG MIDTOWN ROTARY CLUB FOUNDATION INC,ST PETERSBURG MIDTOWN ROTARY CLUB FOUNDATION INC,,"""ST PETERSBURG MIDTOWN ROTARY CLUB FOUNDATION INC"" St Petersburg FL scholarship application",St Petersburg,Pinellas,933473369,0,0,T12,,name:service-club;ntee-grantmaker:T12;name:foundation,,,,,,,,,
A,60,ROTARY IN THE HARBOR CHARITABLE FOUNDATION INC,ROTARY IN THE HARBOR CHARITABLE FOUNDATION INC,,"""ROTARY IN THE HARBOR CHARITABLE FOUNDATION INC"" Safety Harbor FL scholarship application",Safety Harbor,Pinellas,993895334,0,0,T12,,name:service-club;ntee-grantmaker:T12;name:foundation,,,,,,,,,
A,58,FLORIDA EDUCATION FUND INC,FLORIDA EDUCATION FUND INC,,"""FLORIDA EDUCATION FUND INC"" Tampa FL scholarship application",Tampa,Hillsborough,592783821,34925689,5616979,B82,,ntee:B82;ntee-education:B82;name:education,,,,,,,,,
A,58,BETHEL COMMUNITY FOUNDATION,BETHEL COMMUNITY FOUNDATION,,"""BETHEL COMMUNITY FOUNDATION"" St Petersburg FL scholarship application",St Petersburg,Pinellas,593391995,406329,629637,B24,,name:community-foundation;name:foundation;ntee-education:B24,,,,,,,,,
A,58,INNISBROOK ASSOCIATE SCHOLARSHIP FUND INC,INNISBROOK ASSOCIATE SCHOLARSHIP FUND INC,,"""INNISBROOK ASSOCIATE SCHOLARSHIP FUND INC"" Palm Harbor FL scholarship application",Palm Harbor,Pinellas,270593946,282535,60524,B80,,name:scholarship;ntee-education:B80,,,,,,,,,
A,58,GAMMA OMICRON EDUCATIONAL SERVICES INC,GAMMA OMICRON EDUCATIONAL SERVICES INC,,"""GAMMA OMICRON EDUCATIONAL SERVICES INC"" Tampa FL scholarship application",Tampa,Hillsborough,205626909,41501,99933,B82,,ntee:B82;ntee-education:B82;name:education,,,,,,,,,
A,58,COLLEGE YES INCORPORATED,COLLEGE YES INCORPORATED,,"""COLLEGE YES INCORPORATED"" Sarasota FL scholarship application",Sarasota,Sarasota,273327660,1,2155,B82,,ntee:B82;ntee-education:B82;name:education,,,,,,,,,
A,58,ETA RHO EDUCATIONAL SERVICES INC,ETA RHO EDUCATIONAL SERVICES INC,,"""ETA RHO EDUCATIONAL SERVICES INC"" Brandon FL scholarship application",Brandon,Hillsborough,030470223,0,0,B82,,ntee:B82;ntee-education:B82;name:education,,,,,,,,,
A,58,INDIA EDUCATION FUND,INDIA EDUCATION FUND,,"""INDIA EDUCATION FUND"" Land O Lakes FL scholarship application",Land O Lakes,Pasco,270147339,0,0,B82,,ntee:B82;ntee-education:B82;name:education,,,,,,,,,
A,58,BRIAN E WAGNER SCHOLARSHIP FUND,BRIAN E WAGNER SCHOLARSHIP FUND,,"""BRIAN E WAGNER SCHOLARSHIP FUND"" St Petersburg FL scholarship application",St Petersburg,Pinellas,272965359,0,0,B90,,name:scholarship;ntee-education:B90,,,,,,,,,
A,58,ELEPHANT COMMUNITY FOUNDATION INC,ELEPHANT COMMUNITY FOUNDATION INC,,"""ELEPHANT COMMUNITY FOUNDATION INC"" Tampa FL scholarship application",Tampa,Hillsborough,333994737,0,0,B19,,name:community-foundation;name:foundation;ntee-education:B19,,,,,,,,,
A,58,VENICE AREA WOMENS COLLEGE CLUB INC,VENICE AREA WOMENS COLLEGE CLUB INC,,"""VENICE AREA WOMENS COLLEGE CLUB INC"" Venice FL scholarship application",Venice,Sarasota,392782921,0,0,B82,,ntee:B82;ntee-education:B82;name:education,,,,,,,,,
A,58,WORLD COMMUNITY FOUNDATION,WORLD COMMUNITY FOUNDATION,,"""WORLD COMMUNITY FOUNDATION"" Clearwater FL scholarship application",Clearwater,Pinellas,393897599,0,0,B90,,name:community-foundation;name:foundation;ntee-education:B90,,,,,,,,,
A,58,REDINGTON BEACH SCHOLARSHIP FUND INC,REDINGTON BEACH SCHOLARSHIP FUND INC,,"""REDINGTON BEACH SCHOLARSHIP FUND INC"" Madeira Beach FL scholarship application",Madeira Beach,Pinellas,471300483,0,0,B12,,name:scholarship;ntee-education:B12,,,,,,,,,
A,58,TURN THE PAGE EDUCATIONAL FUND INC,TURN THE PAGE EDUCATIONAL FUND INC,,"""TURN THE PAGE EDUCATIONAL FUND INC"" Sarasota FL scholarship application",Sarasota,Sarasota,472352850,0,0,B82,,ntee:B82;ntee-education:B82;name:education,,,,,,,,,
A,58,ROLLINS COMMUNITY FOUNDATION INC,ROLLINS COMMUNITY FOUNDATION INC,,"""ROLLINS COMMUNITY FOUNDATION INC"" St Petersburg FL scholarship application",St Petersburg,Pinellas,562506895,0,0,B90,,name:community-foundation;name:foundation;ntee-education:B90,,,,,,,,,
A,58,CIARA VANN CHILDRENS SPECIAL NEEDS COLLEGE SPONSORSHIP PROGRAM,CIARA VANN CHILDRENS SPECIAL NEEDS COLLEGE SPONSORSHIP PROGRAM,,"""CIARA VANN CHILDRENS SPECIAL NEEDS COLLEGE SPONSORSHIP PROGRAM"" Spring Hill FL scholarship application",Spring Hill,Pasco,851246653,0,0,B82,,ntee:B82;ntee-education:B82;name:education,,,,,,,,,
A,58,ARIA GRACE MEMORIAL SCHOLARSHIP INC,ARIA GRACE MEMORIAL SCHOLARSHIP INC,,"""ARIA GRACE MEMORIAL SCHOLARSHIP INC"" Lutz FL scholarship application",Lutz,Hillsborough,873658889,0,0,B12,,name:scholarship;ntee-education:B12,,,,,,,,,
A,58,RISING SCHOLAR SOCIETY INCORPORATION,RISING SCHOLAR SOCIETY INCORPORATION,,"""RISING SCHOLAR SOCIETY INCORPORATION"" Lutz FL scholarship application",Lutz,Hillsborough,992869991,0,0,B92,,name:scholarship;ntee-education:B92,,,,,,,,,
A,55,DR MARTIN SCHOLARSHIP FUND FOR THE CORNELL COLLEGE OF MT VERNON IOWA,DR MARTIN SCHOLARSHIP FUND FOR THE CORNELL COLLEGE OF MT VERNON IOWA,,"""DR MARTIN SCHOLARSHIP FUND FOR THE CORNELL COLLEGE OF MT VERNON IOWA"" Tampa FL scholarship application",Tampa,Hillsborough,426126028,77334,4546,,,name:scholarship;name:education,,,,,,,,,
A,55,ACADEMY 23 SCHOLARSHIP FUND INC,ACADEMY 23 SCHOLARSHIP FUND INC,,"""ACADEMY 23 SCHOLARSHIP FUND INC"" Oldsmar FL scholarship application",Oldsmar,Pinellas,393589724,0,0,O12,,name:scholarship;name:education,,,,,,,,,
A,53,TSIC OF SARASOTA COUNTY INC,TSIC OF SARASOTA COUNTY INC,,"""TSIC OF SARASOTA COUNTY INC"" Sarasota FL scholarship application",Sarasota,Sarasota,331012774,8037030,1017667,B82,,ntee:B82;ntee-education:B82,,,,,,,,,
A,53,NATIONAL ASSOC FOR ADVANCEMENT OF DALITS ADIVASIS AND MINORITIES INC,NATIONAL ASSOC FOR ADVANCEMENT OF DALITS ADIVASIS AND MINORITIES INC,,"""NATIONAL ASSOC FOR ADVANCEMENT OF DALITS ADIVASIS AND MINORITIES INC"" Tampa FL scholarship application",Tampa,Hillsborough,320426785,5527528,1727196,B82,,ntee:B82;ntee-education:B82,,,,,,,,,
A,53,PHI ALPHA THETA HISTORY HONOR SOCIETY INC,PHI ALPHA THETA HISTORY HONOR SOCIETY INC,,"""PHI ALPHA THETA HISTORY HONOR SOCIETY INC"" Lutz FL scholarship application",Lutz,Hillsborough,232838156,1118802,585208,B82,,ntee:B82;ntee-education:B82,,,,,,,,,
A,53,THE OAKS WOMENS CLUB INC,THE OAKS WOMENS CLUB INC,,"""THE OAKS WOMENS CLUB INC"" Osprey FL scholarship application",Osprey,Sarasota,542067236,623623,262921,B82,,ntee:B82;ntee-education:B82,,,,,,,,,
A,53,KIDS CHANCE OF FLORIDA INC,KIDS CHANCE OF FLORIDA INC,,"""KIDS CHANCE OF FLORIDA INC"" Sarasota FL scholarship application",Sarasota,Sarasota,810724553,401484,149600,B82,,ntee:B82;ntee-education:B82,,,,,,,,,
A,53,YE MYSTIC KREWE OF GASPARILLA COMMUNITY FUND CORPORATION,YE MYSTIC KREWE OF GASPARILLA COMMUNITY FUND CORPORATION,,"""YE MYSTIC KREWE OF GASPARILLA COMMUNITY FUND CORPORATION"" Tampa FL scholarship application",Tampa,Hillsborough,464847480,340015,143597,B82,,ntee:B82;ntee-education:B82,,,,,,,,,
A,53,HOWARD CLUB OF SOUTHWEST FLORIDA INC,HOWARD CLUB OF SOUTHWEST FLORIDA INC,,"""HOWARD CLUB OF SOUTHWEST FLORIDA INC"" Parrish FL scholarship application",Parrish,Manatee,161776367,237767,85920,B82,,ntee:B82;ntee-education:B82,,,,,,,,,
A,53,SUN COAST LAW ENFORCEMENT CHARITIES INC,SUN COAST LAW ENFORCEMENT CHARITIES INC,,"""SUN COAST LAW ENFORCEMENT CHARITIES INC"" Clearwater FL scholarship application",Clearwater,Pinellas,593581556,208153,31701,B82,,ntee:B82;ntee-education:B82,,,,,,,,,
A,53,ASSOCIATION OF NATIONAL ESTUARY PROGRAMS INC,ASSOCIATION OF NATIONAL ESTUARY PROGRAMS INC,,"""ASSOCIATION OF NATIONAL ESTUARY PROGRAMS INC"" St Petersburg FL scholarship application",St Petersburg,Pinellas,742789266,156895,134561,B82,,ntee:B82;ntee-education:B82,,,,,,,,,
A,53,CHILDREN OF FALLEN SOLDIERS RELIEFFUND INC,CHILDREN OF FALLEN SOLDIERS RELIEFFUND INC,,"""CHILDREN OF FALLEN SOLDIERS RELIEFFUND INC"" Sarasota FL scholarship application",Sarasota,Sarasota,204526203,124694,103759,B82,,ntee:B82;ntee-education:B82,,,,,,,,,
A,53,TAMPA BAY HOSPITALITY ALLIANCE INC,TAMPA BAY HOSPITALITY ALLIANCE INC,,"""TAMPA BAY HOSPITALITY ALLIANCE INC"" Tampa FL scholarship application",Tampa,Hillsborough,593517705,87436,-5985,B82,,ntee:B82;ntee-education:B82,,,,,,,,,
A,53,LEAVEN INC,LEAVEN INC,,"""LEAVEN INC"" Sarasota FL scholarship application",Sarasota,Sarasota,611809501,39976,75000,B82,,ntee:B82;ntee-education:B82,,,,,,,,,
A,53,NEW WORLD CELTS INC,NEW WORLD CELTS INC,,"""NEW WORLD CELTS INC"" Dunedin FL scholarship application",Dunedin,Pinellas,030373334,38590,83741,B82,,ntee:B82;ntee-education:B82,,,,,,,,,
A,53,BICSI CARES INC,BICSI CARES INC,,"""BICSI CARES INC"" Tampa FL scholarship application",Tampa,Hillsborough,593419229,23089,69249,B82,,ntee:B82;ntee-education:B82,,,,,,,,,
A,53,MITTENS HELPING HAND CORP,MITTENS HELPING HAND CORP,,"""MITTENS HELPING HAND CORP"" Sarasota FL scholarship application",Sarasota,Sarasota,871914923,23048,74004,B82,,ntee:B82;ntee-education:B82,,,,,,,,,
A,53,QUEENS COURT INC,QUEENS COURT INC,,"""QUEENS COURT INC"" St Petersburg FL scholarship application",St Petersburg,Pinellas,593317415,16064,108408,B82,,ntee:B82;ntee-education:B82,,,,,,,,,
A,53,SIGMA ALPHA LAMBDA INC,SIGMA ALPHA LAMBDA INC,,"""SIGMA ALPHA LAMBDA INC"" Bradenton FL scholarship application",Bradenton,Manatee,760711222,13703,8400,B82,,ntee:B82;ntee-education:B82,,,,,,,,,
A,53,MISS LATINA TAMPA CORP,MISS LATINA TAMPA CORP,,"""MISS LATINA TAMPA CORP"" Tampa FL scholarship application",Tampa,Hillsborough,832292203,739,56276,B82,,ntee:B82;ntee-education:B82,,,,,,,,,
A,53,DREAM GIVERS USA INC,DREAM GIVERS USA INC,,"""DREAM GIVERS USA INC"" Wesley Chapel FL scholarship application",Wesley Chapel,Pasco,204061468,0,0,B82,,ntee:B82;ntee-education:B82,,,,,,,,,
A,53,BWIA MICHIGAN INC,BWIA MICHIGAN INC,,"""BWIA MICHIGAN INC"" Sarasota FL scholarship application",Sarasota,Sarasota,205609214,0,0,B82,,ntee:B82;ntee-education:B82,,,,,,,,,
A,53,PHILIP A BRYANT MELANOMA FOUNDATIONINC,PHILIP A BRYANT MELANOMA FOUNDATIONINC,,"""PHILIP A BRYANT MELANOMA FOUNDATIONINC"" Clearwater FL scholarship application",Clearwater,Pinellas,205710664,0,0,B82,,ntee:B82;ntee-education:B82,,,,,,,,,
A,53,WERE HERE TO HELP INC,WERE HERE TO HELP INC,,"""WERE HERE TO HELP INC"" Lutz FL scholarship application",Lutz,Hillsborough,223633396,0,0,B82,,ntee:B82;ntee-education:B82,,,,,,,,,
A,53,GIBBS CLASS OF 1966 INC,GIBBS CLASS OF 1966 INC,,"""GIBBS CLASS OF 1966 INC"" St Petersburg FL scholarship application",St Petersburg,Pinellas,274652215,0,0,B82,,ntee:B82;ntee-education:B82,,,,,,,,,
A,53,RENEW HAITI,RENEW HAITI,,"""RENEW HAITI"" Tampa FL scholarship application",Tampa,Hillsborough,300218645,0,0,B82,,ntee:B82;ntee-education:B82,,,,,,,,,
A,53,1ST GEN GRADUATES,1ST GEN GRADUATES,,"""1ST GEN GRADUATES"" Riverview FL scholarship application",Riverview,Hillsborough,334973011,0,0,B82,,ntee:B82;ntee-education:B82,,,,,,,,,
A,53,ITS A START INC,ITS A START INC,,"""ITS A START INC"" Zephyrhills FL scholarship application",Zephyrhills,Pasco,352746159,0,0,B82,,ntee:B82;ntee-education:B82,,,,,,,,,
A,53,IT TAKES A VILLAGE INC,IT TAKES A VILLAGE INC,,"""IT TAKES A VILLAGE INC"" Sarasota FL scholarship application",Sarasota,Sarasota,372075279,0,0,B82,,ntee:B82;ntee-education:B82,,,,,,,,,
A,53,DMT CHARITABLE CORPORATION,DMT CHARITABLE CORPORATION,,"""DMT CHARITABLE CORPORATION"" Palmetto FL scholarship application",Palmetto,Manatee,392770494,0,0,B82,,ntee:B82;ntee-education:B82,,,,,,,,,
A,53,TVMGT FUND INC,TVMGT FUND INC,,"""TVMGT FUND INC"" Tampa FL scholarship application",Tampa,Hillsborough,394667049,0,0,B82,,ntee:B82;ntee-education:B82,,,,,,,,,
A,53,LEGACY LEAVERS INC,LEGACY LEAVERS INC,,"""LEGACY LEAVERS INC"" St Petersburg FL scholarship application",St Petersburg,Pinellas,394983307,0,0,B82,,ntee:B82;ntee-education:B82,,,,,,,,,
A,53,DUNEDIN S MISS MARDI GRAS,DUNEDIN S MISS MARDI GRAS,,"""DUNEDIN S MISS MARDI GRAS"" Clearwater FL scholarship application",Clearwater,Pinellas,413848565,0,0,B82,,ntee:B82;ntee-education:B82,,,,,,,,,
A,53,LEXIS LEGACY FUND INC,LEXIS LEGACY FUND INC,,"""LEXIS LEGACY FUND INC"" Apollo Beach FL scholarship application",Apollo Beach,Hillsborough,414469059,0,0,B82,,ntee:B82;ntee-education:B82,,,,,,,,,
A,53,FIVE PEARLS OF EXCELLENCE,FIVE PEARLS OF EXCELLENCE,,"""FIVE PEARLS OF EXCELLENCE"" Bradenton FL scholarship application",Bradenton,Manatee,451596509,0,0,B82,,ntee:B82;ntee-education:B82,,,,,,,,,
A,53,CEC SUNCOAST 176 CHAPTER INCORPORATED,CEC SUNCOAST 176 CHAPTER INCORPORATED,,"""CEC SUNCOAST 176 CHAPTER INCORPORATED"" Clearwater FL scholarship application",Clearwater,Pinellas,454734097,0,0,B82,,ntee:B82;ntee-education:B82,,,,,,,,,
A,53,BE THE CHANGE PEOPLE INC,BE THE CHANGE PEOPLE INC,,"""BE THE CHANGE PEOPLE INC"" St Petersburg FL scholarship application",St Petersburg,Pinellas,455525292,0,0,B82,,ntee:B82;ntee-education:B82,,,,,,,,,
A,53,PAPA LOOK ALIKE SOCIETY INC,PAPA LOOK ALIKE SOCIETY INC,,"""PAPA LOOK ALIKE SOCIETY INC"" Dade City FL scholarship application",Dade City,Pasco,462169762,0,0,B82,,ntee:B82;ntee-education:B82,,,,,,,,,
A,53,BEE RIDGE WOMANS CLUB INC,BEE RIDGE WOMANS CLUB INC,,"""BEE RIDGE WOMANS CLUB INC"" Sarasota FL scholarship application",Sarasota,Sarasota,464348723,0,0,B82,,ntee:B82;ntee-education:B82,,,,,,,,,
A,53,PARA ADELANTE INC,PARA ADELANTE INC,,"""PARA ADELANTE INC"" St Petersburg FL scholarship application",St Petersburg,Pinellas,465237694,0,0,B82,,ntee:B82;ntee-education:B82,,,,,,,,,
A,53,ANNA MARIA ISLAND PRIVATEERS INC,ANNA MARIA ISLAND PRIVATEERS INC,,"""ANNA MARIA ISLAND PRIVATEERS INC"" Oneco FL scholarship application",Oneco,Manatee,591718904,0,0,B82,,ntee:B82;ntee-education:B82,,,,,,,,,
A,53,AFRICAN-AMERICAN CLUB OF HERNANDO INC,AFRICAN-AMERICAN CLUB OF HERNANDO INC,,"""AFRICAN-AMERICAN CLUB OF HERNANDO INC"" Spring Hill FL scholarship application",Spring Hill,Pasco,593267981,0,0,B82,,ntee:B82;ntee-education:B82,,,,,,,,,
A,53,ST PETERSBURG WEST CHARITIES INC,ST PETERSBURG WEST CHARITIES INC,,"""ST PETERSBURG WEST CHARITIES INC"" St Petersburg FL scholarship application",St Petersburg,Pinellas,593370019,0,0,B82,,ntee:B82;ntee-education:B82,,,,,,,,,
A,53,POLISH-AMERICAN ENGINEERS ASSOCIATES OF FLORIDA INC,POLISH-AMERICAN ENGINEERS ASSOCIATES OF FLORIDA INC,,"""POLISH-AMERICAN ENGINEERS ASSOCIATES OF FLORIDA INC"" Clearwater FL scholarship application",Clearwater,Pinellas,593378538,0,0,B82,,ntee:B82;ntee-education:B82,,,,,,,,,
A,53,PALM HARBOR UNIVERSITY HIGH SCHOOL CENTER FOR WELLNESS AND MEDICAL,PALM HARBOR UNIVERSITY HIGH SCHOOL CENTER FOR WELLNESS AND MEDICAL,,"""PALM HARBOR UNIVERSITY HIGH SCHOOL CENTER FOR WELLNESS AND MEDICAL"" Palm Harbor FL scholarship application",Palm Harbor,Pinellas,593714749,0,0,B82,,ntee:B82;ntee-education:B82,,,,,,,,,
A,53,CHRISTIAN PRAISE AND WORSHIP CENTER,CHRISTIAN PRAISE AND WORSHIP CENTER,,"""CHRISTIAN PRAISE AND WORSHIP CENTER"" Tampa FL scholarship application",Tampa,Hillsborough,800612199,0,0,B82,,ntee:B82;ntee-education:B82,,,,,,,,,
A,53,DIPLOMAS FOR DANCERS,DIPLOMAS FOR DANCERS,,"""DIPLOMAS FOR DANCERS"" Tampa FL scholarship application",Tampa,Hillsborough,824944597,0,0,B82,,ntee:B82;ntee-education:B82,,,,,,,,,
A,53,BARBARA L HIGGINS LEGACY,BARBARA L HIGGINS LEGACY,,"""BARBARA L HIGGINS LEGACY"" Riverview FL scholarship application",Riverview,Hillsborough,842190160,0,0,B82,,ntee:B82;ntee-education:B82,,,,,,,,,
A,53,NEVERLAND SCHOOL INC,NEVERLAND SCHOOL INC,,"""NEVERLAND SCHOOL INC"" Clearwater FL scholarship application",Clearwater,Pinellas,843886682,0,0,B82,,ntee:B82;ntee-education:B82,,,,,,,,,
A,53,WINE CORRESPONDENT ALLIANCE INC,WINE CORRESPONDENT ALLIANCE INC,,"""WINE CORRESPONDENT ALLIANCE INC"" Tampa FL scholarship application",Tampa,Hillsborough,843985211,0,0,B82,,ntee:B82;ntee-education:B82,,,,,,,,,
A,53,MOLD-EN OUR YOUTH FOR A BRIGHTER FUTURE,MOLD-EN OUR YOUTH FOR A BRIGHTER FUTURE,,"""MOLD-EN OUR YOUTH FOR A BRIGHTER FUTURE"" Tampa FL scholarship application",Tampa,Hillsborough,861546731,0,0,B82,,ntee:B82;ntee-education:B82,,,,,,,,,
A,53,JOHNNY VALENTI MEMORIAL INC,JOHNNY VALENTI MEMORIAL INC,,"""JOHNNY VALENTI MEMORIAL INC"" Tampa FL scholarship application",Tampa,Hillsborough,873131261,0,0,B82,,ntee:B82;ntee-education:B82,,,,,,,,,
A,53,KWENDA JUU INC,KWENDA JUU INC,,"""KWENDA JUU INC"" St Petersburg FL scholarship application",St Petersburg,Pinellas,881662373,0,0,B82,,ntee:B82;ntee-education:B82,,,,,,,,,
A,53,DIGITALFINANCIALAIDCORPORATION,DIGITALFINANCIALAIDCORPORATION,,"""DIGITALFINANCIALAIDCORPORATION"" Saint Petersburg FL scholarship application",Saint Petersburg,Pinellas,883868816,0,0,B82,,ntee:B82;ntee-education:B82,,,,,,,,,
A,53,TASHAS GIFT INC,TASHAS GIFT INC,,"""TASHAS GIFT INC"" Dunedin FL scholarship application",Dunedin,Pinellas,900861806,0,0,B82,,ntee:B82;ntee-education:B82,,,,,,,,,
A,53,TAU PI ZETA CHAPTER INC,TAU PI ZETA CHAPTER INC,,"""TAU PI ZETA CHAPTER INC"" Tampa FL scholarship application",Tampa,Hillsborough,921969646,0,0,B82,,ntee:B82;ntee-education:B82,,,,,,,,,
A,53,UNIVERSAL PETITE INC,UNIVERSAL PETITE INC,,"""UNIVERSAL PETITE INC"" Holiday FL scholarship application",Holiday,Pasco,923710880,0,0,B82,,ntee:B82;ntee-education:B82,,,,,,,,,
A,53,COT MAYORS HISPANIC HERITAGE COMMITTEE INC,COT MAYORS HISPANIC HERITAGE COMMITTEE INC,,"""COT MAYORS HISPANIC HERITAGE COMMITTEE INC"" Tampa FL scholarship application",Tampa,Hillsborough,931823400,0,0,B82,,ntee:B82;ntee-education:B82,,,,,,,,,
A,53,EAST PASCO DR MARTIN LUTHER KING JR ACTIVITY COMMITTEE,EAST PASCO DR MARTIN LUTHER KING JR ACTIVITY COMMITTEE,,"""EAST PASCO DR MARTIN LUTHER KING JR ACTIVITY COMMITTEE"" Dade City FL scholarship application",Dade City,Pasco,993105310,0,0,B82,,ntee:B82;ntee-education:B82,,,,,,,,,
A,53,JULIES LEGACY IN TRADES INC,JULIES LEGACY IN TRADES INC,,"""JULIES LEGACY IN TRADES INC"" Clearwater FL scholarship application",Clearwater,Pinellas,994858953,0,0,B82,,ntee:B82;ntee-education:B82,,,,,,,,,
A,50,COMMUNITY FOUNDATION TRUST OF SARASOTA COUNTY,COMMUNITY FOUNDATION TRUST OF SARASOTA COUNTY,,"""COMMUNITY FOUNDATION TRUST OF SARASOTA COUNTY"" Sarasota FL scholarship application",Sarasota,Sarasota,650173371,15494610,827710,T11,,name:community-foundation;name:foundation,,,,,,,,,
A,50,PLANTATION COMMUNITY FOUNDATION INC,PLANTATION COMMUNITY FOUNDATION INC,,"""PLANTATION COMMUNITY FOUNDATION INC"" Venice FL scholarship application",Venice,Sarasota,650056930,606155,168203,,,name:community-foundation;name:foundation,,,,,,,,,
A,50,GREATER BRANDON COMMUNITY FOUNDATION INC,GREATER BRANDON COMMUNITY FOUNDATION INC,,"""GREATER BRANDON COMMUNITY FOUNDATION INC"" Brandon FL scholarship application",Brandon,Hillsborough,900073721,326456,267188,P20,,name:community-foundation;name:foundation,,,,,,,,,
A,50,THE BECKY WALKER SCIENCE SCHOLARSHIP INC,THE BECKY WALKER SCIENCE SCHOLARSHIP INC,,"""THE BECKY WALKER SCIENCE SCHOLARSHIP INC"" Tampa FL scholarship application",Tampa,Hillsborough,834067662,273222,40867,,,name:scholarship,,,,,,,,,
A,50,THE SERTOMA CLUB OF BRADENTON INC,THE SERTOMA CLUB OF BRADENTON INC,,"""THE SERTOMA CLUB OF BRADENTON INC"" Bradenton FL scholarship application",Bradenton,Manatee,596214582,176833,109950,T30,,name:service-club;ntee-grantmaker:T30,,,,,,,,,
A,50,ROTARY FLORIDA PETS INC,ROTARY FLORIDA PETS INC,,"""ROTARY FLORIDA PETS INC"" Venice FL scholarship application",Venice,Sarasota,204342322,145071,241272,T31,,name:service-club;ntee-grantmaker:T31,,,,,,,,,
A,50,IVY LEAGUE CLUB SCHOLARSHIP FUND,IVY LEAGUE CLUB SCHOLARSHIP FUND,,"""IVY LEAGUE CLUB SCHOLARSHIP FUND"" Sarasota FL scholarship application",Sarasota,Sarasota,591867552,137136,19039,,,name:scholarship,,,,,,,,,
A,50,DR MARTIN SCHOLARSHIP FUND FOR THE FT DODGE COMM CENTER OF FT DODGE I,DR MARTIN SCHOLARSHIP FUND FOR THE FT DODGE COMM CENTER OF FT DODGE I,,"""DR MARTIN SCHOLARSHIP FUND FOR THE FT DODGE COMM CENTER OF FT DODGE I"" Tampa FL scholarship application",Tampa,Hillsborough,426126029,96392,5769,,,name:scholarship,,,,,,,,,
A,50,POP WARNER LITTLE SCHOLARS INC,POP WARNER LITTLE SCHOLARS INC,,"""POP WARNER LITTLE SCHOLARS INC"" Palm Harbor FL scholarship application",Palm Harbor,Pinellas,300071233,94974,166721,,,name:scholarship,,,,,,,,,
A,50,POP WARNER LITTLE SCHOLARS INC,POP WARNER LITTLE SCHOLARS INC,,"""POP WARNER LITTLE SCHOLARS INC"" Tampa FL scholarship application",Tampa,Hillsborough,593498430,94854,47878,,,name:scholarship,,,,,,,,,
A,50,POP WARNER LITTLE SCHOLARS INC,POP WARNER LITTLE SCHOLARS INC,,"""POP WARNER LITTLE SCHOLARS INC"" Sarasota FL scholarship application",Sarasota,Sarasota,650132057,77291,273011,,,name:scholarship,,,,,,,,,
A,50,POP WARNER LITTLE SCHOLARS INC,POP WARNER LITTLE SCHOLARS INC,,"""POP WARNER LITTLE SCHOLARS INC"" Venice FL scholarship application",Venice,Sarasota,237368554,38416,312974,N63,,name:scholarship,,,,,,,,,
A,50,TRI COUNTY COMMUNITY FOUNDATION,TRI COUNTY COMMUNITY FOUNDATION,,"""TRI COUNTY COMMUNITY FOUNDATION"" Venice FL scholarship application",Venice,Sarasota,464045595,34948,64597,W01,,name:community-foundation;name:foundation,,,,,,,,,
A,50,SERTOMA INC,SERTOMA INC,,"""SERTOMA INC"" Venice FL scholarship application",Venice,Sarasota,591861907,31580,175970,T30,,name:service-club;ntee-grantmaker:T30,,,,,,,,,
A,50,POP WARNER LITTLE SCHOLARS INC,POP WARNER LITTLE SCHOLARS INC,,"""POP WARNER LITTLE SCHOLARS INC"" Tampa FL scholarship application",Tampa,Hillsborough,202359130,30703,238468,,,name:scholarship,,,,,,,,,
A,50,MARY M POGUE SCHOLARSHIP TRUST,MARY M POGUE SCHOLARSHIP TRUST,,"""MARY M POGUE SCHOLARSHIP TRUST"" St Petersburg FL scholarship application",St Petersburg,Pinellas,597003460,28909,1448,,,name:scholarship,,,,,,,,,
A,50,SERTOMA INC,SERTOMA INC,,"""SERTOMA INC"" Sarasota FL scholarship application",Sarasota,Sarasota,596213279,28083,106869,T30,,name:service-club;ntee-grantmaker:T30,,,,,,,,,
A,50,POP WARNER LITTLE SCHOLARS INC,POP WARNER LITTLE SCHOLARS INC,,"""POP WARNER LITTLE SCHOLARS INC"" North Port FL scholarship application",North Port,Sarasota,593361952,27814,94477,,,name:scholarship,,,,,,,,,
A,50,SERTOMA INC,SERTOMA INC,,"""SERTOMA INC"" Tampa FL scholarship application",Tampa,Hillsborough,592369385,23168,42289,T30,,name:service-club;ntee-grantmaker:T30,,,,,,,,,
A,50,ROTARY CLUB AT WELLEN PARK INC,ROTARY CLUB AT WELLEN PARK INC,,"""ROTARY CLUB AT WELLEN PARK INC"" Venice FL scholarship application",Venice,Sarasota,922077303,19413,49083,T99,,name:service-club;ntee-grantmaker:T99,,,,,,,,,
A,50,MARK NEWMANS SCHOLARSHIP FUND,MARK NEWMANS SCHOLARSHIP FUND,,"""MARK NEWMANS SCHOLARSHIP FUND"" Tampa FL scholarship application",Tampa,Hillsborough,874408664,11515,10062,N12,,name:scholarship,,,,,,,,,
A,50,MANASOTA CHRISTIAN COMMUNITY FOUNDATION INC,MANASOTA CHRISTIAN COMMUNITY FOUNDATION INC,,"""MANASOTA CHRISTIAN COMMUNITY FOUNDATION INC"" Sarasota FL scholarship application",Sarasota,Sarasota,834029292,6826,5750,X20,,name:community-foundation;name:foundation,,,,,,,,,
A,50,POP WARNER LITTLE SCHOLARS INC,POP WARNER LITTLE SCHOLARS INC,,"""POP WARNER LITTLE SCHOLARS INC"" Land O Lakes FL scholarship application",Land O Lakes,Pasco,743086565,2885,323399,,,name:scholarship,,,,,,,,,
A,50,HAPPI SCHOLARS,HAPPI SCHOLARS,,"""HAPPI SCHOLARS"" Riverview FL scholarship application",Riverview,Hillsborough,931807031,1,6157,S20,,name:scholarship,,,,,,,,,
A,50,ROTARY CLUB OF EAST LAKE SUNRISECHARITABLE TRUST INC,ROTARY CLUB OF EAST LAKE SUNRISECHARITABLE TRUST INC,,"""ROTARY CLUB OF EAST LAKE SUNRISECHARITABLE TRUST INC"" Oldsmar FL scholarship application",Oldsmar,Pinellas,260241945,0,0,T12,,name:service-club;ntee-grantmaker:T12,,,,,,,,,
A,50,PHILADELPHIA COMMUNITY FOUNDATION INC,PHILADELPHIA COMMUNITY FOUNDATION INC,,"""PHILADELPHIA COMMUNITY FOUNDATION INC"" Sarasota FL scholarship application",Sarasota,Sarasota,333301849,0,0,S20,,name:community-foundation;name:foundation,,,,,,,,,
A,50,CATHOLIC COMMUNITY FOUNDATION OF SOUTHWEST FLORIDA INC,CATHOLIC COMMUNITY FOUNDATION OF SOUTHWEST FLORIDA INC,,"""CATHOLIC COMMUNITY FOUNDATION OF SOUTHWEST FLORIDA INC"" Venice FL scholarship application",Venice,Sarasota,542119051,0,0,X122,,name:community-foundation;name:foundation,,,,,,,,,
A,50,SERTOMA INC,SERTOMA INC,,"""SERTOMA INC"" Tampa FL scholarship application",Tampa,Hillsborough,592717792,0,0,T30,,name:service-club;ntee-grantmaker:T30,,,,,,,,,
A,50,SERTOMA INC,SERTOMA INC,,"""SERTOMA INC"" St Petersburg FL scholarship application",St Petersburg,Pinellas,596213297,0,0,T30,,name:service-club;ntee-grantmaker:T30,,,,,,,,,
A,50,SERTOMA INC,SERTOMA INC,,"""SERTOMA INC"" Wesley Chapel FL scholarship application",Wesley Chapel,Pasco,650142130,0,0,T30,,name:service-club;ntee-grantmaker:T30,,,,,,,,,
A,50,DAKIN FAMILY SCHOLARSHIP FUND INC,DAKIN FAMILY SCHOLARSHIP FUND INC,,"""DAKIN FAMILY SCHOLARSHIP FUND INC"" Myakka City FL scholarship application",Myakka City,Manatee,853485716,0,0,K20,,name:scholarship,,,,,,,,,
A,50,ARTIST PAJON SCHOLARSHIP INC,ARTIST PAJON SCHOLARSHIP INC,,"""ARTIST PAJON SCHOLARSHIP INC"" Tampa FL scholarship application",Tampa,Hillsborough,854097051,0,0,,,name:scholarship,,,,,,,,,
A,50,UPPER ROOM COMMUNITY FOUNDATION INC,UPPER ROOM COMMUNITY FOUNDATION INC,,"""UPPER ROOM COMMUNITY FOUNDATION INC"" Bradenton FL scholarship application",Bradenton,Manatee,854273952,0,0,S02,,name:community-foundation;name:foundation,,,,,,,,,
A,50,MODERN SCHOLARS INCORPORATED,MODERN SCHOLARS INCORPORATED,,"""MODERN SCHOLARS INCORPORATED"" Palmetto FL scholarship application",Palmetto,Manatee,861375548,0,0,O50,,name:scholarship,,,,,,,,,
A,50,POP WARNER LITTLE SCHOLARS INC,POP WARNER LITTLE SCHOLARS INC,,"""POP WARNER LITTLE SCHOLARS INC"" Spring Hill FL scholarship application",Spring Hill,Pasco,861966138,0,0,N65Z,,name:scholarship,,,,,,,,,
A,50,ROBS REACH OUT AND BLESS SOMEONE SCHOLARSHIP INC,ROBS REACH OUT AND BLESS SOMEONE SCHOLARSHIP INC,,"""ROBS REACH OUT AND BLESS SOMEONE SCHOLARSHIP INC"" St Petersburg FL scholarship application",St Petersburg,Pinellas,871541045,0,0,P20,,name:scholarship,,,,,,,,,
A,50,VITAL GUIDANCE COMMUNITY FOUNDATION,VITAL GUIDANCE COMMUNITY FOUNDATION,,"""VITAL GUIDANCE COMMUNITY FOUNDATION"" Tampa FL scholarship application",Tampa,Hillsborough,881436346,0,0,W12,,name:community-foundation;name:foundation,,,,,,,,,
A,50,KEVIN KNOX II SCHOLARSHIP FUND CORPORATION,KEVIN KNOX II SCHOLARSHIP FUND CORPORATION,,"""KEVIN KNOX II SCHOLARSHIP FUND CORPORATION"" Thonotosassa FL scholarship application",Thonotosassa,Hillsborough,883328650,0,0,O99,,name:scholarship,,,,,,,,,
A,50,LINK COMMUNITY FOUNDATION,LINK COMMUNITY FOUNDATION,,"""LINK COMMUNITY FOUNDATION"" Sarasota FL scholarship application",Sarasota,Sarasota,920725529,0,0,S11,,name:community-foundation;name:foundation,,,,,,,,,
A,50,EAST PASCO YOUTH COMMUNITY FOUNDATION,EAST PASCO YOUTH COMMUNITY FOUNDATION,,"""EAST PASCO YOUTH COMMUNITY FOUNDATION"" Dade City FL scholarship application",Dade City,Pasco,990815710,0,0,O50,,name:community-foundation;name:foundation,,,,,,,,,
A,48,ROTARY ZONES 33-34 FOUNDATION,ROTARY ZONES 33-34 FOUNDATION,,"""ROTARY ZONES 33-34 FOUNDATION"" Venice FL scholarship application",Venice,Sarasota,813880345,887997,1843625,B60,,name:service-club;name:foundation;ntee-education:B60,,,,,,,,,
A,48,VENICE-NOKOMIS ROTARY FOUNDATION INC,VENICE-NOKOMIS ROTARY FOUNDATION INC,,"""VENICE-NOKOMIS ROTARY FOUNDATION INC"" Venice FL scholarship application",Venice,Sarasota,650211976,473771,70494,B80Z,,name:service-club;name:foundation;ntee-education:B80Z,,,,,,,,,
A,43,PALMETTO ROTARY EDUCATION FUND,PALMETTO ROTARY EDUCATION FUND,,"""PALMETTO ROTARY EDUCATION FUND"" Palmetto FL scholarship application",Palmetto,Manatee,650519319,0,0,B82Z,,name:service-club;ntee-education:B82Z;name:education,,,,,,,,,
A,40,ROTARY CLUB OF TAMPA FOUNDATION INC,ROTARY CLUB OF TAMPA FOUNDATION INC,,"""ROTARY CLUB OF TAMPA FOUNDATION INC"" Tampa FL scholarship application",Tampa,Hillsborough,592445906,2094403,141259,S80,,name:service-club;name:foundation,,,,,,,,,
A,40,KIWANIS FOUNDATION OF TAMPA INC,KIWANIS FOUNDATION OF TAMPA INC,,"""KIWANIS FOUNDATION OF TAMPA INC"" Tampa FL scholarship application",Tampa,Hillsborough,596152595,2058516,237572,S81,,name:service-club;name:foundation,,,,,,,,,
A,40,SARASOTA KIWANIS FOUNDATION INC,SARASOTA KIWANIS FOUNDATION INC,,"""SARASOTA KIWANIS FOUNDATION INC"" Sarasota FL scholarship application",Sarasota,Sarasota,596153329,1445771,48972,S82Z,,name:service-club;name:foundation,,,,,,,,,
A,40,THE ROTARY CLUB OF CLEARWATER EAST FOUNDATION INC,THE ROTARY CLUB OF CLEARWATER EAST FOUNDATION INC,,"""THE ROTARY CLUB OF CLEARWATER EAST FOUNDATION INC"" Clearwater FL scholarship application",Clearwater,Pinellas,592833950,1388247,150184,S82Z,,name:service-club;name:foundation,,,,,,,,,
A,40,VENICE LIONS CLUB FOUNDATION INC,VENICE LIONS CLUB FOUNDATION INC,,"""VENICE LIONS CLUB FOUNDATION INC"" Venice FL scholarship application",Venice,Sarasota,592583544,1319226,106590,S80Z,,name:service-club;name:foundation,,,,,,,,,
A,40,BRADENTON ROTARY FOUNDATION INCORPORATED,BRADENTON ROTARY FOUNDATION INCORPORATED,,"""BRADENTON ROTARY FOUNDATION INCORPORATED"" Bradenton FL scholarship application",Bradenton,Manatee,592480884,1266328,59598,S80Z,,name:service-club;name:foundation,,,,,,,,,
A,40,LEMON BAY SUNRISE ROTARY YOUTH ENDOWMENT TRUST,LEMON BAY SUNRISE ROTARY YOUTH ENDOWMENT TRUST,,"""LEMON BAY SUNRISE ROTARY YOUTH ENDOWMENT TRUST"" Englewood FL scholarship application",Englewood,Sarasota,842250099,462623,16004,T50,,name:service-club;name:foundation,,,,,,,,,
A,40,ROTARY CLUB OF PINELLAS PARK FLORIDA FOUNDATION INC,ROTARY CLUB OF PINELLAS PARK FLORIDA FOUNDATION INC,,"""ROTARY CLUB OF PINELLAS PARK FLORIDA FOUNDATION INC"" Seminole FL scholarship application",Seminole,Pinellas,270201862,414890,92280,T50,,name:service-club;name:foundation,,,,,,,,,
A,40,ROTARY CLUB OF SARASOTA BAY FOUNDATION INC,ROTARY CLUB OF SARASOTA BAY FOUNDATION INC,,"""ROTARY CLUB OF SARASOTA BAY FOUNDATION INC"" Sarasota FL scholarship application",Sarasota,Sarasota,592687165,405534,31929,,,name:service-club;name:foundation,,,,,,,,,
A,40,GREATER SARASOTA SERTOMA FOUNDATION INC,GREATER SARASOTA SERTOMA FOUNDATION INC,,"""GREATER SARASOTA SERTOMA FOUNDATION INC"" Sarasota FL scholarship application",Sarasota,Sarasota,650687492,359261,102905,E60,,name:service-club;name:foundation,,,,,,,,,
A,40,KIWANIS CLUB OF SEMINOLE BREAKFAST FOUNDATION INC,KIWANIS CLUB OF SEMINOLE BREAKFAST FOUNDATION INC,,"""KIWANIS CLUB OF SEMINOLE BREAKFAST FOUNDATION INC"" Largo FL scholarship application",Largo,Pinellas,371606372,346152,134060,P20,,name:service-club;name:foundation,,,,,,,,,
A,40,ROTARY CLUB OF SEMINOLE LAKE CHARITABLE FOUNDATION INC,ROTARY CLUB OF SEMINOLE LAKE CHARITABLE FOUNDATION INC,,"""ROTARY CLUB OF SEMINOLE LAKE CHARITABLE FOUNDATION INC"" Seminole FL scholarship application",Seminole,Pinellas,593033737,273980,112727,,,name:service-club;name:foundation,,,,,,,,,
A,40,KIWANIS CLUB OF LONGBOAT KEY FOUNDATION INC,KIWANIS CLUB OF LONGBOAT KEY FOUNDATION INC,,"""KIWANIS CLUB OF LONGBOAT KEY FOUNDATION INC"" Longboat Key FL scholarship application",Longboat Key,Sarasota,592238543,153854,69156,,,name:service-club;name:foundation,,,,,,,,,
A,40,ROTARY CLUB OF SARASOTA SOUTHSIDE FOUNDATION INC,ROTARY CLUB OF SARASOTA SOUTHSIDE FOUNDATION INC,,"""ROTARY CLUB OF SARASOTA SOUTHSIDE FOUNDATION INC"" Sarasota FL scholarship application",Sarasota,Sarasota,452041318,86653,85727,H12,,name:service-club;name:foundation,,,,,,,,,
A,40,GULF BEACHES ROTARY FOUNDATION INC,GULF BEACHES ROTARY FOUNDATION INC,,"""GULF BEACHES ROTARY FOUNDATION INC"" Madeira Beach FL scholarship application",Madeira Beach,Pinellas,593181809,65210,54854,T70Z,,name:service-club;name:foundation,,,,,,,,,
A,40,LEMON BAY SUNRISE ROTARY FOUNDATION INC,LEMON BAY SUNRISE ROTARY FOUNDATION INC,,"""LEMON BAY SUNRISE ROTARY FOUNDATION INC"" Englewood FL scholarship application",Englewood,Sarasota,842039141,59779,87156,T50,,name:service-club;name:foundation,,,,,,,,,
A,40,ROTARY DISTRICT 6890 FOUNDATION INC,ROTARY DISTRICT 6890 FOUNDATION INC,,"""ROTARY DISTRICT 6890 FOUNDATION INC"" Land O Lakes FL scholarship application",Land O Lakes,Pasco,262243050,54220,91469,M20,,name:service-club;name:foundation,,,,,,,,,
A,40,DUNEDIN KIWANIS FOUNDATION INC,DUNEDIN KIWANIS FOUNDATION INC,,"""DUNEDIN KIWANIS FOUNDATION INC"" Dunedin FL scholarship application",Dunedin,Pinellas,260645618,47263,45550,P20,,name:service-club;name:foundation,,,,,,,,,
A,40,CHARITABLE FOUNDATION OF DUNEDIN NORTH ROTARY INC,CHARITABLE FOUNDATION OF DUNEDIN NORTH ROTARY INC,,"""CHARITABLE FOUNDATION OF DUNEDIN NORTH ROTARY INC"" Dunedin FL scholarship application",Dunedin,Pinellas,333435582,12195,13197,W12,,name:service-club;name:foundation,,,,,,,,,
A,40,KIWANIS CLUB OF ANNA MARIA ISLAND FOUNDATION INC,KIWANIS CLUB OF ANNA MARIA ISLAND FOUNDATION INC,,"""KIWANIS CLUB OF ANNA MARIA ISLAND FOUNDATION INC"" Holmes Beach FL scholarship application",Holmes Beach,Manatee,592304897,6500,6500,,,name:service-club;name:foundation,,,,,,,,,
A,40,LIONS CLUB OF GULFPORT FLORIDA FOUNDATION INC,LIONS CLUB OF GULFPORT FLORIDA FOUNDATION INC,,"""LIONS CLUB OF GULFPORT FLORIDA FOUNDATION INC"" Gulfport FL scholarship application",Gulfport,Pinellas,844266446,4163,1665,T70,,name:service-club;name:foundation,,,,,,,,,
A,40,ZONTA CLUB OF PINELLAS COUNTY FOUNDATION,ZONTA CLUB OF PINELLAS COUNTY FOUNDATION,,"""ZONTA CLUB OF PINELLAS COUNTY FOUNDATION"" Clearwater FL scholarship application",Clearwater,Pinellas,273230091,0,0,I20,,name:service-club;name:foundation,,,,,,,,,
A,40,ROTARY CLUB OF LARGO CHARITABLE FOUNDATION INC,ROTARY CLUB OF LARGO CHARITABLE FOUNDATION INC,,"""ROTARY CLUB OF LARGO CHARITABLE FOUNDATION INC"" Largo FL scholarship application",Largo,Pinellas,273985648,0,0,O30,,name:service-club;name:foundation,,,,,,,,,
A,40,THE KIWANIS CLUB OF MANATEE SUNRISE FOUNDATION INC,THE KIWANIS CLUB OF MANATEE SUNRISE FOUNDATION INC,,"""THE KIWANIS CLUB OF MANATEE SUNRISE FOUNDATION INC"" Bradenton FL scholarship application",Bradenton,Manatee,300575369,0,0,P30,,name:service-club;name:foundation,,,,,,,,,
A,40,KIWANIS OF DADE CITY CHARITABLE FOUNDATION INC,KIWANIS OF DADE CITY CHARITABLE FOUNDATION INC,,"""KIWANIS OF DADE CITY CHARITABLE FOUNDATION INC"" Dade City FL scholarship application",Dade City,Pasco,471379363,0,0,T50,,name:service-club;name:foundation,,,,,,,,,
A,40,SIESTA KEY KIWANIS CLUB FOUNDATION INC,SIESTA KEY KIWANIS CLUB FOUNDATION INC,,"""SIESTA KEY KIWANIS CLUB FOUNDATION INC"" Sarasota FL scholarship application",Sarasota,Sarasota,542067657,0,0,P80,,name:service-club;name:foundation,,,,,,,,,
A,40,KIWANIS CLUB OF SEMINOLE FOUNDATION INC,KIWANIS CLUB OF SEMINOLE FOUNDATION INC,,"""KIWANIS CLUB OF SEMINOLE FOUNDATION INC"" Seminole FL scholarship application",Seminole,Pinellas,592247833,0,0,,,name:service-club;name:foundation,,,,,,,,,
A,40,SARASOTA GULF GATE ROTARY FOUNDATION INC,SARASOTA GULF GATE ROTARY FOUNDATION INC,,"""SARASOTA GULF GATE ROTARY FOUNDATION INC"" Sarasota FL scholarship application",Sarasota,Sarasota,592307765,0,0,,,name:service-club;name:foundation,,,,,,,,,
A,40,ROTARY CLUB OF SARASOTA SUNRISE FOUNDATION INC,ROTARY CLUB OF SARASOTA SUNRISE FOUNDATION INC,,"""ROTARY CLUB OF SARASOTA SUNRISE FOUNDATION INC"" Sarasota FL scholarship application",Sarasota,Sarasota,592812994,0,0,,,name:service-club;name:foundation,,,,,,,,,
A,40,KIWANIS CLUB OF PINELLAS PARK FOUNDATION INC,KIWANIS CLUB OF PINELLAS PARK FOUNDATION INC,,"""KIWANIS CLUB OF PINELLAS PARK FOUNDATION INC"" Largo FL scholarship application",Largo,Pinellas,593060329,0,0,A19,,name:service-club;name:foundation,,,,,,,,,
A,40,ROTARY CLUB OF SAFETY HARBOR FOUNDATION INC,ROTARY CLUB OF SAFETY HARBOR FOUNDATION INC,,"""ROTARY CLUB OF SAFETY HARBOR FOUNDATION INC"" Safety Harbor FL scholarship application",Safety Harbor,Pinellas,593481353,0,0,S99,,name:service-club;name:foundation,,,,,,,,,
A,40,ROTARY CLUB OF TEMPLE TERRACE FOUNDATION INC,ROTARY CLUB OF TEMPLE TERRACE FOUNDATION INC,,"""ROTARY CLUB OF TEMPLE TERRACE FOUNDATION INC"" Tampa FL scholarship application",Tampa,Hillsborough,593591388,0,0,,,name:service-club;name:foundation,,,,,,,,,
A,40,SUNCOAST OPTIMIST FOUNDATION INC,SUNCOAST OPTIMIST FOUNDATION INC,,"""SUNCOAST OPTIMIST FOUNDATION INC"" Sarasota FL scholarship application",Sarasota,Sarasota,650123355,0,0,,,name:service-club;name:foundation,,,,,,,,,
A,40,KIWANIS FOUNDATION OF ENGLEWOOD-CAPE HAZE,KIWANIS FOUNDATION OF ENGLEWOOD-CAPE HAZE,,"""KIWANIS FOUNDATION OF ENGLEWOOD-CAPE HAZE"" Englewood FL scholarship application",Englewood,Sarasota,812483095,0,0,T50,,name:service-club;name:foundation,,,,,,,,,
A,40,KIWANIS CLUB OF SAFETY HARBOR FOUNDATION INC,KIWANIS CLUB OF SAFETY HARBOR FOUNDATION INC,,"""KIWANIS CLUB OF SAFETY HARBOR FOUNDATION INC"" Safety Harbor FL scholarship application",Safety Harbor,Pinellas,813139950,0,0,W12,,name:service-club;name:foundation,,,,,,,,,
A,40,KIWANIS FOUNDATION OF NORTH PORT INC,KIWANIS FOUNDATION OF NORTH PORT INC,,"""KIWANIS FOUNDATION OF NORTH PORT INC"" North Port FL scholarship application",North Port,Sarasota,831972432,0,0,,,name:service-club;name:foundation,,,,,,,,,
A,40,GREATER PALM HARBOR KIWANIS FOUNDATION,GREATER PALM HARBOR KIWANIS FOUNDATION,,"""GREATER PALM HARBOR KIWANIS FOUNDATION"" Palm Harbor FL scholarship application",Palm Harbor,Pinellas,832870958,0,0,T50,,name:service-club;name:foundation,,,,,,,,,
A,40,TAMPA WESTCHASE ROTARY FOUNDATION INC,TAMPA WESTCHASE ROTARY FOUNDATION INC,,"""TAMPA WESTCHASE ROTARY FOUNDATION INC"" Tampa FL scholarship application",Tampa,Hillsborough,833947164,0,0,P20,,name:service-club;name:foundation,,,,,,,,,
A,40,KIWANIS CLUB OF CARROLLWOOD FOUNDATION INC,KIWANIS CLUB OF CARROLLWOOD FOUNDATION INC,,"""KIWANIS CLUB OF CARROLLWOOD FOUNDATION INC"" Tampa FL scholarship application",Tampa,Hillsborough,841883317,0,0,P12,,name:service-club;name:foundation,,,,,,,,,
A,40,KIWANIS CLUB OF VENICE FLORIDA FOUNDATION INC,KIWANIS CLUB OF VENICE FLORIDA FOUNDATION INC,,"""KIWANIS CLUB OF VENICE FLORIDA FOUNDATION INC"" Nokomis FL scholarship application",Nokomis,Sarasota,842057438,0,0,P30,,name:service-club;name:foundation,,,,,,,,,
A,40,ROTARY CLUB OF ENGLEWOOD FOUNDATION INC,ROTARY CLUB OF ENGLEWOOD FOUNDATION INC,,"""ROTARY CLUB OF ENGLEWOOD FOUNDATION INC"" Englewood FL scholarship application",Englewood,Sarasota,861855950,0,0,T50,,name:service-club;name:foundation,,,,,,,,,
A,40,PALM HARBOR ROTARY FOUNDATION,PALM HARBOR ROTARY FOUNDATION,,"""PALM HARBOR ROTARY FOUNDATION"" Palm Harbor FL scholarship application",Palm Harbor,Pinellas,862778247,0,0,W12,,name:service-club;name:foundation,,,,,,,,,
A,40,KIWANIS CLUB OF LARGO-MID PINELLAS FOUNDATION INC,KIWANIS CLUB OF LARGO-MID PINELLAS FOUNDATION INC,,"""KIWANIS CLUB OF LARGO-MID PINELLAS FOUNDATION INC"" Largo FL scholarship application",Largo,Pinellas,900599760,0,0,P12,,name:service-club;name:foundation,,,,,,,,,
A,40,KIWANIS CLUB OF PLANT CITY FOUNDATION INC,KIWANIS CLUB OF PLANT CITY FOUNDATION INC,,"""KIWANIS CLUB OF PLANT CITY FOUNDATION INC"" Plant City FL scholarship application",Plant City,Hillsborough,993724908,0,0,S80,,name:service-club;name:foundation,,,,,,,,,
A,30,JUNIOR LEAGUE OF TAMPA INC,JUNIOR LEAGUE OF TAMPA INC,,"""JUNIOR LEAGUE OF TAMPA INC"" Tampa FL scholarship application",Tampa,Hillsborough,590693993,3507970,1295610,S810,,name:service-club,,,,,,,,,
A,30,ENGLEWOOD LODGE NO 1933 LOYAL ORDER OF MOOSE,ENGLEWOOD LODGE NO 1933 LOYAL ORDER OF MOOSE,,"""ENGLEWOOD LODGE NO 1933 LOYAL ORDER OF MOOSE"" Englewood FL scholarship application",Englewood,Sarasota,650027497,3145485,1837193,,,name:service-club,,,,,,,,,
A,30,VENICE LODGE NO 1308 LOYAL ORDER OF MOOSE,VENICE LODGE NO 1308 LOYAL ORDER OF MOOSE,,"""VENICE LODGE NO 1308 LOYAL ORDER OF MOOSE"" Venice FL scholarship application",Venice,Sarasota,591306916,2731162,1497666,,,name:service-club,,,,,,,,,
A,30,BENEVOLENT & PROTECTIVE ORDER OF ELKS OF THE USA,Elks Lodge of Lakewood Ranch Sarasota,Y,"""Elks Lodge of Lakewood Ranch Sarasota"" Bradenton FL scholarship application",Bradenton,Manatee,264821354,2501909,546615,,,name:service-club,,,,,,,,,
A,30,BENEVOLENT & PROTECTIVE ORDER OF ELKS OF THE USA,Elks Lodge of Englewood,Y,"""Elks Lodge of Englewood"" Englewood FL scholarship application",Englewood,Sarasota,591197351,2437199,593735,,,name:service-club,,,,,,,,,
A,30,JUNIOR LEAGUE OF SARASOTA INC,JUNIOR LEAGUE OF SARASOTA INC,,"""JUNIOR LEAGUE OF SARASOTA INC"" Sarasota FL scholarship application",Sarasota,Sarasota,596159037,2376857,406635,S810,,name:service-club,,,,,,,,,
A,30,BRADENTON LODGE NO 1223 LOYAL ORDER OF MOOSE,BRADENTON LODGE NO 1223 LOYAL ORDER OF MOOSE,,"""BRADENTON LODGE NO 1223 LOYAL ORDER OF MOOSE"" Bradenton FL scholarship application",Bradenton,Manatee,590840052,2183588,979016,,,name:service-club,,,,,,,,,
A,30,ZEPHYRHILLS LODGE NO 2276 LOYAL ORDER OF MOOSE,ZEPHYRHILLS LODGE NO 2276 LOYAL ORDER OF MOOSE,,"""ZEPHYRHILLS LODGE NO 2276 LOYAL ORDER OF MOOSE"" Zephyrhills FL scholarship application",Zephyrhills,Pasco,591406036,2055924,1975208,,,name:service-club,,,,,,,,,
A,30,GULF COVE LODGE NO 2554 LOYAL ORDER OF MOOSE,GULF COVE LODGE NO 2554 LOYAL ORDER OF MOOSE,,"""GULF COVE LODGE NO 2554 LOYAL ORDER OF MOOSE"" Englewood FL scholarship application",Englewood,Sarasota,912029762,1863594,957825,,,name:service-club,,,,,,,,,
A,30,ROTARY CLUB OF CLEARWATER CHARITIES INC,ROTARY CLUB OF CLEARWATER CHARITIES INC,,"""ROTARY CLUB OF CLEARWATER CHARITIES INC"" Clearwater FL scholarship application",Clearwater,Pinellas,510188524,1649305,56281,S82Z,,name:service-club,,,,,,,,,
A,30,BRANDON LODGE NO 1880 LOYAL ORDER OF MOOSE,BRANDON LODGE NO 1880 LOYAL ORDER OF MOOSE,,"""BRANDON LODGE NO 1880 LOYAL ORDER OF MOOSE"" Valrico FL scholarship application",Valrico,Hillsborough,237301378,1579067,491079,,,name:service-club,,,,,,,,,
A,30,BENEVOLENT & PROTECTIVE ORDER OF ELKS OF THE USA,Elks Lodge of St Petersburg,Y,"""Elks Lodge of St Petersburg"" St Petersburg FL scholarship application",St Petersburg,Pinellas,590433105,1486083,825272,,,name:service-club,,,,,,,,,
A,30,NORTH PORT LODGE NO 764 LOYAL ORDER OF MOOSE,NORTH PORT LODGE NO 764 LOYAL ORDER OF MOOSE,,"""NORTH PORT LODGE NO 764 LOYAL ORDER OF MOOSE"" North Port FL scholarship application",North Port,Sarasota,592363059,1476176,747839,,,name:service-club,,,,,,,,,
A,30,EXCHANGE CLUB FAMILY PARTNERSHIP CENTER OF MANATEE COUNTY INC,EXCHANGE CLUB FAMILY PARTNERSHIP CENTER OF MANATEE COUNTY INC,,"""EXCHANGE CLUB FAMILY PARTNERSHIP CENTER OF MANATEE COUNTY INC"" Bradenton FL scholarship application",Bradenton,Manatee,650374386,1439299,1170658,I72,,name:service-club,,,,,,,,,
A,30,BENEVOLENT & PROTECTIVE ORDER OF ELKS OF THE USA,Elks Lodge of Holiday Isles,Y,"""Elks Lodge of Holiday Isles"" Madeira Beach FL scholarship application",Madeira Beach,Pinellas,590745159,1185463,559837,,,name:service-club,,,,,,,,,
A,30,BENEVOLENT & PROTECTIVE ORDER OF ELKS OF THE USA,Elks Lodge of Bradenton,Y,"""Elks Lodge of Bradenton"" Bradenton FL scholarship application",Bradenton,Manatee,590232970,1183829,434287,,,name:service-club,,,,,,,,,
A,30,BENEVOLENT & PROTECTIVE ORDER OF ELKS OF THE USA,Elks Lodge of Sarasota,Y,"""Elks Lodge of Sarasota"" Sarasota FL scholarship application",Sarasota,Sarasota,200810910,1126677,226261,,,name:service-club,,,,,,,,,
A,30,ST PETERSBURG LODGE NO 1145 LOYAL ORDER OF MOOSE,ST PETERSBURG LODGE NO 1145 LOYAL ORDER OF MOOSE,,"""ST PETERSBURG LODGE NO 1145 LOYAL ORDER OF MOOSE"" Kenneth City FL scholarship application",Kenneth City,Pinellas,590570290,1101052,85537,,,name:service-club,,,,,,,,,
A,30,BENEVOLENT & PROTECTIVE ORDER OF ELKS OF THE USA,Elks Lodge of Brooksville,Y,"""Elks Lodge of Brooksville"" Spring Hill FL scholarship application",Spring Hill,Pasco,591890420,1040374,251635,,,name:service-club,,,,,,,,,
A,30,KIWANIS INTERNATIONAL INC,Kiwanis Club of Bradenton,Y,"""Kiwanis Club of Bradenton"" Bradenton FL scholarship application",Bradenton,Manatee,590320101,1032086,718004,,,name:service-club,,,,,,,,,
A,30,BENEVOLENT & PROTECTIVE ORDER OF ELKS OF THE USA,Elks Lodge of Largo,Y,"""Elks Lodge of Largo"" Largo FL scholarship application",Largo,Pinellas,591086859,1030807,465936,,,name:service-club,,,,,,,,,
A,30,GULF GATE LODGE NO 608 LOYAL ORDER OF MOOSE,GULF GATE LODGE NO 608 LOYAL ORDER OF MOOSE,,"""GULF GATE LODGE NO 608 LOYAL ORDER OF MOOSE"" Sarasota FL scholarship application",Sarasota,Sarasota,510143750,1006886,298585,,,name:service-club,,,,,,,,,
A,30,ROTARY CLUB OF LAKEWOOD RANCH INC,ROTARY CLUB OF LAKEWOOD RANCH INC,,"""ROTARY CLUB OF LAKEWOOD RANCH INC"" Lakewood Ranch FL scholarship application",Lakewood Ranch,Manatee,651119411,976392,496694,Z99,,name:service-club,,,,,,,,,
A,30,NORTH BAY LODGE 2373 LOYAL ORDER OF MOOSE,NORTH BAY LODGE 2373 LOYAL ORDER OF MOOSE,,"""NORTH BAY LODGE 2373 LOYAL ORDER OF MOOSE"" Oldsmar FL scholarship application",Oldsmar,Pinellas,593030330,968171,448200,,,name:service-club,,,,,,,,,
A,30,BENEVOLENT & PROTECTIVE ORDER OF ELKS OF THE USA,Elks Lodge of Manasota,Y,"""Elks Lodge of Manasota"" Bradenton FL scholarship application",Bradenton,Manatee,650064400,929427,496638,,,name:service-club,,,,,,,,,
A,30,LAND O LAKES LODGE NO 1903 LOYAL ORDER OF MOOSE,LAND O LAKES LODGE NO 1903 LOYAL ORDER OF MOOSE,,"""LAND O LAKES LODGE NO 1903 LOYAL ORDER OF MOOSE"" Land O Lakes FL scholarship application",Land O Lakes,Pasco,592299049,920465,437311,,,name:service-club,,,,,,,,,
A,30,BENEVOLENT & PROTECTIVE ORDER OF ELKS OF THE USA,Elks Lodge of Seminole,Y,"""Elks Lodge of Seminole"" Seminole FL scholarship application",Seminole,Pinellas,510171548,868194,489991,,,name:service-club,,,,,,,,,
A,30,PALMETTO LODGE NO 2117 LOYAL ORDER OF MOOSE,PALMETTO LODGE NO 2117 LOYAL ORDER OF MOOSE,,"""PALMETTO LODGE NO 2117 LOYAL ORDER OF MOOSE"" Palmetto FL scholarship application",Palmetto,Manatee,591006882,834432,1266227,,,name:service-club,,,,,,,,,
A,30,BPOE DUNEDIN CLEARWATER ELKS LODGE 1525,BPOE DUNEDIN CLEARWATER ELKS LODGE 1525,,"""BPOE DUNEDIN CLEARWATER ELKS LODGE 1525"" Dunedin FL scholarship application",Dunedin,Pinellas,237176698,762249,275789,Y40Z,,name:service-club,,,,,,,,,
A,30,BENEVOLENT & PROTECTIVE ORDER OF ELKS OF THE USA,Elks Lodge of Brandon,Y,"""Elks Lodge of Brandon"" Brandon FL scholarship application",Brandon,Hillsborough,591537969,760077,318111,,,name:service-club,,,,,,,,,
A,30,JUNIOR LEAGUE OF CLEARWATER DUNEDIN INC,JUNIOR LEAGUE OF CLEARWATER DUNEDIN INC,,"""JUNIOR LEAGUE OF CLEARWATER DUNEDIN INC"" Dunedin FL scholarship application",Dunedin,Pinellas,590773585,730565,212654,N99,,name:service-club,,,,,,,,,
A,30,ROTARY INTERNATIONAL,Rotary Club of Plant City,Y,"""Rotary Club of Plant City"" Plant City FL scholarship application",Plant City,Hillsborough,592346796,600386,424550,,,name:service-club,,,,,,,,,
A,30,NEW PORT RICHEY LODGE NO 1747 LOYAL ORDER OF MOOSE,NEW PORT RICHEY LODGE NO 1747 LOYAL ORDER OF MOOSE,,"""NEW PORT RICHEY LODGE NO 1747 LOYAL ORDER OF MOOSE"" Hudson FL scholarship application",Hudson,Pasco,237147177,598489,315192,,,name:service-club,,,,,,,,,
A,30,INTERBAY LODGE NO 912 LOYAL ORDER OF MOOSE,INTERBAY LODGE NO 912 LOYAL ORDER OF MOOSE,,"""INTERBAY LODGE NO 912 LOYAL ORDER OF MOOSE"" Tampa FL scholarship application",Tampa,Hillsborough,591796724,585708,324325,,,name:service-club,,,,,,,,,
A,30,JUNIOR LEAGUE OF ST PETERSBURG FLA INCORPORATED,JUNIOR LEAGUE OF ST PETERSBURG FLA INCORPORATED,,"""JUNIOR LEAGUE OF ST PETERSBURG FLA INCORPORATED"" St Petersburg FL scholarship application",St Petersburg,Pinellas,590759485,500321,201729,S810,,name:service-club,,,,,,,,,
A,30,ROTARY CLUB OF SEMINOLE CHARITABLE FUND INC,ROTARY CLUB OF SEMINOLE CHARITABLE FUND INC,,"""ROTARY CLUB OF SEMINOLE CHARITABLE FUND INC"" Seminole FL scholarship application",Seminole,Pinellas,237033683,499890,57802,,,name:service-club,,,,,,,,,
A,30,SARASOTA MOOSE LODGE 1319,SARASOTA MOOSE LODGE 1319,,"""SARASOTA MOOSE LODGE 1319"" Sarasota FL scholarship application",Sarasota,Sarasota,590622074,499254,286101,,,name:service-club,,,,,,,,,
A,30,BENEVOLENT & PROTECTIVE ORDER OF ELKS OF THE USA,Elks Lodge of Zephyrhills,Y,"""Elks Lodge of Zephyrhills"" Zephyrhills FL scholarship application",Zephyrhills,Pasco,592806594,486497,294597,,,name:service-club,,,,,,,,,
A,30,LARGO LODGE NO 2205 LOYAL ORDER OF MOOSE,LARGO LODGE NO 2205 LOYAL ORDER OF MOOSE,,"""LARGO LODGE NO 2205 LOYAL ORDER OF MOOSE"" Largo FL scholarship application",Largo,Pinellas,237327002,479686,172859,,,name:service-club,,,,,,,,,
A,30,BENEVOLENT & PROTECTIVE ORDER OF ELKS OF THE USA,Tampa Elks Lodge,Y,"""Tampa Elks Lodge"" Tampa FL scholarship application",Tampa,Hillsborough,590233020,452880,234248,,,name:service-club,,,,,,,,,
A,30,ROTARY FUTURES PROGRAM INC,ROTARY FUTURES PROGRAM INC,,"""ROTARY FUTURES PROGRAM INC"" Venice FL scholarship application",Venice,Sarasota,020583160,443257,172634,P99,,name:service-club,,,,,,,,,
A,30,SERTOMA KIDS INC,SERTOMA KIDS INC,,"""SERTOMA KIDS INC"" Sarasota FL scholarship application",Sarasota,Sarasota,455472110,432644,297068,E50,,name:service-club,,,,,,,,,
A,30,RIVERVIEW LODGE NO 2158 LOYAL ORDER OF MOOSE,RIVERVIEW LODGE NO 2158 LOYAL ORDER OF MOOSE,,"""RIVERVIEW LODGE NO 2158 LOYAL ORDER OF MOOSE"" Gibsonton FL scholarship application",Gibsonton,Hillsborough,237132608,417535,159438,,,name:service-club,,,,,,,,,
A,30,BENEVOLENT & PROTECTIVE ORDER OF ELKS OF THE USA,Elks Lodge of Aripeka,Y,"""Elks Lodge of Aripeka"" Hudson FL scholarship application",Hudson,Pasco,596552205,411108,865395,,,name:service-club,,,,,,,,,
A,30,BENEVOLENT & PROTECTIVE ORDER OF ELKS OF THE USA,Elks Lodge of Plant City,Y,"""Elks Lodge of Plant City"" Plant City FL scholarship application",Plant City,Hillsborough,590671725,405425,197948,,,name:service-club,,,,,,,,,
A,30,BENEVOLENT & PROTECTIVE ORDER OF ELKS OF THE USA,Elks Lodge of Palmetto,Y,"""Elks Lodge of Palmetto"" Palmetto FL scholarship application",Palmetto,Manatee,591173928,387769,179172,Y40Z,,name:service-club,,,,,,,,,
A,30,RUSKIN MOOSE LODGE 813 LOYAL ORDER OF MOOSE,RUSKIN MOOSE LODGE 813 LOYAL ORDER OF MOOSE,,"""RUSKIN MOOSE LODGE 813 LOYAL ORDER OF MOOSE"" Ruskin FL scholarship application",Ruskin,Hillsborough,237249873,379447,428141,Y99,,name:service-club,,,,,,,,,
A,30,YBOR CITY ROTARY FOUNDTION INC,YBOR CITY ROTARY FOUNDTION INC,,"""YBOR CITY ROTARY FOUNDTION INC"" Tampa FL scholarship application",Tampa,Hillsborough,592998020,373570,53206,P99,,name:service-club,,,,,,,,,
A,30,NORTH HILLSBORO LODGE NO 1741 LOYAL ORDER OF MOOSE,NORTH HILLSBORO LODGE NO 1741 LOYAL ORDER OF MOOSE,,"""NORTH HILLSBORO LODGE NO 1741 LOYAL ORDER OF MOOSE"" Tampa FL scholarship application",Tampa,Hillsborough,591583367,364480,357535,,,name:service-club,,,,,,,,,
A,30,SPRING HILL LODGE NO 521 LOYAL ORDER OF MOOSE,SPRING HILL LODGE NO 521 LOYAL ORDER OF MOOSE,,"""SPRING HILL LODGE NO 521 LOYAL ORDER OF MOOSE"" Spring Hill FL scholarship application",Spring Hill,Pasco,592425709,330052,249937,,,name:service-club,,,,,,,,,
A,30,BENEVOLENT & PROTECTIVE ORDER OF ELKS OF THE USA,Elks Lodge of South Hillsborough,Y,"""Elks Lodge of South Hillsborough"" Ruskin FL scholarship application",Ruskin,Hillsborough,592374971,314845,116052,,,name:service-club,,,,,,,,,
A,30,NATIONAL EXCHANGE CLUB,Exchange Club of Ne St Petersburg Fl,Y,"""Exchange Club of Ne St Petersburg Fl"" St Petersburg FL scholarship application",St Petersburg,Pinellas,592741305,290861,67444,,,name:service-club,,,,,,,,,
A,30,ZEPHYRHILLS LIONS CLUB INC,ZEPHYRHILLS LIONS CLUB INC,,"""ZEPHYRHILLS LIONS CLUB INC"" Zephyrhills FL scholarship application",Zephyrhills,Pasco,592139613,282147,263752,G41,,name:service-club,,,,,,,,,
A,30,ST PETERSBURG LIONS CLUB INNC,ST PETERSBURG LIONS CLUB INNC,,"""ST PETERSBURG LIONS CLUB INNC"" St Petersburg FL scholarship application",St Petersburg,Pinellas,596153320,241866,160290,T40,,name:service-club,,,,,,,,,
A,30,ROTARY INTERNATIONAL,Rotary Club of Dade City,Y,"""Rotary Club of Dade City"" Dade City FL scholarship application",Dade City,Pasco,591948955,152503,200404,,,name:service-club,,,,,,,,,
A,30,ROTARY GIFT OF LIFE OF FLORIDA INC,ROTARY GIFT OF LIFE OF FLORIDA INC,,"""ROTARY GIFT OF LIFE OF FLORIDA INC"" Sarasota FL scholarship application",Sarasota,Sarasota,650488800,148574,65859,P20,,name:service-club,,,,,,,,,
A,30,KIWANIS INTERNATIONAL INC,Kiwanis Club of of St Petersburg,Y,"""Kiwanis Club of of St Petersburg"" St Petersburg FL scholarship application",St Petersburg,Pinellas,590690574,125723,65118,,,name:service-club,,,,,,,,,
A,30,ROTARY INTERNATIONAL,Rotary Club of Clearwater,Y,"""Rotary Club of Clearwater"" Clearwater FL scholarship application",Clearwater,Pinellas,590996540,120805,117056,,,name:service-club,,,,,,,,,
A,30,ELKS FEEDING EMPTY LITTLE TUMMIES,ELKS FEEDING EMPTY LITTLE TUMMIES,,"""ELKS FEEDING EMPTY LITTLE TUMMIES"" Bradenton FL scholarship application",Bradenton,Manatee,352488818,114439,122778,K31,,name:service-club,,,,,,,,,
A,30,DADE CITY ROTARY CLUB CHARITIES INC,DADE CITY ROTARY CLUB CHARITIES INC,,"""DADE CITY ROTARY CLUB CHARITIES INC"" Dade City FL scholarship application",Dade City,Pasco,593709407,87110,24669,T70,,name:service-club,,,,,,,,,
A,30,ROTARY CLUB OF PINELLAS PARK,ROTARY CLUB OF PINELLAS PARK,,"""ROTARY CLUB OF PINELLAS PARK"" Pinellas Park FL scholarship application",Pinellas Park,Pinellas,237046309,80577,84668,T50,,name:service-club,,,,,,,,,
A,30,JUNIOR LEAGUE OF MANATEE COUNTY INC,JUNIOR LEAGUE OF MANATEE COUNTY INC,,"""JUNIOR LEAGUE OF MANATEE COUNTY INC"" Bradenton FL scholarship application",Bradenton,Manatee,591873975,80280,39932,S810,,name:service-club,,,,,,,,,
A,30,ROTARY INTERNATIONAL,Rotary Club of Englewood,Y,"""Rotary Club of Englewood"" Englewood FL scholarship application",Englewood,Sarasota,591004666,79139,57178,,,name:service-club,,,,,,,,,
A,30,ROTARY INTERNATIONAL,Rotary Club of New Tampa,Y,"""Rotary Club of New Tampa"" Tampa FL scholarship application",Tampa,Hillsborough,593371421,78602,66608,,,name:service-club,,,,,,,,,
A,30,ROTARY INTERNATIONAL,St Petersburg Rotary Club,Y,"""St Petersburg Rotary Club"" St Petersburg FL scholarship application",St Petersburg,Pinellas,590428468,69886,85510,,,name:service-club,,,,,,,,,
A,30,ROTARY INTERNATIONAL,Rotary Club of Manatee River,Y,"""Rotary Club of Manatee River"" Bradenton FL scholarship application",Bradenton,Manatee,592479275,67234,66745,P20,,name:service-club,,,,,,,,,
A,30,SERTOMA INC,SERTOMA INC,,"""SERTOMA INC"" Venice FL scholarship application",Venice,Sarasota,650385078,66386,45857,,,name:service-club,,,,,,,,,
A,30,PARRISH ELKS LODGE 2889 BENEVOLENT AND PROTECTIVE ORDER OF ELKS OF,PARRISH ELKS LODGE 2889 BENEVOLENT AND PROTECTIVE ORDER OF ELKS OF,,"""PARRISH ELKS LODGE 2889 BENEVOLENT AND PROTECTIVE ORDER OF ELKS OF"" Parrish FL scholarship application",Parrish,Manatee,932452176,55849,56273,,,name:service-club,,,,,,,,,
A,30,ROTARY INTERNATIONAL,Ybor City Fl Rotary Club,Y,"""Ybor City Fl Rotary Club"" Tampa FL scholarship application",Tampa,Hillsborough,591158667,53895,181393,,,name:service-club,,,,,,,,,
A,30,ROTARY INTERNATIONAL,Sarasota Rotary Club,Y,"""Sarasota Rotary Club"" Sarasota FL scholarship application",Sarasota,Sarasota,596153264,52378,124520,,,name:service-club,,,,,,,,,
A,30,ROTARY INTERNATIONAL,Rotary Club of Sarasota Bay,Y,"""Rotary Club of Sarasota Bay"" Sarasota FL scholarship application",Sarasota,Sarasota,596143545,47630,47021,,,name:service-club,,,,,,,,,
A,30,ROTARY INTERNATIONAL,Safety Harbor Noon Rotary Club,Y,"""Safety Harbor Noon Rotary Club"" Safety Harbor FL scholarship application",Safety Harbor,Pinellas,883727167,44105,109601,,,name:service-club,,,,,,,,,
A,30,ROTARY INTERNATIONAL,Rotary Club of Tampa,Y,"""Rotary Club of Tampa"" Tampa FL scholarship application",Tampa,Hillsborough,590428466,41298,132207,,,name:service-club,,,,,,,,,
A,30,TAMPA EAST SERTOMA CLUB INC,TAMPA EAST SERTOMA CLUB INC,,"""TAMPA EAST SERTOMA CLUB INC"" Tampa FL scholarship application",Tampa,Hillsborough,596213372,36863,49620,S80,,name:service-club,,,,,,,,,
A,30,ROTARY LBK CHARITABLE FUND,ROTARY LBK CHARITABLE FUND,,"""ROTARY LBK CHARITABLE FUND"" Longboat Key FL scholarship application",Longboat Key,Sarasota,472278076,26504,27789,W99,,name:service-club,,,,,,,,,
A,30,ROTARY CLUB OF WESLEY CHAPEL NOON FUND INC,ROTARY CLUB OF WESLEY CHAPEL NOON FUND INC,,"""ROTARY CLUB OF WESLEY CHAPEL NOON FUND INC"" Wesley Chapel FL scholarship application",Wesley Chapel,Pasco,463611302,26421,46612,P20,,name:service-club,,,,,,,,,
A,30,ROTARY INTERNATIONAL,Wesley Chapel Rotary Club,Y,"""Wesley Chapel Rotary Club"" Wesley Chapel FL scholarship application",Wesley Chapel,Pasco,900351904,25462,83368,S41,,name:service-club,,,,,,,,,
A,30,ROTARY INTERNATIONAL,Englewood Lemon Bay Sunrise Rotary,Y,"""Englewood Lemon Bay Sunrise Rotary"" Englewood FL scholarship application",Englewood,Sarasota,650233225,25447,86637,,,name:service-club,,,,,,,,,
A,30,ROTARY INTERNATIONAL,Rotary Club of Venice-Nokomis Club,Y,"""Rotary Club of Venice-Nokomis Club"" Venice FL scholarship application",Venice,Sarasota,237410010,23992,90433,,,name:service-club,,,,,,,,,
A,30,ROTARY INTERNATIONAL,Rotary Club of Brandon,Y,"""Rotary Club of Brandon"" Brandon FL scholarship application",Brandon,Hillsborough,592435872,22095,79407,,,name:service-club,,,,,,,,,
A,30,ROTARY INTERNATIONAL,Rotary Club of Bradenton,Y,"""Rotary Club of Bradenton"" Bradenton FL scholarship application",Bradenton,Manatee,596138574,21944,45208,,,name:service-club,,,,,,,,,
A,30,ROTARY INTERNATIONAL,Rotary Club of Dunedin North,Y,"""Rotary Club of Dunedin North"" Dunedin FL scholarship application",Dunedin,Pinellas,596152297,18084,48390,,,name:service-club,,,,,,,,,
A,30,KIWANIS INTERNATIONAL INC,Kiwanis Club of of Tampa,Y,"""Kiwanis Club of of Tampa"" Tampa FL scholarship application",Tampa,Hillsborough,590724979,11815,51078,,,name:service-club,,,,,,,,,
A,30,KIWANIS INTERNATIONAL INC,Kiwanis Club of Longboat Key,Y,"""Kiwanis Club of Longboat Key"" Longboat Key FL scholarship application",Longboat Key,Sarasota,237176844,11026,3455,S82Z,,name:service-club,,,,,,,,,
A,30,ROTARY INTERNATIONAL,Rotary Club of Dade City,Y,"""Rotary Club of Dade City"" Dade City FL scholarship application",Dade City,Pasco,596152295,8748,38481,,,name:service-club,,,,,,,,,
A,30,KIWANIS INTERNATIONAL INC,Kiwanis Club of Venice,Y,"""Kiwanis Club of Venice"" Venice FL scholarship application",Venice,Sarasota,596152218,4425,7526,,,name:service-club,,,,,,,,,
A,30,KIWANIS INTERNATIONAL INC,Kiwanis Club of Safety Harbor,Y,"""Kiwanis Club of Safety Harbor"" Safety Harbor FL scholarship application",Safety Harbor,Pinellas,010775897,0,0,,,name:service-club,,,,,,,,,
A,30,ROTARY INTERNATIONAL,Belleair Rotary Club,Y,"""Belleair Rotary Club"" Clearwater FL scholarship application",Clearwater,Pinellas,200836261,0,0,,,name:service-club,,,,,,,,,
A,30,ROTARY INTERNATIONAL,Rotary Club of Eastlake Sunrise Pinellas County,Y,"""Rotary Club of Eastlake Sunrise Pinellas County"" Oldsmar FL scholarship application",Oldsmar,Pinellas,201296715,0,0,,,name:service-club,,,,,,,,,
A,30,ROTARY INTERNATIONAL,Tampa Westchase Rotary Club,Y,"""Tampa Westchase Rotary Club"" Tampa FL scholarship application",Tampa,Hillsborough,202003606,0,0,,,name:service-club,,,,,,,,,
A,30,NORTH BAY CHAPT NO 2303 WOMEN OF THE MOOSE,NORTH BAY CHAPT NO 2303 WOMEN OF THE MOOSE,,"""NORTH BAY CHAPT NO 2303 WOMEN OF THE MOOSE"" Oldsmar FL scholarship application",Oldsmar,Pinellas,204320471,0,0,,,name:service-club,,,,,,,,,
A,30,LAND O LAKES CHAPT 2322 WOMEN OF THE MOOSE,LAND O LAKES CHAPT 2322 WOMEN OF THE MOOSE,,"""LAND O LAKES CHAPT 2322 WOMEN OF THE MOOSE"" Land O Lakes FL scholarship application",Land O Lakes,Pasco,205046693,0,0,,,name:service-club,,,,,,,,,
A,30,ROTARY INTERNATIONAL,Clearwater East Rotary Club,Y,"""Clearwater East Rotary Club"" Clearwater FL scholarship application",Clearwater,Pinellas,237095174,0,0,,,name:service-club,,,,,,,,,
A,30,THE KIWANIS CLUB OF SPRING HILL,THE KIWANIS CLUB OF SPRING HILL,,"""THE KIWANIS CLUB OF SPRING HILL"" Spring Hill FL scholarship application",Spring Hill,Pasco,237171373,0,0,P20,,name:service-club,,,,,,,,,
A,30,RIVERVIEW CHAPTER 1031 WOMEN OF THE MOOSE,RIVERVIEW CHAPTER 1031 WOMEN OF THE MOOSE,,"""RIVERVIEW CHAPTER 1031 WOMEN OF THE MOOSE"" Gibsonton FL scholarship application",Gibsonton,Hillsborough,237178714,0,0,,,name:service-club,,,,,,,,,
A,30,ROTARY INTERNATIONAL,Hudson Rotary,Y,"""Hudson Rotary"" Hudson FL scholarship application",Hudson,Pasco,237292090,0,0,,,name:service-club,,,,,,,,,
A,30,WOMEN OF THE MOOSE,Women of the Moose of Venice Chapter,Y,"""Women of the Moose of Venice Chapter"" Venice FL scholarship application",Venice,Sarasota,237520606,0,0,,,name:service-club,,,,,,,,,
A,30,NATURE COAST MOOSE COUNCIL OF HIGHE R DEGREES,NATURE COAST MOOSE COUNCIL OF HIGHE R DEGREES,,"""NATURE COAST MOOSE COUNCIL OF HIGHE R DEGREES"" Tampa FL scholarship application",Tampa,Hillsborough,260044932,0,0,,,name:service-club,,,,,,,,,
A,30,GULF COVE CHAPTER 2252 WOMEN OF THE MOOSE,GULF COVE CHAPTER 2252 WOMEN OF THE MOOSE,,"""GULF COVE CHAPTER 2252 WOMEN OF THE MOOSE"" Englewood FL scholarship application",Englewood,Sarasota,260057064,0,0,,,name:service-club,,,,,,,,,
A,30,NATIONAL EXCHANGE CLUB,Exchange Club of Manatee River Business Fl,Y,"""Exchange Club of Manatee River Business Fl"" Palmetto FL scholarship application",Palmetto,Manatee,270672654,0,0,,,name:service-club,,,,,,,,,
A,30,ROTARY INTERNATIONAL,St Petersburg Sunset Fl Rotary Club,Y,"""St Petersburg Sunset Fl Rotary Club"" St Petersburg FL scholarship application",St Petersburg,Pinellas,271692436,0,0,,,name:service-club,,,,,,,,,
A,30,ROTARY INTERNATIONAL,Rotary Club of Sarasota Southside Fl,Y,"""Rotary Club of Sarasota Southside Fl"" Sarasota FL scholarship application",Sarasota,Sarasota,274149749,0,0,,,name:service-club,,,,,,,,,
A,30,ROTARY INTERNATIONAL,Safety Harbor Rotary Club,Y,"""Safety Harbor Rotary Club"" Safety Harbor FL scholarship application",Safety Harbor,Pinellas,364089888,0,0,,,name:service-club,,,,,,,,,
A,30,SERTOMA SPEECH CLINIC OF VENICE INC,SERTOMA SPEECH CLINIC OF VENICE INC,,"""SERTOMA SPEECH CLINIC OF VENICE INC"" Venice FL scholarship application",Venice,Sarasota,393663567,0,0,E50,,name:service-club,,,,,,,,,
A,30,TOP OF THE BAY KIWANIS CHARITIES IN C,TOP OF THE BAY KIWANIS CHARITIES IN C,,"""TOP OF THE BAY KIWANIS CHARITIES IN C"" Oldsmar FL scholarship application",Oldsmar,Pinellas,394951764,0,0,S20,,name:service-club,,,,,,,,,
A,30,SUN COAST PILOT CLUB INC,SUN COAST PILOT CLUB INC,,"""SUN COAST PILOT CLUB INC"" Land O Lakes FL scholarship application",Land O Lakes,Pasco,394989797,0,0,P20,,name:service-club,,,,,,,,,
A,30,KIWANIS INTERNATIONAL INC,Kiwanis Club of Weeki Wachee,Y,"""Kiwanis Club of Weeki Wachee"" Spring Hill FL scholarship application",Spring Hill,Pasco,455389471,0,0,,,name:service-club,,,,,,,,,
A,30,ROTARY INTERNATIONAL,Dade City Sunrise Rotary Club,Y,"""Dade City Sunrise Rotary Club"" Dade City FL scholarship application",Dade City,Pasco,460470355,0,0,,,name:service-club,,,,,,,,,
A,30,VENICE SUNRISE ROTARY CHARITIES INC,VENICE SUNRISE ROTARY CHARITIES INC,,"""VENICE SUNRISE ROTARY CHARITIES INC"" Venice FL scholarship application",Venice,Sarasota,463184054,0,0,S80,,name:service-club,,,,,,,,,
A,30,OLDSMAR FLORIDA ROTARY CHARITIES INC,OLDSMAR FLORIDA ROTARY CHARITIES INC,,"""OLDSMAR FLORIDA ROTARY CHARITIES INC"" Oldsmar FL scholarship application",Oldsmar,Pinellas,471302459,0,0,S80,,name:service-club,,,,,,,,,
A,30,ROTARY INTERNATIONAL,Rotary Club of Longboat Key,Y,"""Rotary Club of Longboat Key"" Longboat Key FL scholarship application",Longboat Key,Sarasota,472325369,0,0,,,name:service-club,,,,,,,,,
A,30,ROTARY INTERNATIONAL,Rotary Club of Temple Terrace,Y,"""Rotary Club of Temple Terrace"" Tampa FL scholarship application",Tampa,Hillsborough,473759292,0,0,,,name:service-club,,,,,,,,,
A,30,ENGLEWOOD CHAPTER 1582 WOMEN OF THE MOOSE,ENGLEWOOD CHAPTER 1582 WOMEN OF THE MOOSE,,"""ENGLEWOOD CHAPTER 1582 WOMEN OF THE MOOSE"" Englewood FL scholarship application",Englewood,Sarasota,510191240,0,0,,,name:service-club,,,,,,,,,
A,30,PALMETTO CHAPTER 1225 WOMEN OF THE MOOSE,PALMETTO CHAPTER 1225 WOMEN OF THE MOOSE,,"""PALMETTO CHAPTER 1225 WOMEN OF THE MOOSE"" Palmetto FL scholarship application",Palmetto,Manatee,510199568,0,0,,,name:service-club,,,,,,,,,
A,30,GULF GATE CHAPTER 1770 WOMEN OF THE MOOSE,GULF GATE CHAPTER 1770 WOMEN OF THE MOOSE,,"""GULF GATE CHAPTER 1770 WOMEN OF THE MOOSE"" Sarasota FL scholarship application",Sarasota,Sarasota,510210333,0,0,,,name:service-club,,,,,,,,,
A,30,KIWANIS INTERNATIONAL INC,Kiwanis Club of North Port,Y,"""Kiwanis Club of North Port"" North Port FL scholarship application",North Port,Sarasota,510211185,0,0,,,name:service-club,,,,,,,,,
A,30,ROTARY INTERNATIONAL,Rotary Club of Venice Subcoast Fl,Y,"""Rotary Club of Venice Subcoast Fl"" Venice FL scholarship application",Venice,Sarasota,510224638,0,0,,,name:service-club,,,,,,,,,
A,30,KIWANIS INTERNATIONAL INC,Kiwanis Club of Cortez Bradenton,Y,"""Kiwanis Club of Cortez Bradenton"" Bradenton FL scholarship application",Bradenton,Manatee,522448334,0,0,,,name:service-club,,,,,,,,,
A,30,KIWANIS INTERNATIONAL INC,Kiwanis Club of Englewood-Cape Haze,Y,"""Kiwanis Club of Englewood-Cape Haze"" Englewood FL scholarship application",Englewood,Sarasota,571224325,0,0,,,name:service-club,,,,,,,,,
A,30,LIONS INTERNATIONAL TAMPA LIONS CLUB RAMON MARRA TREAS,LIONS INTERNATIONAL TAMPA LIONS CLUB RAMON MARRA TREAS,,"""LIONS INTERNATIONAL TAMPA LIONS CLUB RAMON MARRA TREAS"" Tampa FL scholarship application",Tampa,Hillsborough,590529094,0,0,,,name:service-club,,,,,,,,,
A,30,KIWANIS INTERNATIONAL INC,Kiwanis Club of of Midtown Tampa,Y,"""Kiwanis Club of of Midtown Tampa"" Tampa FL scholarship application",Tampa,Hillsborough,590980083,0,0,,,name:service-club,,,,,,,,,
A,30,LARGO CHAPT 1697 WOMEN OF THE MOOSE,LARGO CHAPT 1697 WOMEN OF THE MOOSE,,"""LARGO CHAPT 1697 WOMEN OF THE MOOSE"" Largo FL scholarship application",Largo,Pinellas,591607957,0,0,,,name:service-club,,,,,,,,,
A,30,OPTIMIST CLUB OF TAMPA YOUTH FUND INC,OPTIMIST CLUB OF TAMPA YOUTH FUND INC,,"""OPTIMIST CLUB OF TAMPA YOUTH FUND INC"" Seffner FL scholarship application",Seffner,Hillsborough,591663273,0,0,,,name:service-club,,,,,,,,,
A,30,ROTARY INTERNATIONAL,St Petersburg Sunrise Rotary Club,Y,"""St Petersburg Sunrise Rotary Club"" St Petersburg FL scholarship application",St Petersburg,Pinellas,591726473,0,0,,,name:service-club,,,,,,,,,
A,30,BRANDON CHAPT 1596 WOMEN OF THE MOOSE,BRANDON CHAPT 1596 WOMEN OF THE MOOSE,,"""BRANDON CHAPT 1596 WOMEN OF THE MOOSE"" Valrico FL scholarship application",Valrico,Hillsborough,591840787,0,0,,,name:service-club,,,,,,,,,
A,30,KIWANIS INTERNATIONAL INC,Kiwanis Club of of Seminole Breakfast,Y,"""Kiwanis Club of of Seminole Breakfast"" Largo FL scholarship application",Largo,Pinellas,591888299,0,0,,,name:service-club,,,,,,,,,
A,30,RUSKIN CHAPT 1718 WOMEN OF THE MOOSE,RUSKIN CHAPT 1718 WOMEN OF THE MOOSE,,"""RUSKIN CHAPT 1718 WOMEN OF THE MOOSE"" Ruskin FL scholarship application",Ruskin,Hillsborough,591949476,0,0,,,name:service-club,,,,,,,,,
A,30,ZEPHYRHILLS CHAPT NO 1682 WOMEN OF THE MOOSE,ZEPHYRHILLS CHAPT NO 1682 WOMEN OF THE MOOSE,,"""ZEPHYRHILLS CHAPT NO 1682 WOMEN OF THE MOOSE"" Zephyrhills FL scholarship application",Zephyrhills,Pasco,591998960,0,0,,,name:service-club,,,,,,,,,
A,30,ORANGE BLOSSOM MOOSE LEGION 125,ORANGE BLOSSOM MOOSE LEGION 125,,"""ORANGE BLOSSOM MOOSE LEGION 125"" Hudson FL scholarship application",Hudson,Pasco,592078802,0,0,,,name:service-club,,,,,,,,,
A,30,ROTARY INTERNATIONAL,Rotary Club of Sarasota Sunrise,Y,"""Rotary Club of Sarasota Sunrise"" Sarasota FL scholarship application",Sarasota,Sarasota,592089501,0,0,,,name:service-club,,,,,,,,,
A,30,ROTARY INTERNATIONAL,Palm Harbor Rotary Club,Y,"""Palm Harbor Rotary Club"" Palm Harbor FL scholarship application",Palm Harbor,Pinellas,592107998,0,0,,,name:service-club,,,,,,,,,
A,30,ROTARY INTERNATIONAL,Rotary Club of Seminole Lake,Y,"""Rotary Club of Seminole Lake"" Seminole FL scholarship application",Seminole,Pinellas,592110073,0,0,,,name:service-club,,,,,,,,,
A,30,THUNDERBOLT MOOSE LEGION NO 201,THUNDERBOLT MOOSE LEGION NO 201,,"""THUNDERBOLT MOOSE LEGION NO 201"" Sarasota FL scholarship application",Sarasota,Sarasota,592202906,0,0,,,name:service-club,,,,,,,,,
A,30,NEW PORT RICHEY CHAPT 925 WOMEN OF THE MOOSE,NEW PORT RICHEY CHAPT 925 WOMEN OF THE MOOSE,,"""NEW PORT RICHEY CHAPT 925 WOMEN OF THE MOOSE"" Hudson FL scholarship application",Hudson,Pasco,592211466,0,0,,,name:service-club,,,,,,,,,
A,30,BRADENTON CHAPTER NO 1072 WOMEN OF THE MOOSE,BRADENTON CHAPTER NO 1072 WOMEN OF THE MOOSE,,"""BRADENTON CHAPTER NO 1072 WOMEN OF THE MOOSE"" Bradenton FL scholarship application",Bradenton,Manatee,592393352,0,0,,,name:service-club,,,,,,,,,
A,30,ZONTA INTERNATIONAL,Zonta Club of Sarasota,Y,"""Zonta Club of Sarasota"" Sarasota FL scholarship application",Sarasota,Sarasota,592497656,0,0,,,name:service-club,,,,,,,,,
A,30,DADE CITY CHAPT NO 1747 WOMEN OF THE MOOSE,DADE CITY CHAPT NO 1747 WOMEN OF THE MOOSE,,"""DADE CITY CHAPT NO 1747 WOMEN OF THE MOOSE"" Dade City FL scholarship application",Dade City,Pasco,592587165,0,0,,,name:service-club,,,,,,,,,
A,30,ROTARY INTERNATIONAL,Rotary Club of Dunedin,Y,"""Rotary Club of Dunedin"" Dunedin FL scholarship application",Dunedin,Pinellas,592687158,0,0,,,name:service-club,,,,,,,,,
A,30,PALM HARBOR CHAPT NO 30 WOMEN OF THE MOOSE,PALM HARBOR CHAPT NO 30 WOMEN OF THE MOOSE,,"""PALM HARBOR CHAPT NO 30 WOMEN OF THE MOOSE"" Palm Harbor FL scholarship application",Palm Harbor,Pinellas,592885938,0,0,,,name:service-club,,,,,,,,,
A,30,SPRINGHILL CHAPT NO 1765 WOMEN OF THE MOOSE,SPRINGHILL CHAPT NO 1765 WOMEN OF THE MOOSE,,"""SPRINGHILL CHAPT NO 1765 WOMEN OF THE MOOSE"" Spring Hill FL scholarship application",Spring Hill,Pasco,592927892,0,0,,,name:service-club,,,,,,,,,
A,30,ROTARY INTERNATIONAL,Rotary Club of Brandon,Y,"""Rotary Club of Brandon"" Brandon FL scholarship application",Brandon,Hillsborough,592944995,0,0,,,name:service-club,,,,,,,,,
A,30,ROTARY INTERNATIONAL,Rotary Club of Oldsmar-East Lake,Y,"""Rotary Club of Oldsmar-East Lake"" Oldsmar FL scholarship application",Oldsmar,Pinellas,592953855,0,0,,,name:service-club,,,,,,,,,
A,30,ROTARY INTERNATIONAL,Rotary Club of Spring Hill Central,Y,"""Rotary Club of Spring Hill Central"" Spring Hill FL scholarship application",Spring Hill,Pasco,593032739,0,0,,,name:service-club,,,,,,,,,
A,30,KIWANIS INTERNATIONAL INC,Kiwanis Club of Plant City,Y,"""Kiwanis Club of Plant City"" Plant City FL scholarship application",Plant City,Hillsborough,596045290,0,0,O50,,name:service-club,,,,,,,,,
A,30,OPTIMIST INTERNATIONAL,Optimist Club of Oc of St Petersburg Fl,Y,"""Optimist Club of Oc of St Petersburg Fl"" Seminole FL scholarship application",Seminole,Pinellas,596136857,0,0,,,name:service-club,,,,,,,,,
A,30,KIWANIS INTERNATIONAL INC,Kiwanis Club of Springtime City Clearwater,Y,"""Kiwanis Club of Springtime City Clearwater"" Clearwater FL scholarship application",Clearwater,Pinellas,596138681,0,0,,,name:service-club,,,,,,,,,
A,30,ROTARY INTERNATIONAL,Rotary Club of St Petersburg West,Y,"""Rotary Club of St Petersburg West"" St Petersburg FL scholarship application",St Petersburg,Pinellas,596152291,0,0,,,name:service-club,,,,,,,,,
A,30,KIWANIS INTERNATIONAL INC,Kiwanis Club of Greater Brandon,Y,"""Kiwanis Club of Greater Brandon"" Brandon FL scholarship application",Brandon,Hillsborough,596152546,0,0,,,name:service-club,,,,,,,,,
A,30,ROTARY INTERNATIONAL,Rotary Club of Largo,Y,"""Rotary Club of Largo"" Largo FL scholarship application",Largo,Pinellas,596153462,0,0,,,name:service-club,,,,,,,,,
A,30,SOROPTIMIST INTERNATIONAL OF THE AMERICAS INC,SOROPTIMIST INTERNATIONAL OF THE AMERICAS INC,,"""SOROPTIMIST INTERNATIONAL OF THE AMERICAS INC"" Tampa FL scholarship application",Tampa,Hillsborough,596159270,0,0,I70,,name:service-club,,,,,,,,,
A,30,KIWANIS INTERNATIONAL INC,Kiwanis Club of Dunedin,Y,"""Kiwanis Club of Dunedin"" Dunedin FL scholarship application",Dunedin,Pinellas,596168905,0,0,,,name:service-club,,,,,,,,,
A,30,KIWANIS INTERNATIONAL INC,Kiwanis Club of Seminole,Y,"""Kiwanis Club of Seminole"" Seminole FL scholarship application",Seminole,Pinellas,596168948,0,0,,,name:service-club,,,,,,,,,
A,30,ZONTA INTERNATIONAL,Zonta Club of Pinellas,Y,"""Zonta Club of Pinellas"" Safety Harbor FL scholarship application",Safety Harbor,Pinellas,596173106,0,0,,,name:service-club,,,,,,,,,
A,30,ZONTA INTERNATIONAL,Zonta Club of Tampa I,Y,"""Zonta Club of Tampa I"" Tampa FL scholarship application",Tampa,Hillsborough,596173107,0,0,,,name:service-club,,,,,,,,,
A,30,NATIONAL EXCHANGE CLUB,Exchange Club of 5 Florida,Y,"""Exchange Club of 5 Florida"" Clearwater FL scholarship application",Clearwater,Pinellas,596198607,0,0,,,name:service-club,,,,,,,,,
A,30,ROTARY INTERNATIONAL,Rotary Club of Seminole,Y,"""Rotary Club of Seminole"" Seminole FL scholarship application",Seminole,Pinellas,596209572,0,0,,,name:service-club,,,,,,,,,
A,30,ROTARY INTERNATIONAL,Rotary Club of Anna Maria Island,Y,"""Rotary Club of Anna Maria Island"" Holmes Beach FL scholarship application",Holmes Beach,Manatee,596209578,0,0,,,name:service-club,,,,,,,,,
A,30,KIWANIS INTERNATIONAL INC,Kiwanis Club of Palmetto,Y,"""Kiwanis Club of Palmetto"" Palmetto FL scholarship application",Palmetto,Manatee,596212732,0,0,,,name:service-club,,,,,,,,,
A,30,ROTARY INTERNATIONAL,Tampa Carrollwood Rotary Club,Y,"""Tampa Carrollwood Rotary Club"" Tampa FL scholarship application",Tampa,Hillsborough,650110834,0,0,,,name:service-club,,,,,,,,,
A,30,NORTH PORT CHAPT NO 1892 WOMEN OF THE MOOSE,NORTH PORT CHAPT NO 1892 WOMEN OF THE MOOSE,,"""NORTH PORT CHAPT NO 1892 WOMEN OF THE MOOSE"" North Port FL scholarship application",North Port,Sarasota,650207226,0,0,,,name:service-club,,,,,,,,,
A,30,BRANDON LIONS CLUB,BRANDON LIONS CLUB,,"""BRANDON LIONS CLUB"" Brandon FL scholarship application",Brandon,Hillsborough,650299718,0,0,,,name:service-club,,,,,,,,,
A,30,SARASOTA CHAPTER NO 1968 WOMEN OF THE MOOSE,SARASOTA CHAPTER NO 1968 WOMEN OF THE MOOSE,,"""SARASOTA CHAPTER NO 1968 WOMEN OF THE MOOSE"" Sarasota FL scholarship application",Sarasota,Sarasota,650342597,0,0,,,name:service-club,,,,,,,,,
A,30,ROTARY INTERNATIONAL,Rotary Club of Zephyrhills Day Break Florida USA R,Y,"""Rotary Club of Zephyrhills Day Break Florida USA R"" Zephyrhills FL scholarship application",Zephyrhills,Pasco,650411104,0,0,,,name:service-club,,,,,,,,,
A,30,THE NORTH MANATEE KIWANIS CHARITABLE FUND,THE NORTH MANATEE KIWANIS CHARITABLE FUND,,"""THE NORTH MANATEE KIWANIS CHARITABLE FUND"" Palmetto FL scholarship application",Palmetto,Manatee,650565503,0,0,S820,,name:service-club,,,,,,,,,
A,30,KIWANIS CLUB OF SIESTA KEY INC,KIWANIS CLUB OF SIESTA KEY INC,,"""KIWANIS CLUB OF SIESTA KEY INC"" Sarasota FL scholarship application",Sarasota,Sarasota,651140731,0,0,Y99,,name:service-club,,,,,,,,,
A,30,NATIONAL EXCHANGE CLUB,Exchange Club of Harbor Xc of North Pinellas Fl,Y,"""Exchange Club of Harbor Xc of North Pinellas Fl"" Largo FL scholarship application",Largo,Pinellas,821142388,0,0,,,name:service-club,,,,,,,,,
A,30,ROTARY CLUB OF LAND O LAKES CHARITIES INC,ROTARY CLUB OF LAND O LAKES CHARITIES INC,,"""ROTARY CLUB OF LAND O LAKES CHARITIES INC"" Land O Lakes FL scholarship application",Land O Lakes,Pasco,851016676,0,0,S80,,name:service-club,,,,,,,,,
A,30,FISHHAWK LIONS CLUB INC,FISHHAWK LIONS CLUB INC,,"""FISHHAWK LIONS CLUB INC"" Lithia FL scholarship application",Lithia,Hillsborough,880791329,0,0,T50,,name:service-club,,,,,,,,,
A,30,ROTARY CLUB OF ENGLEWOOD SUNSET IMPACT INC,ROTARY CLUB OF ENGLEWOOD SUNSET IMPACT INC,,"""ROTARY CLUB OF ENGLEWOOD SUNSET IMPACT INC"" Englewood FL scholarship application",Englewood,Sarasota,883752237,0,0,S80,,name:service-club,,,,,,,,,
A,30,KIWANIS INTERNATIONAL INC,Kiwanis Club of Cl of Uptown Temple Terrace,Y,"""Kiwanis Club of Cl of Uptown Temple Terrace"" Ruskin FL scholarship application",Ruskin,Hillsborough,921672053,0,0,,,name:service-club,,,,,,,,,
A,30,KIWANIS INTERNATIONAL INC,Kiwanis Club of Gulfport Inc,Y,"""Kiwanis Club of Gulfport Inc"" St Pete Beach FL scholarship application",St Pete Beach,Pinellas,923494923,0,0,,,name:service-club,,,,,,,,,
A,30,KIWANIS CLUB OF MANATEE RIVER,KIWANIS CLUB OF MANATEE RIVER,,"""KIWANIS CLUB OF MANATEE RIVER"" Bradenton FL scholarship application",Bradenton,Manatee,932843873,0,0,,,name:service-club,,,,,,,,,
A,30,SOROPTIMIST INTERNATIONAL OF THE AMERICAS INC,SOROPTIMIST INTERNATIONAL OF THE AMERICAS INC,,"""SOROPTIMIST INTERNATIONAL OF THE AMERICAS INC"" Tampa FL scholarship application",Tampa,Hillsborough,994337068,0,0,I70,,name:service-club,,,,,,,,,
A,30,KIWANIS INTERNATIONAL INC,Kiwanis Club of Zephyrhills,Y,"""Kiwanis Club of Zephyrhills"" Zephyrhills FL scholarship application",Zephyrhills,Pasco,995068679,0,0,,,name:service-club,,,,,,,,,
B,70,BOOSTERS FOUNDATION INC,BOOSTERS FOUNDATION INC,,"""BOOSTERS FOUNDATION INC"" Sarasota FL scholarship application",Sarasota,Sarasota,812127166,2420338,0,T30,Y,ntee-grantmaker:T30;files-990PF;private-foundation:04;name:foundation;name:alumni/booster,,,,,,,,,
B,60,KELLOGG ALUMNI CLUB OF SOUTH FLORIDA INC,KELLOGG ALUMNI CLUB OF SOUTH FLORIDA INC,,"""KELLOGG ALUMNI CLUB OF SOUTH FLORIDA INC"" Tampa FL scholarship application",Tampa,Hillsborough,821002924,2734,0,T30,Y,ntee-grantmaker:T30;files-990PF;private-foundation:03;name:alumni/booster,,,,,,,,,
B,48,DELTA BETA ALUMNI ASSOCIATION INC,DELTA BETA ALUMNI ASSOCIATION INC,,"""DELTA BETA ALUMNI ASSOCIATION INC"" Wimauma FL scholarship application",Wimauma,Hillsborough,863720551,16242,0,B03,Y,files-990PF;private-foundation:04;name:alumni/booster;ntee-education:B03,,,,,,,,,
B,48,SARASOTA HIGH SCHOOL AICE BOOSTERS INCORPORATED,SARASOTA HIGH SCHOOL AICE BOOSTERS INCORPORATED,,"""SARASOTA HIGH SCHOOL AICE BOOSTERS INCORPORATED"" Sarasota FL scholarship application",Sarasota,Sarasota,453048133,6254,0,B11,Y,files-990PF;private-foundation:04;name:alumni/booster;ntee-education:B11,,,,,,,,,
B,48,UNIVERSITY OF ALABAMA ALUMNI SARASOTA-MANATEE COUNTY FL CHAPTER,UNIVERSITY OF ALABAMA ALUMNI SARASOTA-MANATEE COUNTY FL CHAPTER,,"""UNIVERSITY OF ALABAMA ALUMNI SARASOTA-MANATEE COUNTY FL CHAPTER"" Bradenton FL scholarship application",Bradenton,Manatee,931968723,0,0,B84,Y,files-990PF;private-foundation:04;name:alumni/booster;ntee-education:B84,,,,,,,,,
B,48,HAILE MIDDLE SCHOOL PTO,HAILE MIDDLE SCHOOL PTO,,"""HAILE MIDDLE SCHOOL PTO"" Bradenton FL scholarship application",Bradenton,Manatee,934906427,0,0,B94,Y,files-990PF;private-foundation:04;name:alumni/booster;ntee-education:B94,,,,,,,,,
B,40,EAST LAKE HIGH SCHOOL GIRLS LACROSSE BOOSTER CLUB,EAST LAKE HIGH SCHOOL GIRLS LACROSSE BOOSTER CLUB,,"""EAST LAKE HIGH SCHOOL GIRLS LACROSSE BOOSTER CLUB"" Oldsmar FL scholarship application",Oldsmar,Pinellas,934608413,7040,0,N11,Y,files-990PF;private-foundation:04;name:alumni/booster,,,,,,,,,
B,40,6 MEDICAL GROUP BOOSTER CLUB,6 MEDICAL GROUP BOOSTER CLUB,,"""6 MEDICAL GROUP BOOSTER CLUB"" Tampa FL scholarship application",Tampa,Hillsborough,934682759,4791,0,W30,Y,files-990PF;private-foundation:04;name:alumni/booster,,,,,,,,,
B,40,YELLOWJACKETS FOOTBALL BOOSTER,YELLOWJACKETS FOOTBALL BOOSTER,,"""YELLOWJACKETS FOOTBALL BOOSTER"" Riverview FL scholarship application",Riverview,Hillsborough,922707352,0,0,N12,Y,files-990PF;private-foundation:04;name:alumni/booster,,,,,,,,,
B,40,HURRICANE BASKETBALL BOOSTERS CLUB,HURRICANE BASKETBALL BOOSTERS CLUB,,"""HURRICANE BASKETBALL BOOSTERS CLUB"" Bradenton FL scholarship application",Bradenton,Manatee,934376756,0,0,N12,Y,files-990PF;private-foundation:04;name:alumni/booster,,,,,,,,,
B,33,COREY TINDALL MEMORIAL SPEECH & DEBATE FUND,COREY TINDALL MEMORIAL SPEECH & DEBATE FUND,,"""COREY TINDALL MEMORIAL SPEECH & DEBATE FUND"" Sarasota FL scholarship application",Sarasota,Sarasota,273308970,0,0,B11,,name:memorial-fund;ntee-education:B11,,,,,,,,,
B,30,PAUL R WHARTON SR HIGH SCHOOL ATHLETIC BOOSTER CLUB INC,PAUL R WHARTON SR HIGH SCHOOL ATHLETIC BOOSTER CLUB INC,,"""PAUL R WHARTON SR HIGH SCHOOL ATHLETIC BOOSTER CLUB INC"" Tampa FL scholarship application",Tampa,Hillsborough,593467400,71200,142624,T20,,ntee-grantmaker:T20;name:alumni/booster,,,,,,,,,
B,30,HURRICANE FOOTBALL BOOSTER CLUB OF PALM HARBOR INC,HURRICANE FOOTBALL BOOSTER CLUB OF PALM HARBOR INC,,"""HURRICANE FOOTBALL BOOSTER CLUB OF PALM HARBOR INC"" Palm Harbor FL scholarship application",Palm Harbor,Pinellas,593545999,22859,80114,T30,,ntee-grantmaker:T30;name:alumni/booster,,,,,,,,,
B,30,MCINTOSH MIDDLE SCHOOL PTO,MCINTOSH MIDDLE SCHOOL PTO,,"""MCINTOSH MIDDLE SCHOOL PTO"" Sarasota FL scholarship application",Sarasota,Sarasota,472304983,0,0,T12,,ntee-grantmaker:T12;name:alumni/booster,,,,,,,,,
B,25,TAMPA POLICE MEMORIAL FUND COMMITTEE INC,TAMPA POLICE MEMORIAL FUND COMMITTEE INC,,"""TAMPA POLICE MEMORIAL FUND COMMITTEE INC"" Tampa FL scholarship application",Tampa,Hillsborough,593397263,140819,76478,A99,,name:memorial-fund,,,,,,,,,
B,25,RYON D PROVENCHER MEMORIAL FUND,RYON D PROVENCHER MEMORIAL FUND,,"""RYON D PROVENCHER MEMORIAL FUND"" Englewood FL scholarship application",Englewood,Sarasota,943461526,4199,38109,T50,,name:memorial-fund,,,,,,,,,
B,25,TOM WALLIN MEMORIAL REEF FUND INC,TOM WALLIN MEMORIAL REEF FUND INC,,"""TOM WALLIN MEMORIAL REEF FUND INC"" Sarasota FL scholarship application",Sarasota,Sarasota,205845298,0,0,,,name:memorial-fund,,,,,,,,,
B,25,NICKI WILLMAN MEMORIAL FUND,NICKI WILLMAN MEMORIAL FUND,,"""NICKI WILLMAN MEMORIAL FUND"" Seminole FL scholarship application",Seminole,Pinellas,273411698,0,0,E32,,name:memorial-fund,,,,,,,,,
B,25,BILL REED MEMORIAL FUND INC,BILL REED MEMORIAL FUND INC,,"""BILL REED MEMORIAL FUND INC"" Pinellas Park FL scholarship application",Pinellas Park,Pinellas,334472933,0,0,P80,,name:memorial-fund,,,,,,,,,
B,25,JOSE A ALVAREZ MEMORIAL FUND,JOSE A ALVAREZ MEMORIAL FUND,,"""JOSE A ALVAREZ MEMORIAL FUND"" Apollo Beach FL scholarship application",Apollo Beach,Hillsborough,474816327,0,0,H80,,name:memorial-fund,,,,,,,,,
B,25,PERRY E LANNING MEMORIAL FUND INC,PERRY E LANNING MEMORIAL FUND INC,,"""PERRY E LANNING MEMORIAL FUND INC"" Sarasota FL scholarship application",Sarasota,Sarasota,592743671,0,0,,,name:memorial-fund,,,,,,,,,
B,23,PARENT TEACHER ENRICHMENT GROUP OFPINELLAS PREPARATORY ACADEMY,PARENT TEACHER ENRICHMENT GROUP OFPINELLAS PREPARATORY ACADEMY,,"""PARENT TEACHER ENRICHMENT GROUP OFPINELLAS PREPARATORY ACADEMY"" Largo FL scholarship application",Largo,Pinellas,260897301,23938,59118,B11,,name:alumni/booster;ntee-education:B11;name:education,,,,,,,,,
B,23,MOORE ACADEMY MICKENS HIGH ALUMNI ASSOCIATION INC,MOORE ACADEMY MICKENS HIGH ALUMNI ASSOCIATION INC,,"""MOORE ACADEMY MICKENS HIGH ALUMNI ASSOCIATION INC"" Dade City FL scholarship application",Dade City,Pasco,200490354,0,0,B84,,name:alumni/booster;ntee-education:B84;name:education,,,,,,,,,
B,23,CORNWALL COLLEGE ALUMNI ASSOCIATION - CENTRAL FLORIDA,CORNWALL COLLEGE ALUMNI ASSOCIATION - CENTRAL FLORIDA,,"""CORNWALL COLLEGE ALUMNI ASSOCIATION - CENTRAL FLORIDA"" Valrico FL scholarship application",Valrico,Hillsborough,471318474,0,0,B84,,name:alumni/booster;ntee-education:B84;name:education,,,,,,,,,
B,23,BRANDON ACADEMY PTO,BRANDON ACADEMY PTO,,"""BRANDON ACADEMY PTO"" Brandon FL scholarship application",Brandon,Hillsborough,593044653,0,0,B94,,name:alumni/booster;ntee-education:B94;name:education,,,,,,,,,
B,23,CAREER ACADEMY FOR INTERNATIONAL CULTURE & COMMERCE BOOSTER CLUB IN,CAREER ACADEMY FOR INTERNATIONAL CULTURE & COMMERCE BOOSTER CLUB IN,,"""CAREER ACADEMY FOR INTERNATIONAL CULTURE & COMMERCE BOOSTER CLUB IN"" Clearwater FL scholarship application",Clearwater,Pinellas,593406914,0,0,B94Z,,name:alumni/booster;ntee-education:B94Z;name:education,,,,,,,,,
B,23,PLATO ACADEMY PINELLAS PARK PTO,PLATO ACADEMY PINELLAS PARK PTO,,"""PLATO ACADEMY PINELLAS PARK PTO"" Pinellas Park FL scholarship application",Pinellas Park,Pinellas,813594981,0,0,B12,,name:alumni/booster;ntee-education:B12;name:education,,,,,,,,,
B,23,PINNACLE ACADEMY SOUTH TAMPA PTO INC,PINNACLE ACADEMY SOUTH TAMPA PTO INC,,"""PINNACLE ACADEMY SOUTH TAMPA PTO INC"" Tampa FL scholarship application",Tampa,Hillsborough,814063925,0,0,B94,,name:alumni/booster;ntee-education:B94;name:education,,,,,,,,,
B,23,PLATO ACADEMY TAMPA PTO INC,PLATO ACADEMY TAMPA PTO INC,,"""PLATO ACADEMY TAMPA PTO INC"" Tampa FL scholarship application",Tampa,Hillsborough,831997549,0,0,B94,,name:alumni/booster;ntee-education:B94;name:education,,,,,,,,,
B,23,INVICTUS ACADEMY PTO INC,INVICTUS ACADEMY PTO INC,,"""INVICTUS ACADEMY PTO INC"" Trinity FL scholarship application",Trinity,Pasco,843016173,0,0,B94,,name:alumni/booster;ntee-education:B94;name:education,,,,,,,,,
B,23,ACADEMIE DA VINCI PTO INC,ACADEMIE DA VINCI PTO INC,,"""ACADEMIE DA VINCI PTO INC"" Dunedin FL scholarship application",Dunedin,Pinellas,844556195,0,0,B94,,name:alumni/booster;ntee-education:B94;name:education,,,,,,,,,
B,23,KIRKLAND RANCH ACADEMY OF INNOVATION ACADEMIC BOOSTER CLUB,KIRKLAND RANCH ACADEMY OF INNOVATION ACADEMIC BOOSTER CLUB,,"""KIRKLAND RANCH ACADEMY OF INNOVATION ACADEMIC BOOSTER CLUB"" Wesley Chapel FL scholarship application",Wesley Chapel,Pasco,923172408,0,0,B94,,name:alumni/booster;ntee-education:B94;name:education,,,,,,,,,
C,60,CHARLES AND MARGERY BARANCIK FOUNDATION,CHARLES AND MARGERY BARANCIK FOUNDATION,,"""CHARLES AND MARGERY BARANCIK FOUNDATION"" Sarasota FL scholarship application",Sarasota,Sarasota,363442474,577773944,0,T22,Y,ntee-grantmaker:T22;files-990PF;private-foundation:04;name:foundation,,,,,,,,,
C,60,THE PATTERSON FOUNDATION,THE PATTERSON FOUNDATION,,"""THE PATTERSON FOUNDATION"" Sarasota FL scholarship application",Sarasota,Sarasota,656230256,303914597,0,T20Z,Y,ntee-grantmaker:T20Z;files-990PF;private-foundation:04;name:foundation,,,,,,,,,
C,60,DAVID A STRAZ JR FOUNDATION,DAVID A STRAZ JR FOUNDATION,,"""DAVID A STRAZ JR FOUNDATION"" Tampa FL scholarship application",Tampa,Hillsborough,391776211,131664428,0,T99Z,Y,ntee-grantmaker:T99Z;files-990PF;private-foundation:04;name:foundation,,,,,,,,,
C,60,TURQUOISE CHARITABLE FOUNDATION,TURQUOISE CHARITABLE FOUNDATION,,"""TURQUOISE CHARITABLE FOUNDATION"" Clearwater FL scholarship application",Clearwater,Pinellas,871174327,116639079,0,T20,Y,ntee-grantmaker:T20;files-990PF;private-foundation:04;name:foundation,,,,,,,,,
C,60,RONALD & JOYCE WANEK FOUNDATION LTD,RONALD & JOYCE WANEK FOUNDATION LTD,,"""RONALD & JOYCE WANEK FOUNDATION LTD"" Tampa FL scholarship application",Tampa,Hillsborough,391948292,92761427,0,T20,Y,ntee-grantmaker:T20;files-990PF;private-foundation:04;name:foundation,,,,,,,,,
C,60,BRIAN AND SHEILA JELLISON FAMILY FOUNDATION,BRIAN AND SHEILA JELLISON FAMILY FOUNDATION,,"""BRIAN AND SHEILA JELLISON FAMILY FOUNDATION"" Sarasota FL scholarship application",Sarasota,Sarasota,832115946,84144773,0,T20,Y,ntee-grantmaker:T20;files-990PF;private-foundation:04;name:foundation,,,,,,,,,
C,60,WILLIAM G AND MARIE SELBY FOUNDATION INC,WILLIAM G AND MARIE SELBY FOUNDATION INC,,"""WILLIAM G AND MARIE SELBY FOUNDATION INC"" Sarasota FL scholarship application",Sarasota,Sarasota,842333839,78312524,0,T20,Y,ntee-grantmaker:T20;files-990PF;private-foundation:04;name:foundation,,,,,,,,,
C,60,ANTHONY AND CHRISTIE DE NICOLA FOUNDATION,ANTHONY AND CHRISTIE DE NICOLA FOUNDATION,,"""ANTHONY AND CHRISTIE DE NICOLA FOUNDATION"" Englewood FL scholarship application",Englewood,Sarasota,316647684,74738346,0,T21,Y,ntee-grantmaker:T21;files-990PF;private-foundation:04;name:foundation,,,,,,,,,
C,60,CORBETT FAMILY CHARITABLE FOUNDATION INC,CORBETT FAMILY CHARITABLE FOUNDATION INC,,"""CORBETT FAMILY CHARITABLE FOUNDATION INC"" Tampa FL scholarship application",Tampa,Hillsborough,593548652,72478482,0,T22,Y,ntee-grantmaker:T22;files-990PF;private-foundation:04;name:foundation,,,,,,,,,
C,60,RENWICK FOUNDATION-USA,RENWICK FOUNDATION-USA,,"""RENWICK FOUNDATION-USA"" Longboat Key FL scholarship application",Longboat Key,Sarasota,923457678,66398868,0,T20,Y,ntee-grantmaker:T20;files-990PF;private-foundation:04;name:foundation,,,,,,,,,
C,60,PENTECOST FOUNDATION,PENTECOST FOUNDATION,,"""PENTECOST FOUNDATION"" Bradenton FL scholarship application",Bradenton,Manatee,271471062,62890141,0,T22,Y,ntee-grantmaker:T22;files-990PF;private-foundation:04;name:foundation,,,,,,,,,
C,60,ELLING O EIDE CHARITABLE FOUNDATION INC,ELLING O EIDE CHARITABLE FOUNDATION INC,,"""ELLING O EIDE CHARITABLE FOUNDATION INC"" Sarasota FL scholarship application",Sarasota,Sarasota,461488932,62757939,0,T23,Y,ntee-grantmaker:T23;files-990PF;private-foundation:03;name:foundation,,,,,,,,,
C,60,THE BILL & ANN TEMPLETON FOUNDATION INC,THE BILL & ANN TEMPLETON FOUNDATION INC,,"""THE BILL & ANN TEMPLETON FOUNDATION INC"" Sarasota FL scholarship application",Sarasota,Sarasota,203073117,53174148,0,T22,Y,ntee-grantmaker:T22;files-990PF;private-foundation:04;name:foundation,,,,,,,,,
C,60,HILDA & PRESTON DAVIS PRIVATE FOUNDATION,HILDA & PRESTON DAVIS PRIVATE FOUNDATION,,"""HILDA & PRESTON DAVIS PRIVATE FOUNDATION"" Sarasota FL scholarship application",Sarasota,Sarasota,237966458,48104121,0,T20Z,Y,ntee-grantmaker:T20Z;files-990PF;private-foundation:04;name:foundation,,,,,,,,,
C,60,TANEJA FAMILY FOUNDATION INC,TANEJA FAMILY FOUNDATION INC,,"""TANEJA FAMILY FOUNDATION INC"" Tampa FL scholarship application",Tampa,Hillsborough,823791069,44124313,0,T20,Y,ntee-grantmaker:T20;files-990PF;private-foundation:04;name:foundation,,,,,,,,,
C,60,JOAN M WISMER FOUNDATION,JOAN M WISMER FOUNDATION,,"""JOAN M WISMER FOUNDATION"" Sarasota FL scholarship application",Sarasota,Sarasota,233089181,43785739,0,T20,Y,ntee-grantmaker:T20;files-990PF;private-foundation:04;name:foundation,,,,,,,,,
C,60,TRISH JOY FOUNDATION,TRISH JOY FOUNDATION,,"""TRISH JOY FOUNDATION"" Clearwater FL scholarship application",Clearwater,Pinellas,461403949,41913501,0,T20,Y,ntee-grantmaker:T20;files-990PF;private-foundation:04;name:foundation,,,,,,,,,
C,60,NIELSEN FOUNDATION INC,NIELSEN FOUNDATION INC,,"""NIELSEN FOUNDATION INC"" Oldsmar FL scholarship application",Oldsmar,Pinellas,475513015,34510985,0,T20,Y,ntee-grantmaker:T20;files-990PF;private-foundation:04;name:foundation,,,,,,,,,
C,60,HENRY E & PAULINE S BECKER CHARITABLE FOUNDATION,HENRY E & PAULINE S BECKER CHARITABLE FOUNDATION,,"""HENRY E & PAULINE S BECKER CHARITABLE FOUNDATION"" Sarasota FL scholarship application",Sarasota,Sarasota,206297485,32303090,0,T22,Y,ntee-grantmaker:T22;files-990PF;private-foundation:04;name:foundation,,,,,,,,,
C,60,ROSKAMP FOUNDATION IRRV TR UA 052096,ROSKAMP FOUNDATION IRRV TR UA 052096,,"""ROSKAMP FOUNDATION IRRV TR UA 052096"" Sarasota FL scholarship application",Sarasota,Sarasota,656206042,30961485,0,T23,Y,ntee-grantmaker:T23;files-990PF;private-foundation:03;name:foundation,,,,,,,,,
C,60,HYER FAMILY FOUNDATION INC,HYER FAMILY FOUNDATION INC,,"""HYER FAMILY FOUNDATION INC"" Tampa FL scholarship application",Tampa,Hillsborough,274216901,30888720,0,T20,Y,ntee-grantmaker:T20;files-990PF;private-foundation:04;name:foundation,,,,,,,,,
C,60,GENSPIRATION FOUNDATION INC,GENSPIRATION FOUNDATION INC,,"""GENSPIRATION FOUNDATION INC"" Tampa FL scholarship application",Tampa,Hillsborough,815168277,28971269,0,T20,Y,ntee-grantmaker:T20;files-990PF;private-foundation:04;name:foundation,,,,,,,,,
C,60,GARCIA FAMILY FOUNDATION I INC,GARCIA FAMILY FOUNDATION I INC,,"""GARCIA FAMILY FOUNDATION I INC"" Tampa FL scholarship application",Tampa,Hillsborough,542085787,27887115,0,T21,Y,ntee-grantmaker:T21;files-990PF;private-foundation:04;name:foundation,,,,,,,,,
C,60,THE REALIZATION FOUNDATION,THE REALIZATION FOUNDATION,,"""THE REALIZATION FOUNDATION"" Bradenton FL scholarship application",Bradenton,Manatee,046904482,25872668,0,T22,Y,ntee-grantmaker:T22;files-990PF;private-foundation:04;name:foundation,,,,,,,,,
C,60,THOMAS A AND MARY S JAMES FOUNDATION INC,THOMAS A AND MARY S JAMES FOUNDATION INC,,"""THOMAS A AND MARY S JAMES FOUNDATION INC"" St Petersburg FL scholarship application",St Petersburg,Pinellas,593288143,25484957,0,T22Z,Y,ntee-grantmaker:T22Z;files-990PF;private-foundation:04;name:foundation,,,,,,,,,
C,60,RALPH S FRENCH CHARITABLE FOUNDATION TRUST,RALPH S FRENCH CHARITABLE FOUNDATION TRUST,,"""RALPH S FRENCH CHARITABLE FOUNDATION TRUST"" Bradenton FL scholarship application",Bradenton,Manatee,273542831,25112957,0,T22,Y,ntee-grantmaker:T22;files-990PF;private-foundation:04;name:foundation,,,,,,,,,
C,60,S & S CHARITABLE FOUNDATION INC,S & S CHARITABLE FOUNDATION INC,,"""S & S CHARITABLE FOUNDATION INC"" Sarasota FL scholarship application",Sarasota,Sarasota,873844316,24376844,0,T22,Y,ntee-grantmaker:T22;files-990PF;private-foundation:04;name:foundation,,,,,,,,,
C,60,BURTON FAMILY FOUNDATION INC,BURTON FAMILY FOUNDATION INC,,"""BURTON FAMILY FOUNDATION INC"" Tampa FL scholarship application",Tampa,Hillsborough,814691212,23592890,0,T22,Y,ntee-grantmaker:T22;files-990PF;private-foundation:04;name:foundation,,,,,,,,,
C,60,GEMUNDER FAMILY FOUNDATION INC,GEMUNDER FAMILY FOUNDATION INC,,"""GEMUNDER FAMILY FOUNDATION INC"" Tampa FL scholarship application",Tampa,Hillsborough,454015653,20366384,0,T22,Y,ntee-grantmaker:T22;files-990PF;private-foundation:04;name:foundation,,,,,,,,,
C,60,LANGHAM PRIVATE FOUNDATION TR,LANGHAM PRIVATE FOUNDATION TR,,"""LANGHAM PRIVATE FOUNDATION TR"" Sarasota FL scholarship application",Sarasota,Sarasota,926361152,20309323,0,T20,Y,ntee-grantmaker:T20;files-990PF;private-foundation:04;name:foundation,,,,,,,,,
C,60,GREEN FAMILY FOUNDATION INC,GREEN FAMILY FOUNDATION INC,,"""GREEN FAMILY FOUNDATION INC"" Bradenton FL scholarship application",Bradenton,Manatee,204256553,20144427,0,T22,Y,ntee-grantmaker:T22;files-990PF;private-foundation:04;name:foundation,,,,,,,,,
C,60,MAJEED FOUNDATION INC,MAJEED FOUNDATION INC,,"""MAJEED FOUNDATION INC"" St Petersburg FL scholarship application",St Petersburg,Pinellas,472653320,18910562,0,T20,Y,ntee-grantmaker:T20;files-990PF;private-foundation:04;name:foundation,,,,,,,,,
C,60,DANIEL S BLALOCK JR CHARITABLE FOUNDATION TR UAD 5-13-1988 AS AME,DANIEL S BLALOCK JR CHARITABLE FOUNDATION TR UAD 5-13-1988 AS AME,,"""DANIEL S BLALOCK JR CHARITABLE FOUNDATION TR UAD 5-13-1988 AS AME"" Bradenton FL scholarship application",Bradenton,Manatee,836260131,18018963,0,T20,Y,ntee-grantmaker:T20;files-990PF;private-foundation:04;name:foundation,,,,,,,,,
C,60,ARNOLD SIMONSEN FAMILY CHARITABLE FOUNDATION INC,ARNOLD SIMONSEN FAMILY CHARITABLE FOUNDATION INC,,"""ARNOLD SIMONSEN FAMILY CHARITABLE FOUNDATION INC"" Longboat Key FL scholarship application",Longboat Key,Sarasota,261624741,17941777,0,T20,Y,ntee-grantmaker:T20;files-990PF;private-foundation:04;name:foundation,,,,,,,,,
C,60,L V THOMPSON FAMILY FOUNDATION INC,L V THOMPSON FAMILY FOUNDATION INC,,"""L V THOMPSON FAMILY FOUNDATION INC"" Tampa FL scholarship application",Tampa,Hillsborough,202015225,17103734,0,T21,Y,ntee-grantmaker:T21;files-990PF;private-foundation:04;name:foundation,,,,,,,,,
C,60,GARDENER FOUNDATION INC,GARDENER FOUNDATION INC,,"""GARDENER FOUNDATION INC"" Sarasota FL scholarship application",Sarasota,Sarasota,260615969,16964953,0,T20,Y,ntee-grantmaker:T20;files-990PF;private-foundation:04;name:foundation,,,,,,,,,
C,60,HTR FOUNDATION INC,HTR FOUNDATION INC,,"""HTR FOUNDATION INC"" St Petersburg FL scholarship application",St Petersburg,Pinellas,593496606,16860354,0,T20,Y,ntee-grantmaker:T20;files-990PF;private-foundation:04;name:foundation,,,,,,,,,
C,60,JAKE FOUNDATION INC,JAKE FOUNDATION INC,,"""JAKE FOUNDATION INC"" Sarasota FL scholarship application",Sarasota,Sarasota,522107509,16627547,0,T20Z,Y,ntee-grantmaker:T20Z;files-990PF;private-foundation:04;name:foundation,,,,,,,,,
C,60,MICHAEL G CURRAN FAMILY FOUNDATION,MICHAEL G CURRAN FAMILY FOUNDATION,,"""MICHAEL G CURRAN FAMILY FOUNDATION"" Bradenton FL scholarship application",Bradenton,Manatee,061691227,16609455,0,T20,Y,ntee-grantmaker:T20;files-990PF;private-foundation:04;name:foundation,,,,,,,,,
C,60,KOSLOSKI FAMILY FOUNDATION,KOSLOSKI FAMILY FOUNDATION,,"""KOSLOSKI FAMILY FOUNDATION"" Sarasota FL scholarship application",Sarasota,Sarasota,822959949,15368806,0,T12,Y,ntee-grantmaker:T12;files-990PF;private-foundation:04;name:foundation,,,,,,,,,
C,60,JAMES AND BRENDA HOYT FOUNDATION,JAMES AND BRENDA HOYT FOUNDATION,,"""JAMES AND BRENDA HOYT FOUNDATION"" Sarasota FL scholarship application",Sarasota,Sarasota,650754834,15206741,0,T20Z,Y,ntee-grantmaker:T20Z;files-990PF;private-foundation:04;name:foundation,,,,,,,,,
C,60,MICHAEL J KOSLOSKI FOUNDATION,MICHAEL J KOSLOSKI FOUNDATION,,"""MICHAEL J KOSLOSKI FOUNDATION"" Sarasota FL scholarship application",Sarasota,Sarasota,226800804,14848711,0,T22,Y,ntee-grantmaker:T22;files-990PF;private-foundation:04;name:foundation,,,,,,,,,
C,60,FUENTE FAMILY FOUNDATION INC,FUENTE FAMILY FOUNDATION INC,,"""FUENTE FAMILY FOUNDATION INC"" Tampa FL scholarship application",Tampa,Hillsborough,261874008,14796825,0,T22,Y,ntee-grantmaker:T22;files-990PF;private-foundation:04;name:foundation,,,,,,,,,
C,60,DWAYNE HAWKINS FAMILY FOUNDATION INC,DWAYNE HAWKINS FAMILY FOUNDATION INC,,"""DWAYNE HAWKINS FAMILY FOUNDATION INC"" Clearwater FL scholarship application",Clearwater,Pinellas,202788633,14692087,0,T20,Y,ntee-grantmaker:T20;files-990PF;private-foundation:04;name:foundation,,,,,,,,,
C,60,ARTHUR FAMILY FOUNDATION,ARTHUR FAMILY FOUNDATION,,"""ARTHUR FAMILY FOUNDATION"" Gulfport FL scholarship application",Gulfport,Pinellas,262655299,14549319,0,T20,Y,ntee-grantmaker:T20;files-990PF;private-foundation:04;name:foundation,,,,,,,,,
C,60,SUNSHINE NATURAL WELLBEING FOUNDATION,SUNSHINE NATURAL WELLBEING FOUNDATION,,"""SUNSHINE NATURAL WELLBEING FOUNDATION"" Sarasota FL scholarship application",Sarasota,Sarasota,656220389,14216029,0,T22Z,Y,ntee-grantmaker:T22Z;files-990PF;private-foundation:04;name:foundation,,,,,,,,,
C,60,FREE FAMILY FOUNDATION CORP,FREE FAMILY FOUNDATION CORP,,"""FREE FAMILY FOUNDATION CORP"" Tampa FL scholarship application",Tampa,Hillsborough,593611945,13763651,0,T22,Y,ntee-grantmaker:T22;files-990PF;private-foundation:04;name:foundation,,,,,,,,,
C,60,EDMUND J & ESTELLE D WALKER CHARITABLE TRUST,EDMUND J & ESTELLE D WALKER CHARITABLE TRUST,,"""EDMUND J & ESTELLE D WALKER CHARITABLE TRUST"" Venice FL scholarship application",Venice,Sarasota,271036148,13585215,0,T22,Y,ntee-grantmaker:T22;files-990PF;private-foundation:04;name:foundation,,,,,,,,,
C,60,MAKE DISCIPLES CHARITABLE FOUNDATION,MAKE DISCIPLES CHARITABLE FOUNDATION,,"""MAKE DISCIPLES CHARITABLE FOUNDATION"" Sarasota FL scholarship application",Sarasota,Sarasota,866690558,13082850,0,T23,Y,ntee-grantmaker:T23;files-990PF;private-foundation:03;name:foundation,,,,,,,,,
C,60,GETTEL FOUNDATION INC,GETTEL FOUNDATION INC,,"""GETTEL FOUNDATION INC"" Bradenton FL scholarship application",Bradenton,Manatee,061639333,12607750,0,T31,Y,ntee-grantmaker:T31;files-990PF;private-foundation:04;name:foundation,,,,,,,,,
C,60,HERMANNS FAMILY FOUNDATION INC,HERMANNS FAMILY FOUNDATION INC,,"""HERMANNS FAMILY FOUNDATION INC"" St Petersburg FL scholarship application",St Petersburg,Pinellas,650760751,12387385,0,T20J,Y,ntee-grantmaker:T20J;files-990PF;private-foundation:04;name:foundation,,,,,,,,,
C,60,GAIL L BAIRD FAMILY FOUNDATION INC,GAIL L BAIRD FAMILY FOUNDATION INC,,"""GAIL L BAIRD FAMILY FOUNDATION INC"" Sarasota FL scholarship application",Sarasota,Sarasota,455239860,12116556,0,T22,Y,ntee-grantmaker:T22;files-990PF;private-foundation:04;name:foundation,,,,,,,,,
C,60,GEORGE AND LUCY MALMBERG FOUNDATION TR AGREEMENT,GEORGE AND LUCY MALMBERG FOUNDATION TR AGREEMENT,,"""GEORGE AND LUCY MALMBERG FOUNDATION TR AGREEMENT"" Sarasota FL scholarship application",Sarasota,Sarasota,816941753,12052065,0,T20,Y,ntee-grantmaker:T20;files-990PF;private-foundation:04;name:foundation,,,,,,,,,
C,60,DAVENPORTMCGEE FOUNDATION INC,DAVENPORTMCGEE FOUNDATION INC,,"""DAVENPORTMCGEE FOUNDATION INC"" St Pete Beach FL scholarship application",St Pete Beach,Pinellas,853221372,11737011,0,T22,Y,ntee-grantmaker:T22;files-990PF;private-foundation:04;name:foundation,,,,,,,,,
C,60,FRY FAMILY FOUNDATION A NEW JERSEY NONPROFIT CORPORATION,FRY FAMILY FOUNDATION A NEW JERSEY NONPROFIT CORPORATION,,"""FRY FAMILY FOUNDATION A NEW JERSEY NONPROFIT CORPORATION"" Osprey FL scholarship application",Osprey,Sarasota,223515940,11376558,0,T22Z,Y,ntee-grantmaker:T22Z;files-990PF;private-foundation:04;name:foundation,,,,,,,,,
C,60,PURJES FOUNDATION,PURJES FOUNDATION,,"""PURJES FOUNDATION"" Longboat Key FL scholarship application",Longboat Key,Sarasota,137220937,11301078,0,T22,Y,ntee-grantmaker:T22;files-990PF;private-foundation:04;name:foundation,,,,,,,,,
C,60,KML FOUNDATION INC,KML FOUNDATION INC,,"""KML FOUNDATION INC"" St Petersburg FL scholarship application",St Petersburg,Pinellas,203344671,11276684,0,T23,Y,ntee-grantmaker:T23;files-990PF;private-foundation:03;name:foundation,,,,,,,,,
C,60,SUMMER BREEZE FOUNDATION,SUMMER BREEZE FOUNDATION,,"""SUMMER BREEZE FOUNDATION"" Sarasota FL scholarship application",Sarasota,Sarasota,832748016,11189885,0,T20,Y,ntee-grantmaker:T20;files-990PF;private-foundation:04;name:foundation,,,,,,,,,
C,60,THE MABEL AND ELLSWORTH SIMMONS CHARITABLE FOUNDATION INC,THE MABEL AND ELLSWORTH SIMMONS CHARITABLE FOUNDATION INC,,"""THE MABEL AND ELLSWORTH SIMMONS CHARITABLE FOUNDATION INC"" Riverview FL scholarship application",Riverview,Hillsborough,593594418,10824192,0,T22,Y,ntee-grantmaker:T22;files-990PF;private-foundation:04;name:foundation,,,,,,,,,
C,60,YERRID FOUNDATION INC,YERRID FOUNDATION INC,,"""YERRID FOUNDATION INC"" Tampa FL scholarship application",Tampa,Hillsborough,593571804,10558535,0,T22,Y,ntee-grantmaker:T22;files-990PF;private-foundation:04;name:foundation,,,,,,,,,
C,60,MCMURTRY FAMILY FOUNDATION,MCMURTRY FAMILY FOUNDATION,,"""MCMURTRY FAMILY FOUNDATION"" Venice FL scholarship application",Venice,Sarasota,510478343,10460258,0,T22,Y,ntee-grantmaker:T22;files-990PF;private-foundation:04;name:foundation,,,,,,,,,
C,60,THE KARAFIN FAMILY FOUNDATION,THE KARAFIN FAMILY FOUNDATION,,"""THE KARAFIN FAMILY FOUNDATION"" Longboat Key FL scholarship application",Longboat Key,Sarasota,387123022,10211884,0,T12,Y,ntee-grantmaker:T12;files-990PF;private-foundation:04;name:foundation,,,,,,,,,
C,60,BOSCIA FAMILY FOUNDATION,BOSCIA FAMILY FOUNDATION,,"""BOSCIA FAMILY FOUNDATION"" Sarasota FL scholarship application",Sarasota,Sarasota,200614587,10207958,0,T20,Y,ntee-grantmaker:T20;files-990PF;private-foundation:04;name:foundation,,,,,,,,,
C,60,CHENEVERT FAMILY FOUNDATION INC,CHENEVERT FAMILY FOUNDATION INC,,"""CHENEVERT FAMILY FOUNDATION INC"" St Petersburg FL scholarship application",St Petersburg,Pinellas,270886303,9867888,0,T20,Y,ntee-grantmaker:T20;files-990PF;private-foundation:04;name:foundation,,,,,,,,,
C,60,STONE FOUNDATION INC,STONE FOUNDATION INC,,"""STONE FOUNDATION INC"" Longboat Key FL scholarship application",Longboat Key,Sarasota,475601594,9806118,0,T22,Y,ntee-grantmaker:T22;files-990PF;private-foundation:04;name:foundation,,,,,,,,,
C,60,ROBERT E DODS FAMILY FOUNDATION INC,ROBERT E DODS FAMILY FOUNDATION INC,,"""ROBERT E DODS FAMILY FOUNDATION INC"" Longboat Key FL scholarship application",Longboat Key,Sarasota,825068080,9783476,0,T22,Y,ntee-grantmaker:T22;files-990PF;private-foundation:04;name:foundation,,,,,,,,,
C,60,STEINWACHS FAMILY FOUNDATION,STEINWACHS FAMILY FOUNDATION,,"""STEINWACHS FAMILY FOUNDATION"" Sarasota FL scholarship application",Sarasota,Sarasota,161574554,9681019,0,T30,Y,ntee-grantmaker:T30;files-990PF;private-foundation:04;name:foundation,,,,,,,,,
C,60,JOY MCCANN FOUNDATION INC,JOY MCCANN FOUNDATION INC,,"""JOY MCCANN FOUNDATION INC"" Tampa FL scholarship application",Tampa,Hillsborough,593166283,8973744,0,T22,Y,ntee-grantmaker:T22;files-990PF;private-foundation:04;name:foundation,,,,,,,,,
C,60,PICCHI FAMILY FOUNDATION INC,PICCHI FAMILY FOUNDATION INC,,"""PICCHI FAMILY FOUNDATION INC"" Osprey FL scholarship application",Osprey,Sarasota,934185922,8949297,0,T22,Y,ntee-grantmaker:T22;files-990PF;private-foundation:04;name:foundation,,,,,,,,,
C,60,GERRY-CORBETT FOUNDATION,GERRY-CORBETT FOUNDATION,,"""GERRY-CORBETT FOUNDATION"" Tampa FL scholarship application",Tampa,Hillsborough,593287385,8302925,0,T22Z,Y,ntee-grantmaker:T22Z;files-990PF;private-foundation:04;name:foundation,,,,,,,,,
C,60,DOUGLAS R MOORE FAMILY FOUNDATION,DOUGLAS R MOORE FAMILY FOUNDATION,,"""DOUGLAS R MOORE FAMILY FOUNDATION"" Sarasota FL scholarship application",Sarasota,Sarasota,208628156,8300857,0,T22,Y,ntee-grantmaker:T22;files-990PF;private-foundation:04;name:foundation,,,,,,,,,
C,60,THE FIELDS GALLEY PRIVATE FOUNDATION,THE FIELDS GALLEY PRIVATE FOUNDATION,,"""THE FIELDS GALLEY PRIVATE FOUNDATION"" St Petersburg FL scholarship application",St Petersburg,Pinellas,516532325,8277102,0,T22,Y,ntee-grantmaker:T22;files-990PF;private-foundation:04;name:foundation,,,,,,,,,
C,60,DONA & SAM SCOTT FOUNDATION,DONA & SAM SCOTT FOUNDATION,,"""DONA & SAM SCOTT FOUNDATION"" Sarasota FL scholarship application",Sarasota,Sarasota,461562521,8233032,0,T22,Y,ntee-grantmaker:T22;files-990PF;private-foundation:04;name:foundation,,,,,,,,,
C,60,DANKER-BASHAM FOUNDATION INC,DANKER-BASHAM FOUNDATION INC,,"""DANKER-BASHAM FOUNDATION INC"" Tampa FL scholarship application",Tampa,Hillsborough,593284079,8188345,0,T22Z,Y,ntee-grantmaker:T22Z;files-990PF;private-foundation:04;name:foundation,,,,,,,,,
C,60,MEED FOUNDATION INC,MEED FOUNDATION INC,,"""MEED FOUNDATION INC"" Tampa FL scholarship application",Tampa,Hillsborough,814385044,8065868,0,T20,Y,ntee-grantmaker:T20;files-990PF;private-foundation:04;name:foundation,,,,,,,,,
C,60,JAMES M DOSS CHARITABLE FOUNDATION TR,JAMES M DOSS CHARITABLE FOUNDATION TR,,"""JAMES M DOSS CHARITABLE FOUNDATION TR"" Sarasota FL scholarship application",Sarasota,Sarasota,306558102,7947597,0,T22,Y,ntee-grantmaker:T22;files-990PF;private-foundation:04;name:foundation,,,,,,,,,
C,60,KENT FAMILY FOUNDATION INC,KENT FAMILY FOUNDATION INC,,"""KENT FAMILY FOUNDATION INC"" Lutz FL scholarship application",Lutz,Hillsborough,593085879,7775725,0,T20,Y,ntee-grantmaker:T20;files-990PF;private-foundation:04;name:foundation,,,,,,,,,
C,60,DEBARTOLO FAMILY FOUNDATION,DEBARTOLO FAMILY FOUNDATION,,"""DEBARTOLO FAMILY FOUNDATION"" Tampa FL scholarship application",Tampa,Hillsborough,311739677,7762883,0,T22,Y,ntee-grantmaker:T22;files-990PF;private-foundation:04;name:foundation,,,,,,,,,
C,60,BONNIE R AND WILLIAM H KINSCHNERFAMILY FOUNDATION,BONNIE R AND WILLIAM H KINSCHNERFAMILY FOUNDATION,,"""BONNIE R AND WILLIAM H KINSCHNERFAMILY FOUNDATION"" St Petersburg FL scholarship application",St Petersburg,Pinellas,207197130,7665408,0,T20,Y,ntee-grantmaker:T20;files-990PF;private-foundation:04;name:foundation,,,,,,,,,
C,60,CHRIS T SULLIVAN FOUNDATION INC,CHRIS T SULLIVAN FOUNDATION INC,,"""CHRIS T SULLIVAN FOUNDATION INC"" Tampa FL scholarship application",Tampa,Hillsborough,593773382,7656491,0,T20,Y,ntee-grantmaker:T20;files-990PF;private-foundation:04;name:foundation,,,,,,,,,
C,60,W T MORGAN III FAMILY FOUNDATION INC,W T MORGAN III FAMILY FOUNDATION INC,,"""W T MORGAN III FAMILY FOUNDATION INC"" Tampa FL scholarship application",Tampa,Hillsborough,593635268,7432071,0,T22,Y,ntee-grantmaker:T22;files-990PF;private-foundation:04;name:foundation,,,,,,,,,
C,60,RAYMUND FOUNDATION INC,RAYMUND FOUNDATION INC,,"""RAYMUND FOUNDATION INC"" St Petersburg FL scholarship application",St Petersburg,Pinellas,593447494,7421309,0,T20Z,Y,ntee-grantmaker:T20Z;files-990PF;private-foundation:04;name:foundation,,,,,,,,,
C,60,ELVA VIRGINIA YOUNG FOUNDATION A CHARITABLE TR,ELVA VIRGINIA YOUNG FOUNDATION A CHARITABLE TR,,"""ELVA VIRGINIA YOUNG FOUNDATION A CHARITABLE TR"" Seminole FL scholarship application",Seminole,Pinellas,376431805,7247173,0,T20,Y,ntee-grantmaker:T20;files-990PF;private-foundation:04;name:foundation,,,,,,,,,
C,60,HURLBURT FOUNDATION INC,HURLBURT FOUNDATION INC,,"""HURLBURT FOUNDATION INC"" Sarasota FL scholarship application",Sarasota,Sarasota,650795533,7156050,0,T20Z,Y,ntee-grantmaker:T20Z;files-990PF;private-foundation:04;name:foundation,,,,,,,,,
C,60,MCGRATH FAMILY FOUNDATION INC,MCGRATH FAMILY FOUNDATION INC,,"""MCGRATH FAMILY FOUNDATION INC"" Longboat Key FL scholarship application",Longboat Key,Sarasota,921362443,7154513,0,T20,Y,ntee-grantmaker:T20;files-990PF;private-foundation:04;name:foundation,,,,,,,,,
C,60,CAROLYN HAMMOND BRYE CHARITABLE FOUNDATION INC,CAROLYN HAMMOND BRYE CHARITABLE FOUNDATION INC,,"""CAROLYN HAMMOND BRYE CHARITABLE FOUNDATION INC"" Sarasota FL scholarship application",Sarasota,Sarasota,651059468,7025714,0,T22,Y,ntee-grantmaker:T22;files-990PF;private-foundation:04;name:foundation,,,,,,,,,
C,60,HENDERSON FAMILY FOUNDATION INC,HENDERSON FAMILY FOUNDATION INC,,"""HENDERSON FAMILY FOUNDATION INC"" Tampa FL scholarship application",Tampa,Hillsborough,472469963,7011060,0,T22,Y,ntee-grantmaker:T22;files-990PF;private-foundation:04;name:foundation,,,,,,,,,
C,60,RODKIN FAMILY FOUNDATION INC,RODKIN FAMILY FOUNDATION INC,,"""RODKIN FAMILY FOUNDATION INC"" Sarasota FL scholarship application",Sarasota,Sarasota,262434554,6965620,0,T22,Y,ntee-grantmaker:T22;files-990PF;private-foundation:04;name:foundation,,,,,,,,,
C,60,LELAND FAMILY FOUNDATION CORP,LELAND FAMILY FOUNDATION CORP,,"""LELAND FAMILY FOUNDATION CORP"" Sarasota FL scholarship application",Sarasota,Sarasota,922034369,6859114,0,T22,Y,ntee-grantmaker:T22;files-990PF;private-foundation:04;name:foundation,,,,,,,,,
C,60,COTE FAMILY TGS FOUNDATION INC,COTE FAMILY TGS FOUNDATION INC,,"""COTE FAMILY TGS FOUNDATION INC"" Anna Maria FL scholarship application",Anna Maria,Manatee,331769334,6818755,0,T22,Y,ntee-grantmaker:T22;files-990PF;private-foundation:04;name:foundation,,,,,,,,,
C,60,FRANKLE FAMILY FOUNDATION INC,FRANKLE FAMILY FOUNDATION INC,,"""FRANKLE FAMILY FOUNDATION INC"" Tampa FL scholarship application",Tampa,Hillsborough,263861579,6697045,0,T22,Y,ntee-grantmaker:T22;files-990PF;private-foundation:04;name:foundation,,,,,,,,,
C,60,REGMARK FOUNDATION INC,REGMARK FOUNDATION INC,,"""REGMARK FOUNDATION INC"" Sarasota FL scholarship application",Sarasota,Sarasota,832752186,6583934,0,T20,Y,ntee-grantmaker:T20;files-990PF;private-foundation:04;name:foundation,,,,,,,,,
C,60,OPPORTUNITY FOUNDATION INC,OPPORTUNITY FOUNDATION INC,,"""OPPORTUNITY FOUNDATION INC"" Sarasota FL scholarship application",Sarasota,Sarasota,263928645,6573497,0,T22,Y,ntee-grantmaker:T22;files-990PF;private-foundation:04;name:foundation,,,,,,,,,
C,60,DEBRA AND DANIEL OCHSTEIN FAMILY FOUNDATION INC,DEBRA AND DANIEL OCHSTEIN FAMILY FOUNDATION INC,,"""DEBRA AND DANIEL OCHSTEIN FAMILY FOUNDATION INC"" St Petersburg FL scholarship application",St Petersburg,Pinellas,920278278,6486016,0,T20,Y,ntee-grantmaker:T20;files-990PF;private-foundation:04;name:foundation,,,,,,,,,
C,60,SOL TAPLIN CHARITABLE FOUNDATION,SOL TAPLIN CHARITABLE FOUNDATION,,"""SOL TAPLIN CHARITABLE FOUNDATION"" Sarasota FL scholarship application",Sarasota,Sarasota,656272903,6295624,0,T20,Y,ntee-grantmaker:T20;files-990PF;private-foundation:04;name:foundation,,,,,,,,,
C,60,SSS FOUNDATION INC,SSS FOUNDATION INC,,"""SSS FOUNDATION INC"" St Petersburg FL scholarship application",St Petersburg,Pinellas,320314794,6231250,0,T20,Y,ntee-grantmaker:T20;files-990PF;private-foundation:04;name:foundation,,,,,,,,,
C,60,LEIBOWITZ FAMILY FOUNDATION INC,LEIBOWITZ FAMILY FOUNDATION INC,,"""LEIBOWITZ FAMILY FOUNDATION INC"" Tampa FL scholarship application",Tampa,Hillsborough,593736869,6058356,0,T21,Y,ntee-grantmaker:T21;files-990PF;private-foundation:04;name:foundation,,,,,,,,,
C,60,JOHN AND FLORENCE BRADY PERPETUAL CHARITABLE TRUST,JOHN AND FLORENCE BRADY PERPETUAL CHARITABLE TRUST,,"""JOHN AND FLORENCE BRADY PERPETUAL CHARITABLE TRUST"" St Petersburg FL scholarship application",St Petersburg,Pinellas,852225247,5906414,0,T22,Y,ntee-grantmaker:T22;files-990PF;private-foundation:04;name:foundation,,,,,,,,,
C,60,LESLIE PETER FOUNDATION,LESLIE PETER FOUNDATION,,"""LESLIE PETER FOUNDATION"" Brandon FL scholarship application",Brandon,Hillsborough,134147292,5886554,0,T22,Y,ntee-grantmaker:T22;files-990PF;private-foundation:04;name:foundation,,,,,,,,,
C,60,LEONARD AND JUDITH SCHWARTZBAUM FAMILY FOUNDATION INC,LEONARD AND JUDITH SCHWARTZBAUM FAMILY FOUNDATION INC,,"""LEONARD AND JUDITH SCHWARTZBAUM FAMILY FOUNDATION INC"" Sarasota FL scholarship application",Sarasota,Sarasota,814564555,5792205,0,T20,Y,ntee-grantmaker:T20;files-990PF;private-foundation:04;name:foundation,,,,,,,,,
C,60,MARGARET & DAVID PERRY FOUNDATION T-U-A 2-14-18,MARGARET & DAVID PERRY FOUNDATION T-U-A 2-14-18,,"""MARGARET & DAVID PERRY FOUNDATION T-U-A 2-14-18"" St Petersburg FL scholarship application",St Petersburg,Pinellas,824452306,5775660,0,T20,Y,ntee-grantmaker:T20;files-990PF;private-foundation:04;name:foundation,,,,,,,,,
C,60,BERNARD F & MARY ANN POWELL FOUNDATION INC,BERNARD F & MARY ANN POWELL FOUNDATION INC,,"""BERNARD F & MARY ANN POWELL FOUNDATION INC"" Parrish FL scholarship application",Parrish,Manatee,593575091,5675802,0,T20,Y,ntee-grantmaker:T20;files-990PF;private-foundation:04;name:foundation,,,,,,,,,
C,60,SBJ RESCH FAMILY FOUNDATION INC,SBJ RESCH FAMILY FOUNDATION INC,,"""SBJ RESCH FAMILY FOUNDATION INC"" Tampa FL scholarship application",Tampa,Hillsborough,453783595,5572328,0,T22,Y,ntee-grantmaker:T22;files-990PF;private-foundation:04;name:foundation,,,,,,,,,
C,60,WILLIAM A GREGORY JR FOUNDATION INC,WILLIAM A GREGORY JR FOUNDATION INC,,"""WILLIAM A GREGORY JR FOUNDATION INC"" Tampa FL scholarship application",Tampa,Hillsborough,593607455,5562618,0,T22,Y,ntee-grantmaker:T22;files-990PF;private-foundation:04;name:foundation,,,,,,,,,
C,60,DOLL-LOESEL FOUNDATION,DOLL-LOESEL FOUNDATION,,"""DOLL-LOESEL FOUNDATION"" Sarasota FL scholarship application",Sarasota,Sarasota,383212771,5518247,0,T22Z,Y,ntee-grantmaker:T22Z;files-990PF;private-foundation:04;name:foundation,,,,,,,,,
C,60,DALEY FAMILY FOUNDATION,DALEY FAMILY FOUNDATION,,"""DALEY FAMILY FOUNDATION"" Longboat Key FL scholarship application",Longboat Key,Sarasota,464298978,5443289,0,T22,Y,ntee-grantmaker:T22;files-990PF;private-foundation:04;name:foundation,,,,,,,,,
C,60,DL CHARITABLE FOUNDATION,DL CHARITABLE FOUNDATION,,"""DL CHARITABLE FOUNDATION"" Sarasota FL scholarship application",Sarasota,Sarasota,205321479,5362102,0,T22,Y,ntee-grantmaker:T22;files-990PF;private-foundation:04;name:foundation,,,,,,,,,
C,60,R M BEALL SR CHARITABLE FOUNDATION,R M BEALL SR CHARITABLE FOUNDATION,,"""R M BEALL SR CHARITABLE FOUNDATION"" Bradenton FL scholarship application",Bradenton,Manatee,592851924,5343180,0,T22Z,Y,ntee-grantmaker:T22Z;files-990PF;private-foundation:04;name:foundation,,,,,,,,,
C,60,MARCIA AND MICHAEL KLEIN FOUNDATION,MARCIA AND MICHAEL KLEIN FOUNDATION,,"""MARCIA AND MICHAEL KLEIN FOUNDATION"" Longboat Key FL scholarship application",Longboat Key,Sarasota,261597287,5119853,0,T20,Y,ntee-grantmaker:T20;files-990PF;private-foundation:04;name:foundation,,,,,,,,,
C,60,THE PARALLEL FOUNDATION INC,THE PARALLEL FOUNDATION INC,,"""THE PARALLEL FOUNDATION INC"" Tampa FL scholarship application",Tampa,Hillsborough,924009341,5117549,0,T20,Y,ntee-grantmaker:T20;files-990PF;private-foundation:04;name:foundation,,,,,,,,,
C,60,DARYL AND LAURE BLUME FOUNDATION,DARYL AND LAURE BLUME FOUNDATION,,"""DARYL AND LAURE BLUME FOUNDATION"" St Petersburg FL scholarship application",St Petersburg,Pinellas,273850811,5109551,0,T20,Y,ntee-grantmaker:T20;files-990PF;private-foundation:04;name:foundation,,,,,,,,,
C,60,KENNETH T & MILDRED S GAMMONS CHARITABLE FOUNDATION INC,KENNETH T & MILDRED S GAMMONS CHARITABLE FOUNDATION INC,,"""KENNETH T & MILDRED S GAMMONS CHARITABLE FOUNDATION INC"" Sarasota FL scholarship application",Sarasota,Sarasota,650596492,5019678,0,T22Z,Y,ntee-grantmaker:T22Z;files-990PF;private-foundation:04;name:foundation,,,,,,,,,
C,60,GAIL HANDEL FAMILY FOUNDATION INC,GAIL HANDEL FAMILY FOUNDATION INC,,"""GAIL HANDEL FAMILY FOUNDATION INC"" Plant City FL scholarship application",Plant City,Hillsborough,824715418,4869596,0,T20,Y,ntee-grantmaker:T20;files-990PF;private-foundation:04;name:foundation,,,,,,,,,
C,60,LAWRENCE P CASTELLANI FAMILY FOUNDATION,LAWRENCE P CASTELLANI FAMILY FOUNDATION,,"""LAWRENCE P CASTELLANI FAMILY FOUNDATION"" Sarasota FL scholarship application",Sarasota,Sarasota,166399132,4799488,0,T20Z,Y,ntee-grantmaker:T20Z;files-990PF;private-foundation:04;name:foundation,,,,,,,,,
C,60,THE@ALAN AND TERRI SPOON FAMILY FOUNDATION,THE@ALAN AND TERRI SPOON FAMILY FOUNDATION,,"""THE@ALAN AND TERRI SPOON FAMILY FOUNDATION"" Longboat Key FL scholarship application",Longboat Key,Sarasota,510433601,4792911,0,T22,Y,ntee-grantmaker:T22;files-990PF;private-foundation:04;name:foundation,,,,,,,,,
C,60,THE ANDREW CADER FOUNDATION INC,THE ANDREW CADER FOUNDATION INC,,"""THE ANDREW CADER FOUNDATION INC"" St Petersburg FL scholarship application",St Petersburg,Pinellas,030497916,4740741,0,T22,Y,ntee-grantmaker:T22;files-990PF;private-foundation:04;name:foundation,,,,,,,,,
C,60,BERGOFFEN FAMILY FOUNDATION,BERGOFFEN FAMILY FOUNDATION,,"""BERGOFFEN FAMILY FOUNDATION"" Palm Harbor FL scholarship application",Palm Harbor,Pinellas,921116012,4702451,0,T22,Y,ntee-grantmaker:T22;files-990PF;private-foundation:04;name:foundation,,,,,,,,,
C,60,ROBERT S AND MILDRED M BAYNARD CHARITABLE TRUST,ROBERT S AND MILDRED M BAYNARD CHARITABLE TRUST,,"""ROBERT S AND MILDRED M BAYNARD CHARITABLE TRUST"" St Petersburg FL scholarship application",St Petersburg,Pinellas,597049328,4687882,0,T22Z,Y,ntee-grantmaker:T22Z;files-990PF;private-foundation:04;name:foundation,,,,,,,,,
C,60,RUTH AND RUSSELL ANDERSON CHARITABLE FOUNDATION INC,RUTH AND RUSSELL ANDERSON CHARITABLE FOUNDATION INC,,"""RUTH AND RUSSELL ANDERSON CHARITABLE FOUNDATION INC"" Largo FL scholarship application",Largo,Pinellas,872443445,4636401,0,T20,Y,ntee-grantmaker:T20;files-990PF;private-foundation:04;name:foundation,,,,,,,,,
C,60,THE SEAMAN FOUNDATION INC,THE SEAMAN FOUNDATION INC,,"""THE SEAMAN FOUNDATION INC"" Seffner FL scholarship application",Seffner,Hillsborough,593631102,4474568,0,T22,Y,ntee-grantmaker:T22;files-990PF;private-foundation:04;name:foundation,,,,,,,,,
C,60,MARSHALL J GARCIA FOUNDATION INC,MARSHALL J GARCIA FOUNDATION INC,,"""MARSHALL J GARCIA FOUNDATION INC"" Tampa FL scholarship application",Tampa,Hillsborough,823574702,4473368,0,T22,Y,ntee-grantmaker:T22;files-990PF;private-foundation:04;name:foundation,,,,,,,,,
C,60,REDNER FAMILY FOUNDATION INC,REDNER FAMILY FOUNDATION INC,,"""REDNER FAMILY FOUNDATION INC"" Tampa FL scholarship application",Tampa,Hillsborough,814793475,4463207,0,T20,Y,ntee-grantmaker:T20;files-990PF;private-foundation:04;name:foundation,,,,,,,,,
C,60,THE DUNN FAMILY CHARITABLE FOUNDATION,THE DUNN FAMILY CHARITABLE FOUNDATION,,"""THE DUNN FAMILY CHARITABLE FOUNDATION"" Sarasota FL scholarship application",Sarasota,Sarasota,453077366,4323063,0,T21,Y,ntee-grantmaker:T21;files-990PF;private-foundation:04;name:foundation,,,,,,,,,
C,60,LINNIE E DALBECK MEMORIAL FOUNDATION,LINNIE E DALBECK MEMORIAL FOUNDATION,,"""LINNIE E DALBECK MEMORIAL FOUNDATION"" Sarasota FL scholarship application",Sarasota,Sarasota,656329977,4209756,0,T22,Y,ntee-grantmaker:T22;files-990PF;private-foundation:04;name:foundation,,,,,,,,,
C,60,THE ALVAH H AND WYLINE P CHAPMAN FOUNDATION INC,THE ALVAH H AND WYLINE P CHAPMAN FOUNDATION INC,,"""THE ALVAH H AND WYLINE P CHAPMAN FOUNDATION INC"" St Petersburg FL scholarship application",St Petersburg,Pinellas,586069146,4147098,0,T20,Y,ntee-grantmaker:T20;files-990PF;private-foundation:04;name:foundation,,,,,,,,,
C,60,JENKINS CHARITABLE FOUNDATION INC,JENKINS CHARITABLE FOUNDATION INC,,"""JENKINS CHARITABLE FOUNDATION INC"" Tampa FL scholarship application",Tampa,Hillsborough,453482652,4115005,0,T20,Y,ntee-grantmaker:T20;files-990PF;private-foundation:04;name:foundation,,,,,,,,,
C,60,EHRHART FAMILY FOUNDATION,EHRHART FAMILY FOUNDATION,,"""EHRHART FAMILY FOUNDATION"" Venice FL scholarship application",Venice,Sarasota,656263281,4097400,0,T22,Y,ntee-grantmaker:T22;files-990PF;private-foundation:04;name:foundation,,,,,,,,,
C,60,NEIL AND SANDRA DEFEO FAMILY FOUNDATION,NEIL AND SANDRA DEFEO FAMILY FOUNDATION,,"""NEIL AND SANDRA DEFEO FAMILY FOUNDATION"" Sarasota FL scholarship application",Sarasota,Sarasota,266141110,4029857,0,T20,Y,ntee-grantmaker:T20;files-990PF;private-foundation:04;name:foundation,,,,,,,,,
C,60,EAGLES WING FOUNDATION INC,EAGLES WING FOUNDATION INC,,"""EAGLES WING FOUNDATION INC"" St Petersburg FL scholarship application",St Petersburg,Pinellas,593437684,3740294,0,T20Z,Y,ntee-grantmaker:T20Z;files-990PF;private-foundation:04;name:foundation,,,,,,,,,
C,60,THE RINA & BHARAT PARIKH FOUNDATION INC,THE RINA & BHARAT PARIKH FOUNDATION INC,,"""THE RINA & BHARAT PARIKH FOUNDATION INC"" Trinity FL scholarship application",Trinity,Pasco,814791103,3698523,0,T20,Y,ntee-grantmaker:T20;files-990PF;private-foundation:04;name:foundation,,,,,,,,,
C,60,ELIZABETH AND KEVIN A TATTAM FOUNDATION INC,ELIZABETH AND KEVIN A TATTAM FOUNDATION INC,,"""ELIZABETH AND KEVIN A TATTAM FOUNDATION INC"" Anna Maria FL scholarship application",Anna Maria,Manatee,201035767,3673129,0,T22,Y,ntee-grantmaker:T22;files-990PF;private-foundation:04;name:foundation,,,,,,,,,
C,60,DORIS M CARTER FAMILY FOUNDATION,DORIS M CARTER FAMILY FOUNDATION,,"""DORIS M CARTER FAMILY FOUNDATION"" Sarasota FL scholarship application",Sarasota,Sarasota,200068099,3660431,0,T20,Y,ntee-grantmaker:T20;files-990PF;private-foundation:04;name:foundation,,,,,,,,,
C,60,PATRICIA J BUSTER FOUNDATION CHARITABLE TR UAD 04071981,PATRICIA J BUSTER FOUNDATION CHARITABLE TR UAD 04071981,,"""PATRICIA J BUSTER FOUNDATION CHARITABLE TR UAD 04071981"" Sarasota FL scholarship application",Sarasota,Sarasota,656259550,3654330,0,T20Z,Y,ntee-grantmaker:T20Z;files-990PF;private-foundation:04;name:foundation,,,,,,,,,
C,60,ANTOINE OBRIEN FAMILY FOUNDATION INC,ANTOINE OBRIEN FAMILY FOUNDATION INC,,"""ANTOINE OBRIEN FAMILY FOUNDATION INC"" Longboat Key FL scholarship application",Longboat Key,Sarasota,464026551,3650782,0,T99,Y,ntee-grantmaker:T99;files-990PF;private-foundation:04;name:foundation,,,,,,,,,
C,60,MARTINO FOUNDATION,MARTINO FOUNDATION,,"""MARTINO FOUNDATION"" Tampa FL scholarship application",Tampa,Hillsborough,815191243,3642054,0,T22,Y,ntee-grantmaker:T22;files-990PF;private-foundation:04;name:foundation,,,,,,,,,
C,60,FAULHABER FOUNDATION INC,FAULHABER FOUNDATION INC,,"""FAULHABER FOUNDATION INC"" Nokomis FL scholarship application",Nokomis,Sarasota,593680687,3620885,0,T22,Y,ntee-grantmaker:T22;files-990PF;private-foundation:04;name:foundation,,,,,,,,,
C,60,CAPILLARY FOUNDATION INC,CAPILLARY FOUNDATION INC,,"""CAPILLARY FOUNDATION INC"" Bradenton FL scholarship application",Bradenton,Manatee,874016827,3605045,0,T20,Y,ntee-grantmaker:T20;files-990PF;private-foundation:04;name:foundation,,,,,,,,,
C,60,SWEETBAY FOUNDATION,SWEETBAY FOUNDATION,,"""SWEETBAY FOUNDATION"" St Petersburg FL scholarship application",St Petersburg,Pinellas,202518349,3544374,0,T22,Y,ntee-grantmaker:T22;files-990PF;private-foundation:04;name:foundation,,,,,,,,,
C,60,PLATKIN FAMILY FOUNDATION INC,PLATKIN FAMILY FOUNDATION INC,,"""PLATKIN FAMILY FOUNDATION INC"" Sarasota FL scholarship application",Sarasota,Sarasota,134263380,3540170,0,T20,Y,ntee-grantmaker:T20;files-990PF;private-foundation:04;name:foundation,,,,,,,,,
C,60,RISSER FAMILY FOUNDATION,RISSER FAMILY FOUNDATION,,"""RISSER FAMILY FOUNDATION"" Clearwater FL scholarship application",Clearwater,Pinellas,931764513,3515977,0,T20,Y,ntee-grantmaker:T20;files-990PF;private-foundation:04;name:foundation,,,,,,,,,
C,60,SWART FAMILY FOUNDATION,SWART FAMILY FOUNDATION,,"""SWART FAMILY FOUNDATION"" Sarasota FL scholarship application",Sarasota,Sarasota,266046163,3511725,0,T20,Y,ntee-grantmaker:T20;files-990PF;private-foundation:04;name:foundation,,,,,,,,,
C,60,BOMBERGER FOUNDATION INC,BOMBERGER FOUNDATION INC,,"""BOMBERGER FOUNDATION INC"" Bradenton FL scholarship application",Bradenton,Manatee,205349740,3500785,0,T22,Y,ntee-grantmaker:T22;files-990PF;private-foundation:04;name:foundation,,,,,,,,,
C,60,TACKEL-RAVEN FAMILY FOUNDATION,TACKEL-RAVEN FAMILY FOUNDATION,,"""TACKEL-RAVEN FAMILY FOUNDATION"" Osprey FL scholarship application",Osprey,Sarasota,475564067,3406378,0,T20,Y,ntee-grantmaker:T20;files-990PF;private-foundation:04;name:foundation,,,,,,,,,
C,60,EDWIN J BECCUE MEMORIAL FOUNDATION TRUST,EDWIN J BECCUE MEMORIAL FOUNDATION TRUST,,"""EDWIN J BECCUE MEMORIAL FOUNDATION TRUST"" Sarasota FL scholarship application",Sarasota,Sarasota,842726862,3251659,0,T20,Y,ntee-grantmaker:T20;files-990PF;private-foundation:04;name:foundation,,,,,,,,,
C,60,SWIFT FAMILY FOUNDATION INC,SWIFT FAMILY FOUNDATION INC,,"""SWIFT FAMILY FOUNDATION INC"" Sarasota FL scholarship application",Sarasota,Sarasota,200102620,3235687,0,T22,Y,ntee-grantmaker:T22;files-990PF;private-foundation:04;name:foundation,,,,,,,,,
C,60,HENRY S AND MARGARET GAY MIKA CHARITABLE FOUNDATION INC,HENRY S AND MARGARET GAY MIKA CHARITABLE FOUNDATION INC,,"""HENRY S AND MARGARET GAY MIKA CHARITABLE FOUNDATION INC"" Sarasota FL scholarship application",Sarasota,Sarasota,020535154,3233874,0,T22,Y,ntee-grantmaker:T22;files-990PF;private-foundation:04;name:foundation,,,,,,,,,
C,60,THE MELVIN C DRAFT FAMILY FOUNDATION,THE MELVIN C DRAFT FAMILY FOUNDATION,,"""THE MELVIN C DRAFT FAMILY FOUNDATION"" Trinity FL scholarship application",Trinity,Pasco,306321344,3175319,0,T22,Y,ntee-grantmaker:T22;files-990PF;private-foundation:04;name:foundation,,,,,,,,,
C,60,ZIMMER FAMILY FOUNDATION INC,ZIMMER FAMILY FOUNDATION INC,,"""ZIMMER FAMILY FOUNDATION INC"" Sarasota FL scholarship application",Sarasota,Sarasota,311596973,3102124,0,T20Z,Y,ntee-grantmaker:T20Z;files-990PF;private-foundation:04;name:foundation,,,,,,,,,
C,60,JABIL CARES FOUNDATION INC,JABIL CARES FOUNDATION INC,,"""JABIL CARES FOUNDATION INC"" St Petersburg FL scholarship application",St Petersburg,Pinellas,882162851,3085659,0,T20,Y,ntee-grantmaker:T20;files-990PF;private-foundation:04;name:foundation,,,,,,,,,
C,60,RICHARD D LEE AND VERA M LEE FOUNDATION INC,RICHARD D LEE AND VERA M LEE FOUNDATION INC,,"""RICHARD D LEE AND VERA M LEE FOUNDATION INC"" St Petersburg FL scholarship application",St Petersburg,Pinellas,452503472,2996768,0,T30,Y,ntee-grantmaker:T30;files-990PF;private-foundation:04;name:foundation,,,,,,,,,
C,60,SCHLARBAUM FAMILY FOUNDATION,SCHLARBAUM FAMILY FOUNDATION,,"""SCHLARBAUM FAMILY FOUNDATION"" Belleair FL scholarship application",Belleair,Pinellas,232996673,2985073,0,T20,Y,ntee-grantmaker:T20;files-990PF;private-foundation:04;name:foundation,,,,,,,,,
C,60,MARGARET E DICKINS FOUNDATION INC,MARGARET E DICKINS FOUNDATION INC,,"""MARGARET E DICKINS FOUNDATION INC"" St Petersburg FL scholarship application",St Petersburg,Pinellas,651082411,2975693,0,T20,Y,ntee-grantmaker:T20;files-990PF;private-foundation:04;name:foundation,,,,,,,,,
C,60,RITA B LAMERE MEMORIAL FOUNDATION,RITA B LAMERE MEMORIAL FOUNDATION,,"""RITA B LAMERE MEMORIAL FOUNDATION"" Sarasota FL scholarship application",Sarasota,Sarasota,306209352,2917550,0,T20,Y,ntee-grantmaker:T20;files-990PF;private-foundation:04;name:foundation,,,,,,,,,
C,60,GABRIEL AND JEANNE SHAHEEN FAMILY FOUNDATION INC,GABRIEL AND JEANNE SHAHEEN FAMILY FOUNDATION INC,,"""GABRIEL AND JEANNE SHAHEEN FAMILY FOUNDATION INC"" Tampa FL scholarship application",Tampa,Hillsborough,830831822,2910717,0,T20,Y,ntee-grantmaker:T20;files-990PF;private-foundation:04;name:foundation,,,,,,,,,
C,60,SMITH FAMILY LEGACY FOUNDATION,SMITH FAMILY LEGACY FOUNDATION,,"""SMITH FAMILY LEGACY FOUNDATION"" Sarasota FL scholarship application",Sarasota,Sarasota,205002466,2901990,0,T22,Y,ntee-grantmaker:T22;files-990PF;private-foundation:04;name:foundation,,,,,,,,,
C,60,W PAUL HOENLE FOUNDATION INC,W PAUL HOENLE FOUNDATION INC,,"""W PAUL HOENLE FOUNDATION INC"" Sarasota FL scholarship application",Sarasota,Sarasota,383385672,2896023,0,T20Z,Y,ntee-grantmaker:T20Z;files-990PF;private-foundation:04;name:foundation,,,,,,,,,
C,60,DUKE & LORI VANDER ARK FOUNDATION,DUKE & LORI VANDER ARK FOUNDATION,,"""DUKE & LORI VANDER ARK FOUNDATION"" Englewood FL scholarship application",Englewood,Sarasota,275433447,2876528,0,T20,Y,ntee-grantmaker:T20;files-990PF;private-foundation:04;name:foundation,,,,,,,,,
C,60,LUO PAN FOUNDATION,LUO PAN FOUNDATION,,"""LUO PAN FOUNDATION"" Sarasota FL scholarship application",Sarasota,Sarasota,814701284,2873191,0,T20,Y,ntee-grantmaker:T20;files-990PF;private-foundation:04;name:foundation,,,,,,,,,
C,60,LINVILLE FAM FOUNDATION,LINVILLE FAM FOUNDATION,,"""LINVILLE FAM FOUNDATION"" Venice FL scholarship application",Venice,Sarasota,206386091,2831471,0,T22,Y,ntee-grantmaker:T22;files-990PF;private-foundation:04;name:foundation,,,,,,,,,
C,60,THE HARRY SHAPIRO CHARITABLE FOUNDATION INC,THE HARRY SHAPIRO CHARITABLE FOUNDATION INC,,"""THE HARRY SHAPIRO CHARITABLE FOUNDATION INC"" Sarasota FL scholarship application",Sarasota,Sarasota,306458212,2821906,0,T20,Y,ntee-grantmaker:T20;files-990PF;private-foundation:04;name:foundation,,,,,,,,,
C,60,JOAN ARMOUR MENDELL FOUNDATION INC,JOAN ARMOUR MENDELL FOUNDATION INC,,"""JOAN ARMOUR MENDELL FOUNDATION INC"" Sarasota FL scholarship application",Sarasota,Sarasota,461593016,2813822,0,T20,Y,ntee-grantmaker:T20;files-990PF;private-foundation:04;name:foundation,,,,,,,,,
C,60,METAL INDUSTRIES FOUNDATION INC,METAL INDUSTRIES FOUNDATION INC,,"""METAL INDUSTRIES FOUNDATION INC"" Clearwater FL scholarship application",Clearwater,Pinellas,237098483,2812399,0,T20Z,Y,ntee-grantmaker:T20Z;files-990PF;private-foundation:04;name:foundation,,,,,,,,,
C,60,BIRCH ISLAND FOUNDATION,BIRCH ISLAND FOUNDATION,,"""BIRCH ISLAND FOUNDATION"" Sarasota FL scholarship application",Sarasota,Sarasota,876540286,2811803,0,T22,Y,ntee-grantmaker:T22;files-990PF;private-foundation:04;name:foundation,,,,,,,,,
C,60,LEO AND ANNE ALBERT CHARITABLE TRUST,LEO AND ANNE ALBERT CHARITABLE TRUST,,"""LEO AND ANNE ALBERT CHARITABLE TRUST"" Palm Harbor FL scholarship application",Palm Harbor,Pinellas,656473109,2716199,0,T20,Y,ntee-grantmaker:T20;files-990PF;private-foundation:04;name:foundation,,,,,,,,,
C,60,KOSLOSKE FAMILY FOUNDATION INC,KOSLOSKE FAMILY FOUNDATION INC,,"""KOSLOSKE FAMILY FOUNDATION INC"" Tampa FL scholarship application",Tampa,Hillsborough,854262955,2677431,0,T12,Y,ntee-grantmaker:T12;files-990PF;private-foundation:04;name:foundation,,,,,,,,,
C,60,SHANK FAMILY FOUNDATION,SHANK FAMILY FOUNDATION,,"""SHANK FAMILY FOUNDATION"" Sarasota FL scholarship application",Sarasota,Sarasota,261609483,2670007,0,T21,Y,ntee-grantmaker:T21;files-990PF;private-foundation:04;name:foundation,,,,,,,,,
C,60,ANNETTE J HAGENS MEMORIAL FOUNDATION,ANNETTE J HAGENS MEMORIAL FOUNDATION,,"""ANNETTE J HAGENS MEMORIAL FOUNDATION"" Sarasota FL scholarship application",Sarasota,Sarasota,656248208,2642594,0,T20Z,Y,ntee-grantmaker:T20Z;files-990PF;private-foundation:04;name:foundation,,,,,,,,,
C,60,THE COOPERSMITH FAMILY FOUNDATION,THE COOPERSMITH FAMILY FOUNDATION,,"""THE COOPERSMITH FAMILY FOUNDATION"" St Petersburg FL scholarship application",St Petersburg,Pinellas,356802747,2634379,0,T22,Y,ntee-grantmaker:T22;files-990PF;private-foundation:04;name:foundation,,,,,,,,,
C,60,KINGS GRANT FOUNDATION,KINGS GRANT FOUNDATION,,"""KINGS GRANT FOUNDATION"" Tampa FL scholarship application",Tampa,Hillsborough,050520607,2614781,0,T20,Y,ntee-grantmaker:T20;files-990PF;private-foundation:04;name:foundation,,,,,,,,,
C,60,VELTER CHARITABLE FOUNDATION TRUST,VELTER CHARITABLE FOUNDATION TRUST,,"""VELTER CHARITABLE FOUNDATION TRUST"" Largo FL scholarship application",Largo,Pinellas,453934900,2611813,0,T22,Y,ntee-grantmaker:T22;files-990PF;private-foundation:04;name:foundation,,,,,,,,,
C,60,NAUMAN SALIM FAMILY FOUNDATION,NAUMAN SALIM FAMILY FOUNDATION,,"""NAUMAN SALIM FAMILY FOUNDATION"" Lutz FL scholarship application",Lutz,Hillsborough,856611002,2577871,0,T20,Y,ntee-grantmaker:T20;files-990PF;private-foundation:04;name:foundation,,,,,,,,,
C,60,RICHARD R BAKER CHARITABLE FOUNDATION,RICHARD R BAKER CHARITABLE FOUNDATION,,"""RICHARD R BAKER CHARITABLE FOUNDATION"" St Petersburg FL scholarship application",St Petersburg,Pinellas,616239545,2554876,0,T22Z,Y,ntee-grantmaker:T22Z;files-990PF;private-foundation:04;name:foundation,,,,,,,,,
C,60,KUTYA MAJOR FOUNDATION,KUTYA MAJOR FOUNDATION,,"""KUTYA MAJOR FOUNDATION"" Sarasota FL scholarship application",Sarasota,Sarasota,273978348,2552279,0,T22,Y,ntee-grantmaker:T22;files-990PF;private-foundation:04;name:foundation,,,,,,,,,
C,60,DONNELLY FAMILY FOUNDATION CORP,DONNELLY FAMILY FOUNDATION CORP,,"""DONNELLY FAMILY FOUNDATION CORP"" Sarasota FL scholarship application",Sarasota,Sarasota,832785988,2530597,0,T20,Y,ntee-grantmaker:T20;files-990PF;private-foundation:04;name:foundation,,,,,,,,,
C,60,GORDON FAMILY FOUNDATION,GORDON FAMILY FOUNDATION,,"""GORDON FAMILY FOUNDATION"" Sarasota FL scholarship application",Sarasota,Sarasota,261146556,2518463,0,T20,Y,ntee-grantmaker:T20;files-990PF;private-foundation:04;name:foundation,,,,,,,,,
C,60,THE BRUNJES FAMILY CHARITABLE TRUST,THE BRUNJES FAMILY CHARITABLE TRUST,,"""THE BRUNJES FAMILY CHARITABLE TRUST"" Longboat Key FL scholarship application",Longboat Key,Sarasota,456660955,2441956,0,T22,Y,ntee-grantmaker:T22;files-990PF;private-foundation:04;name:foundation,,,,,,,,,
C,60,SACK FAMILY FOUNDATION,SACK FAMILY FOUNDATION,,"""SACK FAMILY FOUNDATION"" Longboat Key FL scholarship application",Longboat Key,Sarasota,656217967,2396524,0,T22Z,Y,ntee-grantmaker:T22Z;files-990PF;private-foundation:04;name:foundation,,,,,,,,,
C,60,LIGHT THE CANDLE FOUNDATION INC,LIGHT THE CANDLE FOUNDATION INC,,"""LIGHT THE CANDLE FOUNDATION INC"" Tampa FL scholarship application",Tampa,Hillsborough,473476415,2371682,0,T22,Y,ntee-grantmaker:T22;files-990PF;private-foundation:04;name:foundation,,,,,,,,,
C,60,MUNCH BILHEIMER FOUNDATION INC,MUNCH BILHEIMER FOUNDATION INC,,"""MUNCH BILHEIMER FOUNDATION INC"" Clearwater FL scholarship application",Clearwater,Pinellas,223681186,2359048,0,T22,Y,ntee-grantmaker:T22;files-990PF;private-foundation:04;name:foundation,,,,,,,,,
C,60,OLIN FAMILY FOUNDATION INC,OLIN FAMILY FOUNDATION INC,,"""OLIN FAMILY FOUNDATION INC"" Longboat Key FL scholarship application",Longboat Key,Sarasota,113332090,2332847,0,T31J,Y,ntee-grantmaker:T31J;files-990PF;private-foundation:04;name:foundation,,,,,,,,,
C,60,BIDDINGER FAMILY FOUNDATION,BIDDINGER FAMILY FOUNDATION,,"""BIDDINGER FAMILY FOUNDATION"" Safety Harbor FL scholarship application",Safety Harbor,Pinellas,206764756,2315239,0,T20,Y,ntee-grantmaker:T20;files-990PF;private-foundation:04;name:foundation,,,,,,,,,
C,60,HENRY M BUTAEL FAMILY FOUNDATION INC,HENRY M BUTAEL FAMILY FOUNDATION INC,,"""HENRY M BUTAEL FAMILY FOUNDATION INC"" St Petersburg FL scholarship application",St Petersburg,Pinellas,141789042,2294944,0,T20Z,Y,ntee-grantmaker:T20Z;files-990PF;private-foundation:04;name:foundation,,,,,,,,,
C,60,IRVING AND JANE BROWN FOUNDATION DECLARATION OF TR,IRVING AND JANE BROWN FOUNDATION DECLARATION OF TR,,"""IRVING AND JANE BROWN FOUNDATION DECLARATION OF TR"" Tampa FL scholarship application",Tampa,Hillsborough,256867146,2289942,0,T20,Y,ntee-grantmaker:T20;files-990PF;private-foundation:04;name:foundation,,,,,,,,,
C,60,EVALYN SADLIER JONES FOUNDATION INC,EVALYN SADLIER JONES FOUNDATION INC,,"""EVALYN SADLIER JONES FOUNDATION INC"" Sarasota FL scholarship application",Sarasota,Sarasota,923634763,2255874,0,T12,Y,ntee-grantmaker:T12;files-990PF;private-foundation:04;name:foundation,,,,,,,,,
C,60,MARY E TAYLOR CHARITABLE FOUNDATION TRUST,MARY E TAYLOR CHARITABLE FOUNDATION TRUST,,"""MARY E TAYLOR CHARITABLE FOUNDATION TRUST"" St Petersburg FL scholarship application",St Petersburg,Pinellas,264714018,2232668,0,T22,Y,ntee-grantmaker:T22;files-990PF;private-foundation:04;name:foundation,,,,,,,,,
C,60,TILLIE JENNIE AND HAROLD SCHAWARTZ FOUNDATION INC,TILLIE JENNIE AND HAROLD SCHAWARTZ FOUNDATION INC,,"""TILLIE JENNIE AND HAROLD SCHAWARTZ FOUNDATION INC"" Sarasota FL scholarship application",Sarasota,Sarasota,311471764,2190765,0,T22Z,Y,ntee-grantmaker:T22Z;files-990PF;private-foundation:04;name:foundation,,,,,,,,,
C,60,PORTER FAMILY FOUNDATION,PORTER FAMILY FOUNDATION,,"""PORTER FAMILY FOUNDATION"" Longboat Key FL scholarship application",Longboat Key,Sarasota,460499146,2179444,0,T22,Y,ntee-grantmaker:T22;files-990PF;private-foundation:04;name:foundation,,,,,,,,,
C,60,BURRUSS FOUNDATION TR 033100,BURRUSS FOUNDATION TR 033100,,"""BURRUSS FOUNDATION TR 033100"" Sarasota FL scholarship application",Sarasota,Sarasota,656338689,2163006,0,T22,Y,ntee-grantmaker:T22;files-990PF;private-foundation:04;name:foundation,,,,,,,,,
C,60,THE BRINK FOUNDATION,THE BRINK FOUNDATION,,"""THE BRINK FOUNDATION"" Tampa FL scholarship application",Tampa,Hillsborough,266441885,2156539,0,T22,Y,ntee-grantmaker:T22;files-990PF;private-foundation:04;name:foundation,,,,,,,,,
C,60,ROSTAIR FOUNDATION,ROSTAIR FOUNDATION,,"""ROSTAIR FOUNDATION"" St Pete Beach FL scholarship application",St Pete Beach,Pinellas,810870682,2055346,0,T22,Y,ntee-grantmaker:T22;files-990PF;private-foundation:04;name:foundation,,,,,,,,,
C,60,KIMBERLY A FOUNDATION CORP,KIMBERLY A FOUNDATION CORP,,"""KIMBERLY A FOUNDATION CORP"" Longboat Key FL scholarship application",Longboat Key,Sarasota,261392806,2012711,0,T20,Y,ntee-grantmaker:T20;files-990PF;private-foundation:04;name:foundation,,,,,,,,,
C,60,MARIN AND ANA BRITOS FOUNDATION,MARIN AND ANA BRITOS FOUNDATION,,"""MARIN AND ANA BRITOS FOUNDATION"" Wesley Chapel FL scholarship application",Wesley Chapel,Pasco,876763304,2005907,0,T20,Y,ntee-grantmaker:T20;files-990PF;private-foundation:04;name:foundation,,,,,,,,,
C,60,BE IN MCCORMACK FOUNDATION INC,BE IN MCCORMACK FOUNDATION INC,,"""BE IN MCCORMACK FOUNDATION INC"" Bradenton FL scholarship application",Bradenton,Manatee,843901985,2005701,0,T22,Y,ntee-grantmaker:T22;files-990PF;private-foundation:04;name:foundation,,,,,,,,,
C,60,BETY N GILES CHARITABLE FOUNDATION INC,BETY N GILES CHARITABLE FOUNDATION INC,,"""BETY N GILES CHARITABLE FOUNDATION INC"" Sarasota FL scholarship application",Sarasota,Sarasota,651107943,2004267,0,T22,Y,ntee-grantmaker:T22;files-990PF;private-foundation:04;name:foundation,,,,,,,,,
C,60,DOLLRIES FAMILY FOUNDATION,DOLLRIES FAMILY FOUNDATION,,"""DOLLRIES FAMILY FOUNDATION"" Sarasota FL scholarship application",Sarasota,Sarasota,854312421,1998378,0,T20,Y,ntee-grantmaker:T20;files-990PF;private-foundation:04;name:foundation,,,,,,,,,
C,60,THE DEAN FAMILY FOUNDATION,THE DEAN FAMILY FOUNDATION,,"""THE DEAN FAMILY FOUNDATION"" Venice FL scholarship application",Venice,Sarasota,383631938,1986022,0,T22,Y,ntee-grantmaker:T22;files-990PF;private-foundation:04;name:foundation,,,,,,,,,
C,60,JOHN D & LESLIE HENNER BURNS FAM FOUNDATION,JOHN D & LESLIE HENNER BURNS FAM FOUNDATION,,"""JOHN D & LESLIE HENNER BURNS FAM FOUNDATION"" Osprey FL scholarship application",Osprey,Sarasota,364482898,1964467,0,T22,Y,ntee-grantmaker:T22;files-990PF;private-foundation:04;name:foundation,,,,,,,,,
C,60,FRANK J AND LENORA DUPUIS FOUNDATION INC,FRANK J AND LENORA DUPUIS FOUNDATION INC,,"""FRANK J AND LENORA DUPUIS FOUNDATION INC"" Sarasota FL scholarship application",Sarasota,Sarasota,453568792,1950585,0,T20,Y,ntee-grantmaker:T20;files-990PF;private-foundation:04;name:foundation,,,,,,,,,
C,60,GARY L BLACKWELL CHARITABLE FOUNDATION INC,GARY L BLACKWELL CHARITABLE FOUNDATION INC,,"""GARY L BLACKWELL CHARITABLE FOUNDATION INC"" New Port Richey FL scholarship application",New Port Richey,Pasco,611727529,1898200,0,T20,Y,ntee-grantmaker:T20;files-990PF;private-foundation:04;name:foundation,,,,,,,,,
C,60,WHITCRAFT FAMILY CHARITABLE TRUST,WHITCRAFT FAMILY CHARITABLE TRUST,,"""WHITCRAFT FAMILY CHARITABLE TRUST"" Sarasota FL scholarship application",Sarasota,Sarasota,831932833,1879062,0,T22,Y,ntee-grantmaker:T22;files-990PF;private-foundation:04;name:foundation,,,,,,,,,
C,60,VERNON G & SANDRA J C BUCHANAN FAMILY FOUNDATION INC,VERNON G & SANDRA J C BUCHANAN FAMILY FOUNDATION INC,,"""VERNON G & SANDRA J C BUCHANAN FAMILY FOUNDATION INC"" Sarasota FL scholarship application",Sarasota,Sarasota,203963153,1867806,0,T20,Y,ntee-grantmaker:T20;files-990PF;private-foundation:04;name:foundation,,,,,,,,,
C,60,BERNATCHEZ FAMILY FOUNDATION TR UA 12132006,BERNATCHEZ FAMILY FOUNDATION TR UA 12132006,,"""BERNATCHEZ FAMILY FOUNDATION TR UA 12132006"" Sarasota FL scholarship application",Sarasota,Sarasota,306201571,1845388,0,T22,Y,ntee-grantmaker:T22;files-990PF;private-foundation:04;name:foundation,,,,,,,,,
C,60,LEE FAMILY FOUNDATION TR,LEE FAMILY FOUNDATION TR,,"""LEE FAMILY FOUNDATION TR"" Sarasota FL scholarship application",Sarasota,Sarasota,046919219,1818498,0,T20,Y,ntee-grantmaker:T20;files-990PF;private-foundation:04;name:foundation,,,,,,,,,
C,60,THE EL SHAHAWY FAMILY FOUNDATION INC,THE EL SHAHAWY FAMILY FOUNDATION INC,,"""THE EL SHAHAWY FAMILY FOUNDATION INC"" Sarasota FL scholarship application",Sarasota,Sarasota,208120780,1750097,0,T22,Y,ntee-grantmaker:T22;files-990PF;private-foundation:04;name:foundation,,,,,,,,,
C,60,MOSAIC COMPANY FOUNDATION,MOSAIC COMPANY FOUNDATION,,"""MOSAIC COMPANY FOUNDATION"" Tampa FL scholarship application",Tampa,Hillsborough,270304734,1743275,0,T21,Y,ntee-grantmaker:T21;files-990PF;private-foundation:04;name:foundation,,,,,,,,,
C,60,FIRST HOUSING FOUNDATION INC,FIRST HOUSING FOUNDATION INC,,"""FIRST HOUSING FOUNDATION INC"" Tampa FL scholarship application",Tampa,Hillsborough,593690741,1740578,0,T21,Y,ntee-grantmaker:T21;files-990PF;private-foundation:04;name:foundation,,,,,,,,,
C,60,SHILEN & PARITA PATEL FAMILY FOUNDATION INC,SHILEN & PARITA PATEL FAMILY FOUNDATION INC,,"""SHILEN & PARITA PATEL FAMILY FOUNDATION INC"" Tampa FL scholarship application",Tampa,Hillsborough,874132759,1738243,0,T20,Y,ntee-grantmaker:T20;files-990PF;private-foundation:04;name:foundation,,,,,,,,,
C,60,SEVEN KIDS FOUNDATION INC,SEVEN KIDS FOUNDATION INC,,"""SEVEN KIDS FOUNDATION INC"" St Petersburg FL scholarship application",St Petersburg,Pinellas,461614855,1721595,0,T20,Y,ntee-grantmaker:T20;files-990PF;private-foundation:04;name:foundation,,,,,,,,,
C,60,CRAWFORD KER FOUNDATION TRUST,CRAWFORD KER FOUNDATION TRUST,,"""CRAWFORD KER FOUNDATION TRUST"" Clearwater FL scholarship application",Clearwater,Pinellas,874090869,1709733,0,T23,Y,ntee-grantmaker:T23;files-990PF;private-foundation:03;name:foundation,,,,,,,,,
C,60,DOR FAMILY FOUNDATION,DOR FAMILY FOUNDATION,,"""DOR FAMILY FOUNDATION"" Sarasota FL scholarship application",Sarasota,Sarasota,830345103,1692924,0,T22,Y,ntee-grantmaker:T22;files-990PF;private-foundation:04;name:foundation,,,,,,,,,
C,60,CATHERINE AND FRANCIS BURZIK FOUNDATION,CATHERINE AND FRANCIS BURZIK FOUNDATION,,"""CATHERINE AND FRANCIS BURZIK FOUNDATION"" Sarasota FL scholarship application",Sarasota,Sarasota,453975185,1663869,0,T22,Y,ntee-grantmaker:T22;files-990PF;private-foundation:04;name:foundation,,,,,,,,,
C,60,JOE & MICHELLE VERBRUGGE FAMILY FOUNDATION,JOE & MICHELLE VERBRUGGE FAMILY FOUNDATION,,"""JOE & MICHELLE VERBRUGGE FAMILY FOUNDATION"" Holmes Beach FL scholarship application",Holmes Beach,Manatee,854226710,1662725,0,T20,Y,ntee-grantmaker:T20;files-990PF;private-foundation:04;name:foundation,,,,,,,,,
C,60,SAVE YOUR WORLD FOUNDATION INC,SAVE YOUR WORLD FOUNDATION INC,,"""SAVE YOUR WORLD FOUNDATION INC"" Tampa FL scholarship application",Tampa,Hillsborough,832384684,1645067,0,T22,Y,ntee-grantmaker:T22;files-990PF;private-foundation:04;name:foundation,,,,,,,,,
C,60,CAROL BEST FOUNDATION INC,CAROL BEST FOUNDATION INC,,"""CAROL BEST FOUNDATION INC"" Tampa FL scholarship application",Tampa,Hillsborough,884304442,1644059,0,T20,Y,ntee-grantmaker:T20;files-990PF;private-foundation:04;name:foundation,,,,,,,,,
C,60,WINFIELD C COOK & ISABELLE K COOK CHARITABLE FOUNDATION INC,WINFIELD C COOK & ISABELLE K COOK CHARITABLE FOUNDATION INC,,"""WINFIELD C COOK & ISABELLE K COOK CHARITABLE FOUNDATION INC"" Sarasota FL scholarship application",Sarasota,Sarasota,542107496,1641729,0,T20,Y,ntee-grantmaker:T20;files-990PF;private-foundation:04;name:foundation,,,,,,,,,
C,60,W J & LELA BUDWINE FOUNDATION INC,W J & LELA BUDWINE FOUNDATION INC,,"""W J & LELA BUDWINE FOUNDATION INC"" Bradenton FL scholarship application",Bradenton,Manatee,760520860,1641416,0,T30Z,Y,ntee-grantmaker:T30Z;files-990PF;private-foundation:04;name:foundation,,,,,,,,,
C,60,WILLIAMS FAMILY FOUNDATION INC,WILLIAMS FAMILY FOUNDATION INC,,"""WILLIAMS FAMILY FOUNDATION INC"" Wesley Chapel FL scholarship application",Wesley Chapel,Pasco,364682469,1601827,0,T22,Y,ntee-grantmaker:T22;files-990PF;private-foundation:04;name:foundation,,,,,,,,,
C,60,BRAVEHER FOUNDATION INC,BRAVEHER FOUNDATION INC,,"""BRAVEHER FOUNDATION INC"" Longboat Key FL scholarship application",Longboat Key,Sarasota,874086349,1598582,0,T22,Y,ntee-grantmaker:T22;files-990PF;private-foundation:04;name:foundation,,,,,,,,,
C,60,SAUL AND LEE RACHELSON FAMILY FOUNDATION,SAUL AND LEE RACHELSON FAMILY FOUNDATION,,"""SAUL AND LEE RACHELSON FAMILY FOUNDATION"" Tampa FL scholarship application",Tampa,Hillsborough,831868052,1593055,0,T99,Y,ntee-grantmaker:T99;files-990PF;private-foundation:04;name:foundation,,,,,,,,,
C,60,FRIEND OF THE FATHERLESS FOUNDATION,FRIEND OF THE FATHERLESS FOUNDATION,,"""FRIEND OF THE FATHERLESS FOUNDATION"" Sarasota FL scholarship application",Sarasota,Sarasota,276888664,1575314,0,T20,Y,ntee-grantmaker:T20;files-990PF;private-foundation:04;name:foundation,,,,,,,,,
C,60,HCI GROUP FOUNDATION INC,HCI GROUP FOUNDATION INC,,"""HCI GROUP FOUNDATION INC"" Tampa FL scholarship application",Tampa,Hillsborough,464371185,1551372,0,T20,Y,ntee-grantmaker:T20;files-990PF;private-foundation:04;name:foundation,,,,,,,,,
C,60,THE OBRIEN FAMILY FOUNDATION INC,THE OBRIEN FAMILY FOUNDATION INC,,"""THE OBRIEN FAMILY FOUNDATION INC"" St Petersburg FL scholarship application",St Petersburg,Pinellas,880480087,1536697,0,T20,Y,ntee-grantmaker:T20;files-990PF;private-foundation:04;name:foundation,,,,,,,,,
C,60,BOB & GINGER CANNON BAILEY FOUNDATION INC,BOB & GINGER CANNON BAILEY FOUNDATION INC,,"""BOB & GINGER CANNON BAILEY FOUNDATION INC"" Sarasota FL scholarship application",Sarasota,Sarasota,141765972,1495700,0,T20Z,Y,ntee-grantmaker:T20Z;files-990PF;private-foundation:04;name:foundation,,,,,,,,,
C,60,MOREAN FAMILY FOUNDATION INC,MOREAN FAMILY FOUNDATION INC,,"""MOREAN FAMILY FOUNDATION INC"" St Pete Beach FL scholarship application",St Pete Beach,Pinellas,593712705,1488606,0,T22,Y,ntee-grantmaker:T22;files-990PF;private-foundation:04;name:foundation,,,,,,,,,
C,60,JOHN GALANTI FOUNDATION INC,JOHN GALANTI FOUNDATION INC,,"""JOHN GALANTI FOUNDATION INC"" Holmes Beach FL scholarship application",Holmes Beach,Manatee,811790335,1461135,0,T20,Y,ntee-grantmaker:T20;files-990PF;private-foundation:04;name:foundation,,,,,,,,,
C,60,DAVIS-MCCULLOUGH FOUNDATION INC,DAVIS-MCCULLOUGH FOUNDATION INC,,"""DAVIS-MCCULLOUGH FOUNDATION INC"" Osprey FL scholarship application",Osprey,Sarasota,205589596,1452601,0,T20,Y,ntee-grantmaker:T20;files-990PF;private-foundation:04;name:foundation,,,,,,,,,
C,60,WASSERMAN FOUNDATION,WASSERMAN FOUNDATION,,"""WASSERMAN FOUNDATION"" Sarasota FL scholarship application",Sarasota,Sarasota,010722408,1427084,0,T30,Y,ntee-grantmaker:T30;files-990PF;private-foundation:04;name:foundation,,,,,,,,,
C,60,EVERETT W ERDOESY AND GRETHA M ERDOESY FOUNDATION,EVERETT W ERDOESY AND GRETHA M ERDOESY FOUNDATION,,"""EVERETT W ERDOESY AND GRETHA M ERDOESY FOUNDATION"" Sarasota FL scholarship application",Sarasota,Sarasota,822300696,1424147,0,T20,Y,ntee-grantmaker:T20;files-990PF;private-foundation:04;name:foundation,,,,,,,,,
C,60,VALI FOUNDATION,VALI FOUNDATION,,"""VALI FOUNDATION"" Pinellas Park FL scholarship application",Pinellas Park,Pinellas,836276916,1411580,0,T20,Y,ntee-grantmaker:T20;files-990PF;private-foundation:04;name:foundation,,,,,,,,,
C,60,CATALINA MARKETING CHARITABLE FOUNDATION,CATALINA MARKETING CHARITABLE FOUNDATION,,"""CATALINA MARKETING CHARITABLE FOUNDATION"" St Petersburg FL scholarship application",St Petersburg,Pinellas,330489905,1410995,0,T20,Y,ntee-grantmaker:T20;files-990PF;private-foundation:04;name:foundation,,,,,,,,,
C,60,ST XENIA FOUNDATION,ST XENIA FOUNDATION,,"""ST XENIA FOUNDATION"" Odessa FL scholarship application",Odessa,Hillsborough,870920490,1374611,0,T22,Y,ntee-grantmaker:T22;files-990PF;private-foundation:04;name:foundation,,,,,,,,,
C,60,LANCASTER WOODRUFF FOUNDATION,LANCASTER WOODRUFF FOUNDATION,,"""LANCASTER WOODRUFF FOUNDATION"" Sarasota FL scholarship application",Sarasota,Sarasota,922412335,1363136,0,T20,Y,ntee-grantmaker:T20;files-990PF;private-foundation:04;name:foundation,,,,,,,,,
C,60,KING LOGIE FOUNDATION INC,KING LOGIE FOUNDATION INC,,"""KING LOGIE FOUNDATION INC"" North Port FL scholarship application",North Port,Sarasota,263537164,1357001,0,T22,Y,ntee-grantmaker:T22;files-990PF;private-foundation:04;name:foundation,,,,,,,,,
C,60,JOHNSON-POLIOS FOUNDATION,JOHNSON-POLIOS FOUNDATION,,"""JOHNSON-POLIOS FOUNDATION"" Sarasota FL scholarship application",Sarasota,Sarasota,464388864,1328920,0,T20,Y,ntee-grantmaker:T20;files-990PF;private-foundation:04;name:foundation,,,,,,,,,
C,60,AMIN & RUBINA CHIKHALIA FOUNDATION,AMIN & RUBINA CHIKHALIA FOUNDATION,,"""AMIN & RUBINA CHIKHALIA FOUNDATION"" Temple Terrace FL scholarship application",Temple Terrace,Hillsborough,836310899,1328822,0,T20,Y,ntee-grantmaker:T20;files-990PF;private-foundation:04;name:foundation,,,,,,,,,
C,60,EDNA M AND AARON E GINGERICH FOUNDATION INCORPORATED,EDNA M AND AARON E GINGERICH FOUNDATION INCORPORATED,,"""EDNA M AND AARON E GINGERICH FOUNDATION INCORPORATED"" Sarasota FL scholarship application",Sarasota,Sarasota,843547682,1326930,0,T12,Y,ntee-grantmaker:T12;files-990PF;private-foundation:03;name:foundation,,,,,,,,,
C,60,JOHN AND ILENE KENNEDY FOUNDATION,JOHN AND ILENE KENNEDY FOUNDATION,,"""JOHN AND ILENE KENNEDY FOUNDATION"" St Petersburg FL scholarship application",St Petersburg,Pinellas,752642065,1319469,0,T22Z,Y,ntee-grantmaker:T22Z;files-990PF;private-foundation:04;name:foundation,,,,,,,,,
C,60,ULLMANN FAMILY FOUNDATION INC,ULLMANN FAMILY FOUNDATION INC,,"""ULLMANN FAMILY FOUNDATION INC"" Longboat Key FL scholarship application",Longboat Key,Sarasota,311623869,1306716,0,T22,Y,ntee-grantmaker:T22;files-990PF;private-foundation:04;name:foundation,,,,,,,,,
C,60,JAMES E DAVIS AND SUSAN FROST DAVIS FOUNDATION,JAMES E DAVIS AND SUSAN FROST DAVIS FOUNDATION,,"""JAMES E DAVIS AND SUSAN FROST DAVIS FOUNDATION"" Sarasota FL scholarship application",Sarasota,Sarasota,816700239,1293681,0,T20,Y,ntee-grantmaker:T20;files-990PF;private-foundation:04;name:foundation,,,,,,,,,
C,60,FRED B SIEBER FOUNDATION,FRED B SIEBER FOUNDATION,,"""FRED B SIEBER FOUNDATION"" Tampa FL scholarship application",Tampa,Hillsborough,593281642,1282438,0,T22Z,Y,ntee-grantmaker:T22Z;files-990PF;private-foundation:04;name:foundation,,,,,,,,,
C,60,AUROVEDA OPERATING FOUNDATION CHARITABLE TR,AUROVEDA OPERATING FOUNDATION CHARITABLE TR,,"""AUROVEDA OPERATING FOUNDATION CHARITABLE TR"" Spring Hill FL scholarship application",Spring Hill,Pasco,416570474,1277707,0,T23,Y,ntee-grantmaker:T23;files-990PF;private-foundation:03;name:foundation,,,,,,,,,
C,60,URBAN AND SHELLEY MEYER FAMILY FOUNDATION INC,URBAN AND SHELLEY MEYER FAMILY FOUNDATION INC,,"""URBAN AND SHELLEY MEYER FAMILY FOUNDATION INC"" Sarasota FL scholarship application",Sarasota,Sarasota,263732658,1270597,0,T22,Y,ntee-grantmaker:T22;files-990PF;private-foundation:04;name:foundation,,,,,,,,,
C,60,JACK FAMILY FOUNDATION,JACK FAMILY FOUNDATION,,"""JACK FAMILY FOUNDATION"" Clearwater FL scholarship application",Clearwater,Pinellas,921551855,1239329,0,T22,Y,ntee-grantmaker:T22;files-990PF;private-foundation:04;name:foundation,,,,,,,,,
C,60,RON MORRIS FAMILY FOUNDATION,RON MORRIS FAMILY FOUNDATION,,"""RON MORRIS FAMILY FOUNDATION"" Sarasota FL scholarship application",Sarasota,Sarasota,223693581,1217395,0,T20,Y,ntee-grantmaker:T20;files-990PF;private-foundation:04;name:foundation,,,,,,,,,
C,60,DILLMAN FAMILY FOR THE LEAST OF THESE FOUNDATION,DILLMAN FAMILY FOR THE LEAST OF THESE FOUNDATION,,"""DILLMAN FAMILY FOR THE LEAST OF THESE FOUNDATION"" Nokomis FL scholarship application",Nokomis,Sarasota,814491626,1206841,0,T22,Y,ntee-grantmaker:T22;files-990PF;private-foundation:04;name:foundation,,,,,,,,,
C,60,BORRELL FAMILY FOUNDATION INC,BORRELL FAMILY FOUNDATION INC,,"""BORRELL FAMILY FOUNDATION INC"" Tampa FL scholarship application",Tampa,Hillsborough,593489233,1140910,0,T20,Y,ntee-grantmaker:T20;files-990PF;private-foundation:04;name:foundation,,,,,,,,,
C,60,TODD S FARHA FOUNDATION TR 07172008,TODD S FARHA FOUNDATION TR 07172008,,"""TODD S FARHA FOUNDATION TR 07172008"" Tampa FL scholarship application",Tampa,Hillsborough,266557620,1116817,0,T22,Y,ntee-grantmaker:T22;files-990PF;private-foundation:04;name:foundation,,,,,,,,,
C,60,FORSTROM FAMILY FOUNDATION,FORSTROM FAMILY FOUNDATION,,"""FORSTROM FAMILY FOUNDATION"" Sarasota FL scholarship application",Sarasota,Sarasota,352191686,1114114,0,T20,Y,ntee-grantmaker:T20;files-990PF;private-foundation:04;name:foundation,,,,,,,,,
C,60,TRUEMAN PATRICK WIGIM CHARITABLE TRUST,TRUEMAN PATRICK WIGIM CHARITABLE TRUST,,"""TRUEMAN PATRICK WIGIM CHARITABLE TRUST"" Tampa FL scholarship application",Tampa,Hillsborough,611744455,1113032,0,T20,Y,ntee-grantmaker:T20;files-990PF;private-foundation:04;name:foundation,,,,,,,,,
C,60,GERARD AND CAROLYN MARTIN FOUNDATION INC,GERARD AND CAROLYN MARTIN FOUNDATION INC,,"""GERARD AND CAROLYN MARTIN FOUNDATION INC"" Odessa FL scholarship application",Odessa,Hillsborough,861232605,1110657,0,T22,Y,ntee-grantmaker:T22;files-990PF;private-foundation:04;name:foundation,,,,,,,,,
C,60,LACEY FAMILY FOUNDATION INC,LACEY FAMILY FOUNDATION INC,,"""LACEY FAMILY FOUNDATION INC"" Palm Harbor FL scholarship application",Palm Harbor,Pinellas,593352392,1089362,0,T22Z,Y,ntee-grantmaker:T22Z;files-990PF;private-foundation:04;name:foundation,,,,,,,,,
C,60,DEVITT-RISSE FAMILY FOUNDATION,DEVITT-RISSE FAMILY FOUNDATION,,"""DEVITT-RISSE FAMILY FOUNDATION"" Nokomis FL scholarship application",Nokomis,Sarasota,854143289,1088842,0,T22,Y,ntee-grantmaker:T22;files-990PF;private-foundation:04;name:foundation,,,,,,,,,
C,60,KOCH FAMILY LEGACY FOUNDATION,KOCH FAMILY LEGACY FOUNDATION,,"""KOCH FAMILY LEGACY FOUNDATION"" Bradenton FL scholarship application",Bradenton,Manatee,471890842,1080004,0,T22,Y,ntee-grantmaker:T22;files-990PF;private-foundation:04;name:foundation,,,,,,,,,
C,60,TODD & KAREN WANEK FAMILY FOUNDATION LTD,TODD & KAREN WANEK FAMILY FOUNDATION LTD,,"""TODD & KAREN WANEK FAMILY FOUNDATION LTD"" Tampa FL scholarship application",Tampa,Hillsborough,273309697,1076516,0,T22,Y,ntee-grantmaker:T22;files-990PF;private-foundation:04;name:foundation,,,,,,,,,
C,60,MARY MOOTY KILEEN AND TOM KILEEN FAMILY FOUNDATION,MARY MOOTY KILEEN AND TOM KILEEN FAMILY FOUNDATION,,"""MARY MOOTY KILEEN AND TOM KILEEN FAMILY FOUNDATION"" Longboat Key FL scholarship application",Longboat Key,Sarasota,856810922,1074150,0,T20,Y,ntee-grantmaker:T20;files-990PF;private-foundation:04;name:foundation,,,,,,,,,
C,60,STUART FOUNDATION INC,STUART FOUNDATION INC,,"""STUART FOUNDATION INC"" Brandon FL scholarship application",Brandon,Hillsborough,203218089,1067426,0,T22,Y,ntee-grantmaker:T22;files-990PF;private-foundation:04;name:foundation,,,,,,,,,
C,60,FINANCIAL EMPOWERMENT FOUNDATION INC,FINANCIAL EMPOWERMENT FOUNDATION INC,,"""FINANCIAL EMPOWERMENT FOUNDATION INC"" Pinellas Park FL scholarship application",Pinellas Park,Pinellas,852903367,1055415,0,T23,Y,ntee-grantmaker:T23;files-990PF;private-foundation:03;name:foundation,,,,,,,,,
C,60,GUSTAVE A & GERALDINE WERNER FOUNDATION,GUSTAVE A & GERALDINE WERNER FOUNDATION,,"""GUSTAVE A & GERALDINE WERNER FOUNDATION"" Tampa FL scholarship application",Tampa,Hillsborough,161491845,1054244,0,T22Z,Y,ntee-grantmaker:T22Z;files-990PF;private-foundation:04;name:foundation,,,,,,,,,
C,60,DOUG & SALLY BAILEY FOUNDATION TR,DOUG & SALLY BAILEY FOUNDATION TR,,"""DOUG & SALLY BAILEY FOUNDATION TR"" Clearwater FL scholarship application",Clearwater,Pinellas,826805949,1047001,0,T23,Y,ntee-grantmaker:T23;files-990PF;private-foundation:03;name:foundation,,,,,,,,,
C,60,BURCHENAL FAMILY FOUNDATION INC,BURCHENAL FAMILY FOUNDATION INC,,"""BURCHENAL FAMILY FOUNDATION INC"" Belleair FL scholarship application",Belleair,Pinellas,593421835,1035109,0,T22Z,Y,ntee-grantmaker:T22Z;files-990PF;private-foundation:04;name:foundation,,,,,,,,,
C,60,MILMAN-KOVER FAMILY CHARITABLE FOUNDATION TRUST,MILMAN-KOVER FAMILY CHARITABLE FOUNDATION TRUST,,"""MILMAN-KOVER FAMILY CHARITABLE FOUNDATION TRUST"" Sarasota FL scholarship application",Sarasota,Sarasota,273980980,1028122,0,T22,Y,ntee-grantmaker:T22;files-990PF;private-foundation:04;name:foundation,,,,,,,,,
C,60,SUTTON FAMILY FOUNDATION,SUTTON FAMILY FOUNDATION,,"""SUTTON FAMILY FOUNDATION"" Venice FL scholarship application",Venice,Sarasota,274256502,1020505,0,T22,Y,ntee-grantmaker:T22;files-990PF;private-foundation:04;name:foundation,,,,,,,,,
C,60,SWANSON FAMILY FOUNDATION,SWANSON FAMILY FOUNDATION,,"""SWANSON FAMILY FOUNDATION"" Sarasota FL scholarship application",Sarasota,Sarasota,846870367,1018842,0,T20,Y,ntee-grantmaker:T20;files-990PF;private-foundation:04;name:foundation,,,,,,,,,
C,60,JIM AND JANE MCELYA CHARITABLE FOUNDATION 11152011,JIM AND JANE MCELYA CHARITABLE FOUNDATION 11152011,,"""JIM AND JANE MCELYA CHARITABLE FOUNDATION 11152011"" Apollo Beach FL scholarship application",Apollo Beach,Hillsborough,456598085,1008610,0,T20,Y,ntee-grantmaker:T20;files-990PF;private-foundation:04;name:foundation,,,,,,,,,
C,50,AD IMPACT,AD IMPACT,,"""AD IMPACT"" Sarasota FL scholarship application",Sarasota,Sarasota,814562993,108545267,0,T20,Y,ntee-grantmaker:T20;files-990PF;private-foundation:04,,,,,,,,,
C,50,LOUIS AND GLORIA FLANZER PHILANTRHOPIC TR,LOUIS AND GLORIA FLANZER PHILANTRHOPIC TR,,"""LOUIS AND GLORIA FLANZER PHILANTRHOPIC TR"" Sarasota FL scholarship application",Sarasota,Sarasota,146285967,93895705,0,T20,Y,ntee-grantmaker:T20;files-990PF;private-foundation:04,,,,,,,,,
C,50,DRS KIRAN & PALLAVI PATEL FAMILYFOUNDATION INC,DRS KIRAN & PALLAVI PATEL FAMILYFOUNDATION INC,,"""DRS KIRAN & PALLAVI PATEL FAMILYFOUNDATION INC"" Tampa FL scholarship application",Tampa,Hillsborough,203916634,46721733,0,T22,Y,ntee-grantmaker:T22;files-990PF;private-foundation:04,,,,,,,,,
C,50,WILLIAM B SNYDER CHARITABLE TR,WILLIAM B SNYDER CHARITABLE TR,,"""WILLIAM B SNYDER CHARITABLE TR"" Clearwater FL scholarship application",Clearwater,Pinellas,876776928,24370805,0,T22,Y,ntee-grantmaker:T22;files-990PF;private-foundation:04,,,,,,,,,
C,50,PARAM HANSA PHILANTHROPIES INC,PARAM HANSA PHILANTHROPIES INC,,"""PARAM HANSA PHILANTHROPIES INC"" Seffner FL scholarship application",Seffner,Hillsborough,863512755,15611742,0,T20,Y,ntee-grantmaker:T20;files-990PF;private-foundation:04,,,,,,,,,
C,50,LIFES REQUITE INC,LIFES REQUITE INC,,"""LIFES REQUITE INC"" St Petersburg FL scholarship application",St Petersburg,Pinellas,593446719,9305236,0,T22Z,Y,ntee-grantmaker:T22Z;files-990PF;private-foundation:04,,,,,,,,,
C,50,RICHARD J ROSS RVOC TR,RICHARD J ROSS RVOC TR,,"""RICHARD J ROSS RVOC TR"" St Petersburg FL scholarship application",St Petersburg,Pinellas,527316670,8229050,0,T22,Y,ntee-grantmaker:T22;files-990PF;private-foundation:04,,,,,,,,,
C,50,CARY JAY MORRISON TR DATED DECEMBER 8 2008 AS AMENDED,CARY JAY MORRISON TR DATED DECEMBER 8 2008 AS AMENDED,,"""CARY JAY MORRISON TR DATED DECEMBER 8 2008 AS AMENDED"" Sarasota FL scholarship application",Sarasota,Sarasota,456968359,7287837,0,T20,Y,ntee-grantmaker:T20;files-990PF;private-foundation:04,,,,,,,,,
C,50,FRANCES MASSER MD CHARITABLE TR,FRANCES MASSER MD CHARITABLE TR,,"""FRANCES MASSER MD CHARITABLE TR"" Clearwater FL scholarship application",Clearwater,Pinellas,276548145,7222527,0,T20,Y,ntee-grantmaker:T20;files-990PF;private-foundation:04,,,,,,,,,
C,50,ANN MACCARTHY PARKE CHARITABLE TR,ANN MACCARTHY PARKE CHARITABLE TR,,"""ANN MACCARTHY PARKE CHARITABLE TR"" St Petersburg FL scholarship application",St Petersburg,Pinellas,306661068,7127525,0,T20,Y,ntee-grantmaker:T20;files-990PF;private-foundation:04,,,,,,,,,
C,50,VIRGIL AND RUBY MUNSELL CHARIT TR,VIRGIL AND RUBY MUNSELL CHARIT TR,,"""VIRGIL AND RUBY MUNSELL CHARIT TR"" St Petersburg FL scholarship application",St Petersburg,Pinellas,306668425,6301081,0,T20,Y,ntee-grantmaker:T20;files-990PF;private-foundation:04,,,,,,,,,
C,50,JERRY L AND FAY E BAINBRIDGE FAMILYFOUNDATION INC,JERRY L AND FAY E BAINBRIDGE FAMILYFOUNDATION INC,,"""JERRY L AND FAY E BAINBRIDGE FAMILYFOUNDATION INC"" Sarasota FL scholarship application",Sarasota,Sarasota,208059666,5578102,0,T20,Y,ntee-grantmaker:T20;files-990PF;private-foundation:04,,,,,,,,,
C,50,MISDEE WRIGLEY AND JAMES MATHER MILLER,MISDEE WRIGLEY AND JAMES MATHER MILLER,,"""MISDEE WRIGLEY AND JAMES MATHER MILLER"" Sarasota FL scholarship application",Sarasota,Sarasota,201456820,4553923,0,T22,Y,ntee-grantmaker:T22;files-990PF;private-foundation:04,,,,,,,,,
C,50,SCOTT WM CHARITABLE TUW FBO CROSSNORE AND CHA,SCOTT WM CHARITABLE TUW FBO CROSSNORE AND CHA,,"""SCOTT WM CHARITABLE TUW FBO CROSSNORE AND CHA"" St Petersburg FL scholarship application",St Petersburg,Pinellas,926267720,4256850,0,T20,Y,ntee-grantmaker:T20;files-990PF;private-foundation:04,,,,,,,,,
C,50,ELIZABETH BROOMFIELD FDN TRUST,ELIZABETH BROOMFIELD FDN TRUST,,"""ELIZABETH BROOMFIELD FDN TRUST"" St Petersburg FL scholarship application",St Petersburg,Pinellas,066514101,4224477,0,T22,Y,ntee-grantmaker:T22;files-990PF;private-foundation:04,,,,,,,,,
C,50,BROKEN WHEEL MINISTRIES,BROKEN WHEEL MINISTRIES,,"""BROKEN WHEEL MINISTRIES"" Englewood FL scholarship application",Englewood,Sarasota,271564922,4001227,0,T20,Y,ntee-grantmaker:T20;files-990PF;private-foundation:03,,,,,,,,,
C,50,GETZEN FAMILY CHARITIES INC,GETZEN FAMILY CHARITIES INC,,"""GETZEN FAMILY CHARITIES INC"" Sarasota FL scholarship application",Sarasota,Sarasota,820540623,3770116,0,T22,Y,ntee-grantmaker:T22;files-990PF;private-foundation:04,,,,,,,,,
C,50,TOM AND KATHY SHANNON FAMILYFOUNDATION INC,TOM AND KATHY SHANNON FAMILYFOUNDATION INC,,"""TOM AND KATHY SHANNON FAMILYFOUNDATION INC"" Lutz FL scholarship application",Lutz,Hillsborough,208070461,3071834,0,T22,Y,ntee-grantmaker:T22;files-990PF;private-foundation:04,,,,,,,,,
C,50,GEORGE W AND RUTH FREJD CHAR TR,GEORGE W AND RUTH FREJD CHAR TR,,"""GEORGE W AND RUTH FREJD CHAR TR"" St Petersburg FL scholarship application",St Petersburg,Pinellas,276597194,2719018,0,T20,Y,ntee-grantmaker:T20;files-990PF;private-foundation:04,,,,,,,,,
C,50,LOUISE P TOOLE CHARITABLE TR,LOUISE P TOOLE CHARITABLE TR,,"""LOUISE P TOOLE CHARITABLE TR"" St Petersburg FL scholarship application",St Petersburg,Pinellas,456165156,2687300,0,T22,Y,ntee-grantmaker:T22;files-990PF;private-foundation:04,,,,,,,,,
C,50,H GLADSTONE AND BETTY PRITCHARD MCKEON CHARITABLE TR UA 01012011,H GLADSTONE AND BETTY PRITCHARD MCKEON CHARITABLE TR UA 01012011,,"""H GLADSTONE AND BETTY PRITCHARD MCKEON CHARITABLE TR UA 01012011"" Sarasota FL scholarship application",Sarasota,Sarasota,306271110,1979277,0,T12,Y,ntee-grantmaker:T12;files-990PF;private-foundation:04,,,,,,,,,
C,50,CAROLE C & CHARLES A KEHRER CHARITABLE TR,CAROLE C & CHARLES A KEHRER CHARITABLE TR,,"""CAROLE C & CHARLES A KEHRER CHARITABLE TR"" St Petersburg FL scholarship application",St Petersburg,Pinellas,276699145,1951468,0,T20,Y,ntee-grantmaker:T20;files-990PF;private-foundation:04,,,,,,,,,
C,50,RUTH FREJD CHAR TR 03262008,RUTH FREJD CHAR TR 03262008,,"""RUTH FREJD CHAR TR 03262008"" St Petersburg FL scholarship application",St Petersburg,Pinellas,266764655,1906487,0,T20,Y,ntee-grantmaker:T20;files-990PF;private-foundation:04,,,,,,,,,
C,50,TRUST UNDER WILL OF MARYSE TRAPNELL,TRUST UNDER WILL OF MARYSE TRAPNELL,,"""TRUST UNDER WILL OF MARYSE TRAPNELL"" St Petersburg FL scholarship application",St Petersburg,Pinellas,306645518,1829994,0,T20,Y,ntee-grantmaker:T20;files-990PF;private-foundation:04,,,,,,,,,
C,50,ABOUT THE FUTURE,ABOUT THE FUTURE,,"""ABOUT THE FUTURE"" Tampa FL scholarship application",Tampa,Hillsborough,872291221,1756305,0,T12,Y,ntee-grantmaker:T12;files-990PF;private-foundation:04,,,,,,,,,
C,50,HOUCK SUPPLEMENTAL TR 08111997 1033324300,HOUCK SUPPLEMENTAL TR 08111997 1033324300,,"""HOUCK SUPPLEMENTAL TR 08111997 1033324300"" St Petersburg FL scholarship application",St Petersburg,Pinellas,306611851,1621742,0,T22,Y,ntee-grantmaker:T22;files-990PF;private-foundation:04,,,,,,,,,
C,50,ESTELL ALEXANDER CHARITABLE TR,ESTELL ALEXANDER CHARITABLE TR,,"""ESTELL ALEXANDER CHARITABLE TR"" Tampa FL scholarship application",Tampa,Hillsborough,597172298,1345024,0,T20,Y,ntee-grantmaker:T20;files-990PF;private-foundation:04,,,,,,,,,
C,50,DIXSON T B FAM MEM FUND-CROSSNORE,DIXSON T B FAM MEM FUND-CROSSNORE,,"""DIXSON T B FAM MEM FUND-CROSSNORE"" St Petersburg FL scholarship application",St Petersburg,Pinellas,922307434,1275018,0,T20,Y,ntee-grantmaker:T20;files-990PF;private-foundation:04,,,,,,,,,
C,50,RAYMOND & ESTHER MADRAY FAMILYFOUNDATION,RAYMOND & ESTHER MADRAY FAMILYFOUNDATION,,"""RAYMOND & ESTHER MADRAY FAMILYFOUNDATION"" Largo FL scholarship application",Largo,Pinellas,203825980,1066744,0,T22,Y,ntee-grantmaker:T22;files-990PF;private-foundation:04,,,,,,,,,
C,50,SHELBY AND MILDRED BROWN TR,SHELBY AND MILDRED BROWN TR,,"""SHELBY AND MILDRED BROWN TR"" St Petersburg FL scholarship application",St Petersburg,Pinellas,806031433,1031936,0,T20,Y,ntee-grantmaker:T20;files-990PF;private-foundation:04,,,,,,,,,
C,50,LEWIS E KERN RES CHARITABLE TR UA 070385,LEWIS E KERN RES CHARITABLE TR UA 070385,,"""LEWIS E KERN RES CHARITABLE TR UA 070385"" Sarasota FL scholarship application",Sarasota,Sarasota,656212721,1026315,0,T20Z,Y,ntee-grantmaker:T20Z;files-990PF;private-foundation:04,,,,,,,,,
C,48,DRS KIRAN & PALLAVI PATEL 2017 FOUNDATION FOR GLOBAL UNDERSTANDIN,DRS KIRAN & PALLAVI PATEL 2017 FOUNDATION FOR GLOBAL UNDERSTANDIN,,"""DRS KIRAN & PALLAVI PATEL 2017 FOUNDATION FOR GLOBAL UNDERSTANDIN"" Tampa FL scholarship application",Tampa,Hillsborough,823755232,281248681,0,B90,Y,files-990PF;private-foundation:03;name:foundation;ntee-education:B90,,,,,,,,,
C,48,HOUGH FAMILY FOUNDATION INC,HOUGH FAMILY FOUNDATION INC,,"""HOUGH FAMILY FOUNDATION INC"" St Petersburg FL scholarship application",St Petersburg,Pinellas,593395491,82311248,0,B20Z,Y,files-990PF;private-foundation:04;name:foundation;ntee-education:B20Z,,,,,,,,,
C,48,BAILEY FAMILY FOUNDATION INC,BAILEY FAMILY FOUNDATION INC,,"""BAILEY FAMILY FOUNDATION INC"" Tampa FL scholarship application",Tampa,Hillsborough,541850780,63827793,0,B82Z,Y,files-990PF;private-foundation:03;name:foundation;ntee-education:B82Z,,,,,,,,,
C,48,WILSON - WOOD FOUNDATION INC,WILSON - WOOD FOUNDATION INC,,"""WILSON - WOOD FOUNDATION INC"" Nokomis FL scholarship application",Nokomis,Sarasota,592243926,14916031,0,B99Z,Y,files-990PF;private-foundation:04;name:foundation;ntee-education:B99Z,,,,,,,,,
C,48,HAYES FAMILY FOUNDATION,HAYES FAMILY FOUNDATION,,"""HAYES FAMILY FOUNDATION"" Sarasota FL scholarship application",Sarasota,Sarasota,372168030,10041424,0,B19,Y,files-990PF;private-foundation:04;name:foundation;ntee-education:B19,,,,,,,,,
C,48,SKY HARBOR FOUNDATION INC,SKY HARBOR FOUNDATION INC,,"""SKY HARBOR FOUNDATION INC"" Clearwater FL scholarship application",Clearwater,Pinellas,471968649,8086133,0,B12,Y,files-990PF;private-foundation:04;name:foundation;ntee-education:B12,,,,,,,,,
C,48,GLOBAL SPECIAL OPERATIONS FORCES FOUNDATION CORPORATION,GLOBAL SPECIAL OPERATIONS FORCES FOUNDATION CORPORATION,,"""GLOBAL SPECIAL OPERATIONS FORCES FOUNDATION CORPORATION"" Tampa FL scholarship application",Tampa,Hillsborough,463930409,7370138,0,B60,Y,files-990PF;private-foundation:03;name:foundation;ntee-education:B60,,,,,,,,,
C,48,FISHMAN FAMILY FOUNDATION INC,FISHMAN FAMILY FOUNDATION INC,,"""FISHMAN FAMILY FOUNDATION INC"" Tampa FL scholarship application",Tampa,Hillsborough,464036510,6446126,0,B03,Y,files-990PF;private-foundation:04;name:foundation;ntee-education:B03,,,,,,,,,
C,48,KIMMINS TERRIER FOUNDATION INC,KIMMINS TERRIER FOUNDATION INC,,"""KIMMINS TERRIER FOUNDATION INC"" Tampa FL scholarship application",Tampa,Hillsborough,593472911,4439287,0,B82Z,Y,files-990PF;private-foundation:04;name:foundation;ntee-education:B82Z,,,,,,,,,
C,48,WILLIAM AND ELLAN MARSH CHARITABLE TRUST,WILLIAM AND ELLAN MARSH CHARITABLE TRUST,,"""WILLIAM AND ELLAN MARSH CHARITABLE TRUST"" Seminole FL scholarship application",Seminole,Pinellas,472976330,3910602,0,B12,Y,files-990PF;private-foundation:04;name:foundation;ntee-education:B12,,,,,,,,,
C,48,WOOD FAMILY FOUNDATION INC,WOOD FAMILY FOUNDATION INC,,"""WOOD FAMILY FOUNDATION INC"" St Petersburg FL scholarship application",St Petersburg,Pinellas,832526606,3723727,0,B99,Y,files-990PF;private-foundation:04;name:foundation;ntee-education:B99,,,,,,,,,
C,43,DR MAHADEVIA EDUCATION TRUST INC,DR MAHADEVIA EDUCATION TRUST INC,,"""DR MAHADEVIA EDUCATION TRUST INC"" Tampa FL scholarship application",Tampa,Hillsborough,861454073,1989688,0,B90,Y,files-990PF;private-foundation:04;ntee-education:B90;name:education,,,,,,,,,
C,40,THE SPURLINO FOUNDATION,THE SPURLINO FOUNDATION,,"""THE SPURLINO FOUNDATION"" Odessa FL scholarship application",Odessa,Hillsborough,596875441,211053876,0,,Y,files-990PF;private-foundation:04;name:foundation,,,,,,,,,
C,40,FOUNDATION FOR A HEALTHY ST PETERSBURG INC,FOUNDATION FOR A HEALTHY ST PETERSBURG INC,,"""FOUNDATION FOR A HEALTHY ST PETERSBURG INC"" St Petersburg FL scholarship application",St Petersburg,Pinellas,592592846,174274124,0,E21,Y,files-990PF;private-foundation:04;name:foundation,,,,,,,,,
C,40,MARGUERITE DELANY HARK FOUNDATION,MARGUERITE DELANY HARK FOUNDATION,,"""MARGUERITE DELANY HARK FOUNDATION"" Venice FL scholarship application",Venice,Sarasota,363617116,174044358,0,,Y,files-990PF;private-foundation:04;name:foundation,,,,,,,,,
C,40,MARY PARKER FOUNDATION 25167-0,MARY PARKER FOUNDATION 25167-0,,"""MARY PARKER FOUNDATION 25167-0"" Bradenton FL scholarship application",Bradenton,Manatee,592708325,118435114,0,,Y,files-990PF;private-foundation:04;name:foundation,,,,,,,,,
C,40,TWO RED ROSES FOUNDATION INC,TWO RED ROSES FOUNDATION INC,,"""TWO RED ROSES FOUNDATION INC"" St Petersburg FL scholarship application",St Petersburg,Pinellas,331093993,97723713,0,A40,Y,files-990PF;private-foundation:03;name:foundation,,,,,,,,,
C,40,INTERLEDGER FOUNDATION,INTERLEDGER FOUNDATION,,"""INTERLEDGER FOUNDATION"" Tampa FL scholarship application",Tampa,Hillsborough,842364885,97509343,0,Q30,Y,files-990PF;private-foundation:04;name:foundation,,,,,,,,,
C,40,ROBERT W DUGGAN FOUNDATION,ROBERT W DUGGAN FOUNDATION,,"""ROBERT W DUGGAN FOUNDATION"" Clearwater FL scholarship application",Clearwater,Pinellas,822151899,91143571,0,T90,Y,files-990PF;private-foundation:04;name:foundation,,,,,,,,,
C,40,W DALE BROUGHER FOUNDATION INC,W DALE BROUGHER FOUNDATION INC,,"""W DALE BROUGHER FOUNDATION INC"" Sarasota FL scholarship application",Sarasota,Sarasota,521499358,67616622,0,,Y,files-990PF;private-foundation:04;name:foundation,,,,,,,,,
C,40,THE BELIEVERS FOUNDATION INC,THE BELIEVERS FOUNDATION INC,,"""THE BELIEVERS FOUNDATION INC"" Seffner FL scholarship application",Seffner,Hillsborough,592851282,37791770,0,,Y,files-990PF;private-foundation:04;name:foundation,,,,,,,,,
C,40,SPEER DREAM FOUNDATION,SPEER DREAM FOUNDATION,,"""SPEER DREAM FOUNDATION"" St Petersburg FL scholarship application",St Petersburg,Pinellas,883052692,34204640,0,T90,Y,files-990PF;private-foundation:04;name:foundation,,,,,,,,,
C,40,ALICE PACK AND L THOMAS MELLY FOUNDATION,ALICE PACK AND L THOMAS MELLY FOUNDATION,,"""ALICE PACK AND L THOMAS MELLY FOUNDATION"" Sarasota FL scholarship application",Sarasota,Sarasota,237059703,23655550,0,,Y,files-990PF;private-foundation:04;name:foundation,,,,,,,,,
C,40,CONN MEMORIAL FOUNDATION INC,CONN MEMORIAL FOUNDATION INC,,"""CONN MEMORIAL FOUNDATION INC"" Tampa FL scholarship application",Tampa,Hillsborough,590978713,20239970,0,,Y,files-990PF;private-foundation:04;name:foundation,,,,,,,,,
C,40,ROBERTA LEVENTHAL SUDAKOFF FOUNDATION INC,ROBERTA LEVENTHAL SUDAKOFF FOUNDATION INC,,"""ROBERTA LEVENTHAL SUDAKOFF FOUNDATION INC"" Sarasota FL scholarship application",Sarasota,Sarasota,311483381,17236122,0,T60Z,Y,files-990PF;private-foundation:04;name:foundation,,,,,,,,,
C,40,FLORIDA LIONS FOUNDATION FOR THE BLIND INC,FLORIDA LIONS FOUNDATION FOR THE BLIND INC,,"""FLORIDA LIONS FOUNDATION FOR THE BLIND INC"" Largo FL scholarship application",Largo,Pinellas,591052971,16912334,0,P20,Y,files-990PF;private-foundation:03;name:foundation,,,,,,,,,
C,40,FINK FIVE FOUNDATION INC,FINK FIVE FOUNDATION INC,,"""FINK FIVE FOUNDATION INC"" Tampa FL scholarship application",Tampa,Hillsborough,873917544,16409872,0,P20,Y,files-990PF;private-foundation:04;name:foundation,,,,,,,,,
C,40,MAURICE A & THELMA P ROTHMAN FAMILY FOUNDATION INC,MAURICE A & THELMA P ROTHMAN FAMILY FOUNDATION INC,,"""MAURICE A & THELMA P ROTHMAN FAMILY FOUNDATION INC"" Tampa FL scholarship application",Tampa,Hillsborough,592061386,14978271,0,,Y,files-990PF;private-foundation:04;name:foundation,,,,,,,,,
C,40,TAYLOR FAMILY FOUNDATION INC,TAYLOR FAMILY FOUNDATION INC,,"""TAYLOR FAMILY FOUNDATION INC"" Bradenton FL scholarship application",Bradenton,Manatee,396058301,14282272,0,,Y,files-990PF;private-foundation:04;name:foundation,,,,,,,,,
C,40,J CRAYTON PRUITT FOUNDATION INC,J CRAYTON PRUITT FOUNDATION INC,,"""J CRAYTON PRUITT FOUNDATION INC"" St Petersburg FL scholarship application",St Petersburg,Pinellas,592876499,13797397,0,,Y,files-990PF;private-foundation:04;name:foundation,,,,,,,,,
C,40,SONIA RAYMUND FOUNDATION INC,SONIA RAYMUND FOUNDATION INC,,"""SONIA RAYMUND FOUNDATION INC"" St Petersburg FL scholarship application",St Petersburg,Pinellas,453751124,12644210,0,M40,Y,files-990PF;private-foundation:04;name:foundation,,,,,,,,,
C,40,SAUNDERS FOUNDATION,SAUNDERS FOUNDATION,,"""SAUNDERS FOUNDATION"" Tampa FL scholarship application",Tampa,Hillsborough,596152326,11977988,0,,Y,files-990PF;private-foundation:04;name:foundation,,,,,,,,,
C,40,MOTE SCIENTIFIC FOUNDATION INC,MOTE SCIENTIFIC FOUNDATION INC,,"""MOTE SCIENTIFIC FOUNDATION INC"" Sarasota FL scholarship application",Sarasota,Sarasota,136117615,10740282,0,,Y,files-990PF;private-foundation:04;name:foundation,,,,,,,,,
C,40,GULF COAST HOUSING FOUNDATION INC,GULF COAST HOUSING FOUNDATION INC,,"""GULF COAST HOUSING FOUNDATION INC"" St Petersburg FL scholarship application",St Petersburg,Pinellas,592645275,10095992,0,L210,Y,files-990PF;private-foundation:04;name:foundation,,,,,,,,,
C,40,STEVE AND NATALEE HERRIG FAMILY FOUNDATION INC,STEVE AND NATALEE HERRIG FAMILY FOUNDATION INC,,"""STEVE AND NATALEE HERRIG FAMILY FOUNDATION INC"" Bradenton FL scholarship application",Bradenton,Manatee,854146618,9781998,0,T90,Y,files-990PF;private-foundation:04;name:foundation,,,,,,,,,
C,40,MIRNER FAMILY FOUNDATION,MIRNER FAMILY FOUNDATION,,"""MIRNER FAMILY FOUNDATION"" Longboat Key FL scholarship application",Longboat Key,Sarasota,477410894,9514447,0,T90,Y,files-990PF;private-foundation:04;name:foundation,,,,,,,,,
C,40,RICHARD D DONCHIAN CHARITABLE FOUNDATION INC,RICHARD D DONCHIAN CHARITABLE FOUNDATION INC,,"""RICHARD D DONCHIAN CHARITABLE FOUNDATION INC"" Sarasota FL scholarship application",Sarasota,Sarasota,061514402,9502215,0,,Y,files-990PF;private-foundation:04;name:foundation,,,,,,,,,
C,40,SKL FAMILY FOUNDATION,SKL FAMILY FOUNDATION,,"""SKL FAMILY FOUNDATION"" Nokomis FL scholarship application",Nokomis,Sarasota,455537478,8298068,0,P12,Y,files-990PF;private-foundation:04;name:foundation,,,,,,,,,
C,40,KAUL FOUNDATION INC,KAUL FOUNDATION INC,,"""KAUL FOUNDATION INC"" Tampa FL scholarship application",Tampa,Hillsborough,472028290,8288936,0,T50,Y,files-990PF;private-foundation:04;name:foundation,,,,,,,,,
C,40,THE MANNY AND RUTHY COHEN FOUNDATION INC,THE MANNY AND RUTHY COHEN FOUNDATION INC,,"""THE MANNY AND RUTHY COHEN FOUNDATION INC"" Safety Harbor FL scholarship application",Safety Harbor,Pinellas,592744621,6988292,0,,Y,files-990PF;private-foundation:04;name:foundation,,,,,,,,,
C,40,BRALYN FOUNDATION INC,BRALYN FOUNDATION INC,,"""BRALYN FOUNDATION INC"" Clearwater FL scholarship application",Clearwater,Pinellas,873482851,6913075,0,,Y,files-990PF;private-foundation:04;name:foundation,,,,,,,,,
C,40,FRANK E DUCKWALL FOUNDATION,FRANK E DUCKWALL FOUNDATION,,"""FRANK E DUCKWALL FOUNDATION"" Tampa FL scholarship application",Tampa,Hillsborough,596773462,6758596,0,,Y,files-990PF;private-foundation:04;name:foundation,,,,,,,,,
C,40,JANET AND STANLEY KANE FOUNDATION INC,JANET AND STANLEY KANE FOUNDATION INC,,"""JANET AND STANLEY KANE FOUNDATION INC"" Sarasota FL scholarship application",Sarasota,Sarasota,650405758,6317498,0,,Y,files-990PF;private-foundation:04;name:foundation,,,,,,,,,
C,40,JOHNSON FAMILY FOUNDATION,JOHNSON FAMILY FOUNDATION,,"""JOHNSON FAMILY FOUNDATION"" Oldsmar FL scholarship application",Oldsmar,Pinellas,223255682,6062397,0,,Y,files-990PF;private-foundation:04;name:foundation,,,,,,,,,
C,40,THE CHARLES & CHRISTINE SHIVERY FOUNDATION,THE CHARLES & CHRISTINE SHIVERY FOUNDATION,,"""THE CHARLES & CHRISTINE SHIVERY FOUNDATION"" Longboat Key FL scholarship application",Longboat Key,Sarasota,522274633,5940841,0,Z99,Y,files-990PF;private-foundation:04;name:foundation,,,,,,,,,
C,40,ALMA GIBBS DONCHIAN CHARITABLE FOUNDATION INCORPORATED,ALMA GIBBS DONCHIAN CHARITABLE FOUNDATION INCORPORATED,,"""ALMA GIBBS DONCHIAN CHARITABLE FOUNDATION INCORPORATED"" Sarasota FL scholarship application",Sarasota,Sarasota,061514400,5848824,0,,Y,files-990PF;private-foundation:04;name:foundation,,,,,,,,,
C,40,DANIEL AND INGRID JONES FAMILY FOUNDATION,DANIEL AND INGRID JONES FAMILY FOUNDATION,,"""DANIEL AND INGRID JONES FAMILY FOUNDATION"" St Petersburg FL scholarship application",St Petersburg,Pinellas,306653059,5635742,0,T90,Y,files-990PF;private-foundation:04;name:foundation,,,,,,,,,
C,40,THE ANITA JAMES ROSEN FOUNDATION INC,THE ANITA JAMES ROSEN FOUNDATION INC,,"""THE ANITA JAMES ROSEN FOUNDATION INC"" St Petersburg FL scholarship application",St Petersburg,Pinellas,650098728,5557179,0,,Y,files-990PF;private-foundation:04;name:foundation,,,,,,,,,
C,40,DR AND MRS BERNHARD BOECKER FOUNDATION CHARITABLE TR,DR AND MRS BERNHARD BOECKER FOUNDATION CHARITABLE TR,,"""DR AND MRS BERNHARD BOECKER FOUNDATION CHARITABLE TR"" Sarasota FL scholarship application",Sarasota,Sarasota,866473047,5421232,0,,Y,files-990PF;private-foundation:04;name:foundation,,,,,,,,,
C,40,HARRY SUDAKOFF FOUNDATION INC,HARRY SUDAKOFF FOUNDATION INC,,"""HARRY SUDAKOFF FOUNDATION INC"" Sarasota FL scholarship application",Sarasota,Sarasota,650439722,5120386,0,,Y,files-990PF;private-foundation:04;name:foundation,,,,,,,,,
C,40,DONTES DEN FOUNDATION INC,DONTES DEN FOUNDATION INC,,"""DONTES DEN FOUNDATION INC"" Myakka City FL scholarship application",Myakka City,Manatee,263919566,5082132,0,D99,Y,files-990PF;private-foundation:03;name:foundation,,,,,,,,,
C,40,KOSKI FAMILY FOUNDATION INC,KOSKI FAMILY FOUNDATION INC,,"""KOSKI FAMILY FOUNDATION INC"" Sarasota FL scholarship application",Sarasota,Sarasota,650764285,4947456,0,Z99Z,Y,files-990PF;private-foundation:04;name:foundation,,,,,,,,,
C,40,THE LOWRY MURPHEY FAMILY FOUNDATION INC,THE LOWRY MURPHEY FAMILY FOUNDATION INC,,"""THE LOWRY MURPHEY FAMILY FOUNDATION INC"" Tampa FL scholarship application",Tampa,Hillsborough,592824550,4946911,0,,Y,files-990PF;private-foundation:04;name:foundation,,,,,,,,,
C,40,MARKS FAMILY FOUNDATION,MARKS FAMILY FOUNDATION,,"""MARKS FAMILY FOUNDATION"" Tampa FL scholarship application",Tampa,Hillsborough,874108504,4917734,0,S30,Y,files-990PF;private-foundation:04;name:foundation,,,,,,,,,
C,40,THAKKAR FAMILY FOUNDATION INC,THAKKAR FAMILY FOUNDATION INC,,"""THAKKAR FAMILY FOUNDATION INC"" Tampa FL scholarship application",Tampa,Hillsborough,593204990,4868781,0,,Y,files-990PF;private-foundation:04;name:foundation,,,,,,,,,
C,40,COLLECTION ON PALMETTO FOUNDATION INC,COLLECTION ON PALMETTO FOUNDATION INC,,"""COLLECTION ON PALMETTO FOUNDATION INC"" Clearwater FL scholarship application",Clearwater,Pinellas,823840640,4756655,0,A50,Y,files-990PF;private-foundation:03;name:foundation,,,,,,,,,
C,40,H FOUNDATION,H FOUNDATION,,"""H FOUNDATION"" Clearwater FL scholarship application",Clearwater,Pinellas,592947260,4697504,0,,Y,files-990PF;private-foundation:03;name:foundation,,,,,,,,,
C,40,EDWARD D AND ANNA MITCHELL FAMILY FOUNDATION A DELAWARE CORP,EDWARD D AND ANNA MITCHELL FAMILY FOUNDATION A DELAWARE CORP,,"""EDWARD D AND ANNA MITCHELL FAMILY FOUNDATION A DELAWARE CORP"" Sarasota FL scholarship application",Sarasota,Sarasota,954715236,4653995,0,P58,Y,files-990PF;private-foundation:04;name:foundation,,,,,,,,,
C,40,SCHMIDT FAMILY FOUNDATION INC,SCHMIDT FAMILY FOUNDATION INC,,"""SCHMIDT FAMILY FOUNDATION INC"" Sarasota FL scholarship application",Sarasota,Sarasota,610921414,4647496,0,A540,Y,files-990PF;private-foundation:04;name:foundation,,,,,,,,,
C,40,DOROTHY THOMAS FOUNDATION INC,DOROTHY THOMAS FOUNDATION INC,,"""DOROTHY THOMAS FOUNDATION INC"" Tampa FL scholarship application",Tampa,Hillsborough,596059765,3968047,0,,Y,files-990PF;private-foundation:04;name:foundation,,,,,,,,,
C,40,NURSEY FOUNDATION INC,NURSEY FOUNDATION INC,,"""NURSEY FOUNDATION INC"" Tampa FL scholarship application",Tampa,Hillsborough,883128769,3934079,0,P20,Y,files-990PF;private-foundation:04;name:foundation,,,,,,,,,
C,40,MACEIKONIS FAMILY FOUNDATION,MACEIKONIS FAMILY FOUNDATION,,"""MACEIKONIS FAMILY FOUNDATION"" Sarasota FL scholarship application",Sarasota,Sarasota,871986859,3905044,0,P01,Y,files-990PF;private-foundation:04;name:foundation,,,,,,,,,
C,40,JOHN ULBRICH CHARITABLE TRUST INC,JOHN ULBRICH CHARITABLE TRUST INC,,"""JOHN ULBRICH CHARITABLE TRUST INC"" Lithia FL scholarship application",Lithia,Hillsborough,823470733,3843488,0,P20,Y,files-990PF;private-foundation:04;name:foundation,,,,,,,,,
C,40,JAMES H AND AMY G SHIMBERG FOUNDATION INC,JAMES H AND AMY G SHIMBERG FOUNDATION INC,,"""JAMES H AND AMY G SHIMBERG FOUNDATION INC"" Tampa FL scholarship application",Tampa,Hillsborough,581581287,3824921,0,,Y,files-990PF;private-foundation:04;name:foundation,,,,,,,,,
C,40,JACOB BEST FOUNDATION,JACOB BEST FOUNDATION,,"""JACOB BEST FOUNDATION"" Tampa FL scholarship application",Tampa,Hillsborough,366052049,3817160,0,,Y,files-990PF;private-foundation:04;name:foundation,,,,,,,,,
C,40,PAGLIARULO FAMILY FOUNDATION INC,PAGLIARULO FAMILY FOUNDATION INC,,"""PAGLIARULO FAMILY FOUNDATION INC"" Tampa FL scholarship application",Tampa,Hillsborough,843899292,3605675,0,E22,Y,files-990PF;private-foundation:04;name:foundation,,,,,,,,,
C,40,SARA ROBERTS FOUNDATION INC,SARA ROBERTS FOUNDATION INC,,"""SARA ROBERTS FOUNDATION INC"" Sarasota FL scholarship application",Sarasota,Sarasota,204225372,3110005,0,D20,Y,files-990PF;private-foundation:04;name:foundation,,,,,,,,,
C,40,PAUL H PUSEY FOUNDATION,PAUL H PUSEY FOUNDATION,,"""PAUL H PUSEY FOUNDATION"" Sarasota FL scholarship application",Sarasota,Sarasota,237043682,3081933,0,,Y,files-990PF;private-foundation:04;name:foundation,,,,,,,,,
C,40,APF FOUNDATION INC,APF FOUNDATION INC,,"""APF FOUNDATION INC"" Tampa FL scholarship application",Tampa,Hillsborough,592880406,3005507,0,,Y,files-990PF;private-foundation:04;name:foundation,,,,,,,,,
C,40,DENIS L FONTAINE FOUNDATION INC,DENIS L FONTAINE FOUNDATION INC,,"""DENIS L FONTAINE FOUNDATION INC"" Tampa FL scholarship application",Tampa,Hillsborough,593157129,2893285,0,,Y,files-990PF;private-foundation:04;name:foundation,,,,,,,,,
C,40,N S GOLDSTEIN FOUNDATION INC,N S GOLDSTEIN FOUNDATION INC,,"""N S GOLDSTEIN FOUNDATION INC"" Wesley Chapel FL scholarship application",Wesley Chapel,Pasco,136127750,2801108,0,,Y,files-990PF;private-foundation:04;name:foundation,,,,,,,,,
C,40,LOUIE R & GERTRUDE MORGAN FOUNDATION INC,LOUIE R & GERTRUDE MORGAN FOUNDATION INC,,"""LOUIE R & GERTRUDE MORGAN FOUNDATION INC"" Sarasota FL scholarship application",Sarasota,Sarasota,596142359,2653183,0,,Y,files-990PF;private-foundation:04;name:foundation,,,,,,,,,
C,40,ALI FAMILY FOUNDATION,ALI FAMILY FOUNDATION,,"""ALI FAMILY FOUNDATION"" Odessa FL scholarship application",Odessa,Hillsborough,856435248,2582146,0,,Y,files-990PF;private-foundation:04;name:foundation,,,,,,,,,
C,40,JOSEPH J & ROSE A HERRMANN CHARITABLE FOUNDATION,JOSEPH J & ROSE A HERRMANN CHARITABLE FOUNDATION,,"""JOSEPH J & ROSE A HERRMANN CHARITABLE FOUNDATION"" San Antonio FL scholarship application",San Antonio,Pasco,592982443,2568974,0,,Y,files-990PF;private-foundation:04;name:foundation,,,,,,,,,
C,40,KRAUSS-BASCHAB FOUNDATION INC,KRAUSS-BASCHAB FOUNDATION INC,,"""KRAUSS-BASCHAB FOUNDATION INC"" Seminole FL scholarship application",Seminole,Pinellas,592635125,2423048,0,,Y,files-990PF;private-foundation:04;name:foundation,,,,,,,,,
C,40,RAWSON CHARITABLE FOUNDATION INC,RAWSON CHARITABLE FOUNDATION INC,,"""RAWSON CHARITABLE FOUNDATION INC"" Belleair FL scholarship application",Belleair,Pinellas,463568640,2395236,0,P99,Y,files-990PF;private-foundation:04;name:foundation,,,,,,,,,
C,40,STUHLEY CHARITABLE FOUNDATION,STUHLEY CHARITABLE FOUNDATION,,"""STUHLEY CHARITABLE FOUNDATION"" Nokomis FL scholarship application",Nokomis,Sarasota,882706164,2389219,0,P20,Y,files-990PF;private-foundation:04;name:foundation,,,,,,,,,
C,40,MICHAEL G CANTONIS FOUNDATION INC,MICHAEL G CANTONIS FOUNDATION INC,,"""MICHAEL G CANTONIS FOUNDATION INC"" Palm Harbor FL scholarship application",Palm Harbor,Pinellas,592214565,2323318,0,,Y,files-990PF;private-foundation:04;name:foundation,,,,,,,,,
C,40,PRIOR FAMILY CHARITABLE TRUST,PRIOR FAMILY CHARITABLE TRUST,,"""PRIOR FAMILY CHARITABLE TRUST"" Venice FL scholarship application",Venice,Sarasota,366840926,2285946,0,,Y,files-990PF;private-foundation:04;name:foundation,,,,,,,,,
C,40,MAY K HOUCK FOUNDATION,MAY K HOUCK FOUNDATION,,"""MAY K HOUCK FOUNDATION"" Sarasota FL scholarship application",Sarasota,Sarasota,590777857,2207107,0,,Y,files-990PF;private-foundation:04;name:foundation,,,,,,,,,
C,40,HUGHEY FOUNDATION INC,HUGHEY FOUNDATION INC,,"""HUGHEY FOUNDATION INC"" Tampa FL scholarship application",Tampa,Hillsborough,590965239,2175046,0,,Y,files-990PF;private-foundation:04;name:foundation,,,,,,,,,
C,40,CLARA A SCHILLER PEPETUAL CHARITABLE TRUST,CLARA A SCHILLER PEPETUAL CHARITABLE TRUST,,"""CLARA A SCHILLER PEPETUAL CHARITABLE TRUST"" St Petersburg FL scholarship application",St Petersburg,Pinellas,306133829,2082440,0,H12,Y,files-990PF;private-foundation:04;name:foundation,,,,,,,,,
C,40,DR STEPHEN AND KIRSTEN HOSMAN FAMILY FOUNDATION INC,DR STEPHEN AND KIRSTEN HOSMAN FAMILY FOUNDATION INC,,"""DR STEPHEN AND KIRSTEN HOSMAN FAMILY FOUNDATION INC"" Englewood FL scholarship application",Englewood,Sarasota,873898360,2074533,0,P12,Y,files-990PF;private-foundation:04;name:foundation,,,,,,,,,
C,40,GEORGE C PERREAULT FOUNDATION INC,GEORGE C PERREAULT FOUNDATION INC,,"""GEORGE C PERREAULT FOUNDATION INC"" Sarasota FL scholarship application",Sarasota,Sarasota,853423234,2037537,0,T90,Y,files-990PF;private-foundation:04;name:foundation,,,,,,,,,
C,40,JAY & BECKY KAISERMAN FOUNDATION,JAY & BECKY KAISERMAN FOUNDATION,,"""JAY & BECKY KAISERMAN FOUNDATION"" Sarasota FL scholarship application",Sarasota,Sarasota,592549476,2009575,0,,Y,files-990PF;private-foundation:04;name:foundation,,,,,,,,,
C,40,TEHRA PRIVATE FOUNDATION,TEHRA PRIVATE FOUNDATION,,"""TEHRA PRIVATE FOUNDATION"" St Petersburg FL scholarship application",St Petersburg,Pinellas,866662141,1987275,0,,Y,files-990PF;private-foundation:04;name:foundation,,,,,,,,,
C,40,MCCOMB FAMILY FOUNDATION,MCCOMB FAMILY FOUNDATION,,"""MCCOMB FAMILY FOUNDATION"" Sarasota FL scholarship application",Sarasota,Sarasota,465379815,1949376,0,W99,Y,files-990PF;private-foundation:03;name:foundation,,,,,,,,,
C,40,MR & MRS WAYNE B LYON FOUNDATION,MR & MRS WAYNE B LYON FOUNDATION,,"""MR & MRS WAYNE B LYON FOUNDATION"" Terra Ceia FL scholarship application",Terra Ceia,Manatee,382680420,1943647,0,,Y,files-990PF;private-foundation:04;name:foundation,,,,,,,,,
C,40,ELSIE AND HARRY BAUMKER CHARITABLE FOUNDATION INC,ELSIE AND HARRY BAUMKER CHARITABLE FOUNDATION INC,,"""ELSIE AND HARRY BAUMKER CHARITABLE FOUNDATION INC"" Seminole FL scholarship application",Seminole,Pinellas,341300465,1934887,0,,Y,files-990PF;private-foundation:04;name:foundation,,,,,,,,,
C,40,ARTHUR S KARP FAMILY FOUNDATION INC,ARTHUR S KARP FAMILY FOUNDATION INC,,"""ARTHUR S KARP FAMILY FOUNDATION INC"" Sarasota FL scholarship application",Sarasota,Sarasota,650632704,1891638,0,T90Z,Y,files-990PF;private-foundation:04;name:foundation,,,,,,,,,
C,40,TARR CHARITABLE FAMILY FOUNDATION INC,TARR CHARITABLE FAMILY FOUNDATION INC,,"""TARR CHARITABLE FAMILY FOUNDATION INC"" Sarasota FL scholarship application",Sarasota,Sarasota,650416098,1873500,0,,Y,files-990PF;private-foundation:04;name:foundation,,,,,,,,,
C,40,JANICE S KELLY MEMORIAL FOUNDATION,JANICE S KELLY MEMORIAL FOUNDATION,,"""JANICE S KELLY MEMORIAL FOUNDATION"" Sarasota FL scholarship application",Sarasota,Sarasota,656369744,1832589,0,T70,Y,files-990PF;private-foundation:04;name:foundation,,,,,,,,,
C,40,THE KATHARINA & JOSEPH SCHOBER FOUNDATION INC,THE KATHARINA & JOSEPH SCHOBER FOUNDATION INC,,"""THE KATHARINA & JOSEPH SCHOBER FOUNDATION INC"" Sarasota FL scholarship application",Sarasota,Sarasota,650107997,1800263,0,,Y,files-990PF;private-foundation:04;name:foundation,,,,,,,,,
C,40,CURD FAMILY FOUNDATION INC,CURD FAMILY FOUNDATION INC,,"""CURD FAMILY FOUNDATION INC"" Sarasota FL scholarship application",Sarasota,Sarasota,472791467,1796215,0,T50,Y,files-990PF;private-foundation:04;name:foundation,,,,,,,,,
C,40,SESAME FOUNDATION,SESAME FOUNDATION,,"""SESAME FOUNDATION"" Palm Harbor FL scholarship application",Palm Harbor,Pinellas,656117530,1780515,0,,Y,files-990PF;private-foundation:04;name:foundation,,,,,,,,,
C,40,HELEN ZERA FOUNDATION TR,HELEN ZERA FOUNDATION TR,,"""HELEN ZERA FOUNDATION TR"" St Petersburg FL scholarship application",St Petersburg,Pinellas,456979605,1733927,0,P99,Y,files-990PF;private-foundation:04;name:foundation,,,,,,,,,
C,40,HORAN FAMILY FOUNDATION INC,HORAN FAMILY FOUNDATION INC,,"""HORAN FAMILY FOUNDATION INC"" Venice FL scholarship application",Venice,Sarasota,831948519,1728025,0,T50,Y,files-990PF;private-foundation:04;name:foundation,,,,,,,,,
C,40,DUTKOWSKY CHARITABLE FOUNDATION TR,DUTKOWSKY CHARITABLE FOUNDATION TR,,"""DUTKOWSKY CHARITABLE FOUNDATION TR"" Tampa FL scholarship application",Tampa,Hillsborough,043541368,1725115,0,,Y,files-990PF;private-foundation:04;name:foundation,,,,,,,,,
C,40,CRYSTAL SPRINGS FOUNDATION INC,CRYSTAL SPRINGS FOUNDATION INC,,"""CRYSTAL SPRINGS FOUNDATION INC"" Thonotosassa FL scholarship application",Thonotosassa,Hillsborough,203036903,1723690,0,C32,Y,files-990PF;private-foundation:04;name:foundation,,,,,,,,,
C,40,JEAN AND WALT KITONIS CHARITABLE FOUNDATION,JEAN AND WALT KITONIS CHARITABLE FOUNDATION,,"""JEAN AND WALT KITONIS CHARITABLE FOUNDATION"" Venice FL scholarship application",Venice,Sarasota,823774139,1672142,0,T50,Y,files-990PF;private-foundation:04;name:foundation,,,,,,,,,
C,40,MUSSRAT AND ILYAS YAMANI FOUNDATION,MUSSRAT AND ILYAS YAMANI FOUNDATION,,"""MUSSRAT AND ILYAS YAMANI FOUNDATION"" Belleair FL scholarship application",Belleair,Pinellas,876587057,1646873,0,,Y,files-990PF;private-foundation:04;name:foundation,,,,,,,,,
C,40,D R LONG FOUNDATION INC,D R LONG FOUNDATION INC,,"""D R LONG FOUNDATION INC"" Sarasota FL scholarship application",Sarasota,Sarasota,521379622,1621495,0,,Y,files-990PF;private-foundation:04;name:foundation,,,,,,,,,
C,40,YMCA YOUTH FOUNDATION OF THE CENTRAL ATLANTIC AREA,YMCA YOUTH FOUNDATION OF THE CENTRAL ATLANTIC AREA,,"""YMCA YOUTH FOUNDATION OF THE CENTRAL ATLANTIC AREA"" Sarasota FL scholarship application",Sarasota,Sarasota,472599330,1598316,0,O12,Y,files-990PF;private-foundation:04;name:foundation,,,,,,,,,
C,40,PINKERTON FAMILY FOUNDATION INC,PINKERTON FAMILY FOUNDATION INC,,"""PINKERTON FAMILY FOUNDATION INC"" Venice FL scholarship application",Venice,Sarasota,854310694,1551241,0,P30,Y,files-990PF;private-foundation:04;name:foundation,,,,,,,,,
C,40,WILLIAM & GAYLE CHORSKE FAMILY FOUNDATION LTD,WILLIAM & GAYLE CHORSKE FAMILY FOUNDATION LTD,,"""WILLIAM & GAYLE CHORSKE FAMILY FOUNDATION LTD"" Sarasota FL scholarship application",Sarasota,Sarasota,043382941,1516624,0,T90Z,Y,files-990PF;private-foundation:04;name:foundation,,,,,,,,,
C,40,ST JOSEPH FAMILY FOUNDATION,ST JOSEPH FAMILY FOUNDATION,,"""ST JOSEPH FAMILY FOUNDATION"" Plant City FL scholarship application",Plant City,Hillsborough,237332334,1466340,0,,Y,files-990PF;private-foundation:04;name:foundation,,,,,,,,,
C,40,M&M MILLER FAMILY FOUNDATION INC,M&M MILLER FAMILY FOUNDATION INC,,"""M&M MILLER FAMILY FOUNDATION INC"" Tampa FL scholarship application",Tampa,Hillsborough,920632715,1429044,0,W99,Y,files-990PF;private-foundation:04;name:foundation,,,,,,,,,
C,40,COOK FAMILY FOUNDATION,COOK FAMILY FOUNDATION,,"""COOK FAMILY FOUNDATION"" Sarasota FL scholarship application",Sarasota,Sarasota,357260831,1395269,0,,Y,files-990PF;private-foundation:04;name:foundation,,,,,,,,,
C,40,ROPER FOUNDATION INC,ROPER FOUNDATION INC,,"""ROPER FOUNDATION INC"" Sarasota FL scholarship application",Sarasota,Sarasota,331837478,1388411,0,P20,Y,files-990PF;private-foundation:04;name:foundation,,,,,,,,,
C,40,FOUNDATION FOR THE FIRST PRESBYTERIAN CHURCH OF SARASOTA IN,FOUNDATION FOR THE FIRST PRESBYTERIAN CHURCH OF SARASOTA IN,,"""FOUNDATION FOR THE FIRST PRESBYTERIAN CHURCH OF SARASOTA IN"" Sarasota FL scholarship application",Sarasota,Sarasota,463937481,1367370,0,X11,Y,files-990PF;private-foundation:04;name:foundation,,,,,,,,,
C,40,GOLDBERG-RHAPSODY FOUNDATION INC,GOLDBERG-RHAPSODY FOUNDATION INC,,"""GOLDBERG-RHAPSODY FOUNDATION INC"" Tampa FL scholarship application",Tampa,Hillsborough,133013026,1350047,0,,Y,files-990PF;private-foundation:04;name:foundation,,,,,,,,,
C,40,TRACY FOUNDATION,TRACY FOUNDATION,,"""TRACY FOUNDATION"" Sarasota FL scholarship application",Sarasota,Sarasota,946129856,1342534,0,,Y,files-990PF;private-foundation:04;name:foundation,,,,,,,,,
C,40,RUTHANNE KOFFMAN CHARITABLE FOUNDATION,RUTHANNE KOFFMAN CHARITABLE FOUNDATION,,"""RUTHANNE KOFFMAN CHARITABLE FOUNDATION"" Sarasota FL scholarship application",Sarasota,Sarasota,222624220,1333672,0,,Y,files-990PF;private-foundation:04;name:foundation,,,,,,,,,
C,40,NEWMAN FOUNDATION INC,NEWMAN FOUNDATION INC,,"""NEWMAN FOUNDATION INC"" Tampa FL scholarship application",Tampa,Hillsborough,596150341,1328308,0,,Y,files-990PF;private-foundation:04;name:foundation,,,,,,,,,
C,40,F E LYKES FOUNDATION INC,F E LYKES FOUNDATION INC,,"""F E LYKES FOUNDATION INC"" Tampa FL scholarship application",Tampa,Hillsborough,237294195,1302529,0,,Y,files-990PF;private-foundation:04;name:foundation,,,,,,,,,
C,40,VERNER FOUNDATION INC,VERNER FOUNDATION INC,,"""VERNER FOUNDATION INC"" Plant City FL scholarship application",Plant City,Hillsborough,593155858,1278740,0,,Y,files-990PF;private-foundation:04;name:foundation,,,,,,,,,
C,40,JOHN J & LUCILLE C MADIGAN CHARITABLE FOUNDATION INC,JOHN J & LUCILLE C MADIGAN CHARITABLE FOUNDATION INC,,"""JOHN J & LUCILLE C MADIGAN CHARITABLE FOUNDATION INC"" Sarasota FL scholarship application",Sarasota,Sarasota,650352871,1222837,0,,Y,files-990PF;private-foundation:04;name:foundation,,,,,,,,,
C,40,STAR KIDS FOUNDATION INC,STAR KIDS FOUNDATION INC,,"""STAR KIDS FOUNDATION INC"" St Petersburg FL scholarship application",St Petersburg,Pinellas,465343565,1210811,0,P99,Y,files-990PF;private-foundation:04;name:foundation,,,,,,,,,
C,40,BRADLEY FAMILY FOUNDATION TRUST,BRADLEY FAMILY FOUNDATION TRUST,,"""BRADLEY FAMILY FOUNDATION TRUST"" Longboat Key FL scholarship application",Longboat Key,Sarasota,843991577,1192585,0,T90,Y,files-990PF;private-foundation:04;name:foundation,,,,,,,,,
C,40,LES AND JUDY SMOUT FOUNDATION INC,LES AND JUDY SMOUT FOUNDATION INC,,"""LES AND JUDY SMOUT FOUNDATION INC"" Clearwater FL scholarship application",Clearwater,Pinellas,650118624,1150058,0,,Y,files-990PF;private-foundation:04;name:foundation,,,,,,,,,
C,40,SALIE FAMILY PRIVATE FOUNDATION,SALIE FAMILY PRIVATE FOUNDATION,,"""SALIE FAMILY PRIVATE FOUNDATION"" Sarasota FL scholarship application",Sarasota,Sarasota,311595419,1147808,0,X20Z,Y,files-990PF;private-foundation:04;name:foundation,,,,,,,,,
C,40,LEWIS FOUNDATION,LEWIS FOUNDATION,,"""LEWIS FOUNDATION"" Longboat Key FL scholarship application",Longboat Key,Sarasota,146049219,1146457,0,,Y,files-990PF;private-foundation:04;name:foundation,,,,,,,,,
C,40,U M R FOUNDATION INC,U M R FOUNDATION INC,,"""U M R FOUNDATION INC"" Sarasota FL scholarship application",Sarasota,Sarasota,136077135,1141517,0,,Y,files-990PF;private-foundation:04;name:foundation,,,,,,,,,
C,40,THE JOEL AND GAIL MORGANROTH FAMILY FOUNDATION,THE JOEL AND GAIL MORGANROTH FAMILY FOUNDATION,,"""THE JOEL AND GAIL MORGANROTH FAMILY FOUNDATION"" Sarasota FL scholarship application",Sarasota,Sarasota,232244767,1121334,0,,Y,files-990PF;private-foundation:04;name:foundation,,,,,,,,,
C,40,ROBSON FAMILY FOUNDATION,ROBSON FAMILY FOUNDATION,,"""ROBSON FAMILY FOUNDATION"" Tampa FL scholarship application",Tampa,Hillsborough,831793277,1117572,0,P20,Y,files-990PF;private-foundation:04;name:foundation,,,,,,,,,
C,40,DAVID LINDSAY FOUNDATION INC,DAVID LINDSAY FOUNDATION INC,,"""DAVID LINDSAY FOUNDATION INC"" Sarasota FL scholarship application",Sarasota,Sarasota,650199642,1107525,0,,Y,files-990PF;private-foundation:04;name:foundation,,,,,,,,,
C,40,STELFOX FOUNDATION 12012010,STELFOX FOUNDATION 12012010,,"""STELFOX FOUNDATION 12012010"" Sarasota FL scholarship application",Sarasota,Sarasota,326176794,1069498,0,,Y,files-990PF;private-foundation:04;name:foundation,,,,,,,,,
C,40,CHARLES L WACKERLE FOUNDATION INC,CHARLES L WACKERLE FOUNDATION INC,,"""CHARLES L WACKERLE FOUNDATION INC"" Sarasota FL scholarship application",Sarasota,Sarasota,650807329,1057769,0,X21Z,Y,files-990PF;private-foundation:04;name:foundation,,,,,,,,,
C,40,MARILYN H FARRISH FOUNDATION,MARILYN H FARRISH FOUNDATION,,"""MARILYN H FARRISH FOUNDATION"" Sarasota FL scholarship application",Sarasota,Sarasota,274311259,1053060,0,T90,Y,files-990PF;private-foundation:04;name:foundation,,,,,,,,,
C,40,ROSS J BORN AND WENDY G BORN CHARITABLE TRUST,ROSS J BORN AND WENDY G BORN CHARITABLE TRUST,,"""ROSS J BORN AND WENDY G BORN CHARITABLE TRUST"" Longboat Key FL scholarship application",Longboat Key,Sarasota,237653033,1049228,0,,Y,files-990PF;private-foundation:04;name:foundation,,,,,,,,,
C,40,RSN FOUNDATION,RSN FOUNDATION,,"""RSN FOUNDATION"" Sarasota FL scholarship application",Sarasota,Sarasota,236805422,1040678,0,,Y,files-990PF;private-foundation:04;name:foundation,,,,,,,,,
C,40,ST FRANCIS FOUNDATION INC,ST FRANCIS FOUNDATION INC,,"""ST FRANCIS FOUNDATION INC"" Zephyrhills FL scholarship application",Zephyrhills,Pasco,592930960,1030311,0,,Y,files-990PF;private-foundation:04;name:foundation,,,,,,,,,
C,38,KIDS ARK ABC,KIDS ARK ABC,,"""KIDS ARK ABC"" Sarasota FL scholarship application",Sarasota,Sarasota,921284211,1208730,0,B99,Y,files-990PF;private-foundation:04;ntee-education:B99,,,,,,,,,
C,35,PASCO EDUCATION FOUNDATION INC,PASCO EDUCATION FOUNDATION INC,,"""PASCO EDUCATION FOUNDATION INC"" Land O Lakes FL scholarship application",Land O Lakes,Pasco,593048717,6146534,2128966,T30,,ntee-grantmaker:T30;name:foundation;name:education,,,,,,,,,
C,35,KAY ANDREWS EDUCATIONAL FOUNDATION,KAY ANDREWS EDUCATIONAL FOUNDATION,,"""KAY ANDREWS EDUCATIONAL FOUNDATION"" Tampa FL scholarship application",Tampa,Hillsborough,844645299,3051141,7340,T22,,ntee-grantmaker:T22;name:foundation;name:education,,,,,,,,,
C,35,NORMAN E PETERSON AND DIANA LAGER PETERSON EDUCATIONAL FUND INC,NORMAN E PETERSON AND DIANA LAGER PETERSON EDUCATIONAL FUND INC,,"""NORMAN E PETERSON AND DIANA LAGER PETERSON EDUCATIONAL FUND INC"" Sarasota FL scholarship application",Sarasota,Sarasota,592749952,1100818,0,,Y,files-990PF;private-foundation:04;name:education,,,,,,,,,
C,30,RAYMOND JAMES CHARITABLE ENDOWMENT FUND,RAYMOND JAMES CHARITABLE ENDOWMENT FUND,,"""RAYMOND JAMES CHARITABLE ENDOWMENT FUND"" St Petersburg FL scholarship application",St Petersburg,Pinellas,593652538,2370530074,955087502,T30,,ntee-grantmaker:T30;name:foundation,,,,,,,,,
C,30,GALASHIELS FUND LTD,GALASHIELS FUND LTD,,"""GALASHIELS FUND LTD"" Sarasota FL scholarship application",Sarasota,Sarasota,943059858,150611966,0,,Y,files-990PF;private-foundation:04,,,,,,,,,
C,30,AMERICAN CRAFTSMAN MUSEUM INC,AMERICAN CRAFTSMAN MUSEUM INC,,"""AMERICAN CRAFTSMAN MUSEUM INC"" St Petersburg FL scholarship application",St Petersburg,Pinellas,900883474,112697984,0,A50,Y,files-990PF;private-foundation:03,,,,,,,,,
C,30,JAMES MUSEUM OF WESTERN ART,JAMES MUSEUM OF WESTERN ART,,"""JAMES MUSEUM OF WESTERN ART"" St Petersburg FL scholarship application",St Petersburg,Pinellas,474364053,96163974,0,A51,Y,files-990PF;private-foundation:03,,,,,,,,,
C,30,TAMPA-ORLANDO-PINELLAS JEWISH FOUNDATION INC,TAMPA-ORLANDO-PINELLAS JEWISH FOUNDATION INC,,"""TAMPA-ORLANDO-PINELLAS JEWISH FOUNDATION INC"" Tampa FL scholarship application",Tampa,Hillsborough,592053655,86675405,11891908,T30,,ntee-grantmaker:T30;name:foundation,,,,,,,,,
C,30,GIVERS LEGACY FOUNDATION INC,GIVERS LEGACY FOUNDATION INC,,"""GIVERS LEGACY FOUNDATION INC"" Clearwater FL scholarship application",Clearwater,Pinellas,593498416,68751506,8335104,T30,,ntee-grantmaker:T30;name:foundation,,,,,,,,,
C,30,NEMA FOUNDATION INC,NEMA FOUNDATION INC,,"""NEMA FOUNDATION INC"" Sarasota FL scholarship application",Sarasota,Sarasota,274357830,32581469,30496474,T30,,ntee-grantmaker:T30;name:foundation,,,,,,,,,
C,30,NATIONAL CHRISTIAN CHARITABLE FOUNDATION INC,NATIONAL CHRISTIAN CHARITABLE FOUNDATION INC,,"""NATIONAL CHRISTIAN CHARITABLE FOUNDATION INC"" Tampa FL scholarship application",Tampa,Hillsborough,473438111,27625111,1553474,T31,,ntee-grantmaker:T31;name:foundation,,,,,,,,,
C,30,DR LARRY & ANN LAIKS CHARITABLE TR UAD 31 OCT 2000 AS AMENDED,DR LARRY & ANN LAIKS CHARITABLE TR UAD 31 OCT 2000 AS AMENDED,,"""DR LARRY & ANN LAIKS CHARITABLE TR UAD 31 OCT 2000 AS AMENDED"" Sarasota FL scholarship application",Sarasota,Sarasota,926200770,18377456,0,H30,Y,files-990PF;private-foundation:04,,,,,,,,,
C,30,NATIONAL CHRISTIAN CHARITABLE FOUNDATION INC,NATIONAL CHRISTIAN CHARITABLE FOUNDATION INC,,"""NATIONAL CHRISTIAN CHARITABLE FOUNDATION INC"" Clearwater FL scholarship application",Clearwater,Pinellas,474661995,13605801,2417945,T31,,ntee-grantmaker:T31;name:foundation,,,,,,,,,
C,30,OUR LADY OF DIVINE PROVIDENCE HOUSE OF PRAYER FOUNDATION INC,OUR LADY OF DIVINE PROVIDENCE HOUSE OF PRAYER FOUNDATION INC,,"""OUR LADY OF DIVINE PROVIDENCE HOUSE OF PRAYER FOUNDATION INC"" Clearwater FL scholarship application",Clearwater,Pinellas,593208709,13406360,1693685,T20Z,,ntee-grantmaker:T20Z;name:foundation,,,,,,,,,
C,30,TAMPA BAY TIMES FUND INC,TAMPA BAY TIMES FUND INC,,"""TAMPA BAY TIMES FUND INC"" St Petersburg FL scholarship application",St Petersburg,Pinellas,596142547,11098442,0,,Y,files-990PF;private-foundation:04,,,,,,,,,
C,30,ALL STAR CHILDRENS FOUNDATION INC,ALL STAR CHILDRENS FOUNDATION INC,,"""ALL STAR CHILDRENS FOUNDATION INC"" Sarasota FL scholarship application",Sarasota,Sarasota,202182079,10538367,3854498,T12,,ntee-grantmaker:T12;name:foundation,,,,,,,,,
C,30,THE IRONMAN FOUNDATION INC,THE IRONMAN FOUNDATION INC,,"""THE IRONMAN FOUNDATION INC"" Tampa FL scholarship application",Tampa,Hillsborough,651172979,10200549,3118070,T12,,ntee-grantmaker:T12;name:foundation,,,,,,,,,
C,30,CIGAR FAMILY CHARITABLE FOUNDATION INC,CIGAR FAMILY CHARITABLE FOUNDATION INC,,"""CIGAR FAMILY CHARITABLE FOUNDATION INC"" Tampa FL scholarship application",Tampa,Hillsborough,593735324,8953738,2757997,T30,,ntee-grantmaker:T30;name:foundation,,,,,,,,,
C,30,ST STEPHENS EPISCOPAL SCHOOL ENDOWMENT FUND TR,ST STEPHENS EPISCOPAL SCHOOL ENDOWMENT FUND TR,,"""ST STEPHENS EPISCOPAL SCHOOL ENDOWMENT FUND TR"" Bradenton FL scholarship application",Bradenton,Manatee,650771320,8321546,323922,T22Z,,ntee-grantmaker:T22Z;name:foundation,,,,,,,,,
C,30,FIVE STONES FUND INC,FIVE STONES FUND INC,,"""FIVE STONES FUND INC"" St Petersburg FL scholarship application",St Petersburg,Pinellas,521300277,8297305,0,,Y,files-990PF;private-foundation:04,,,,,,,,,
C,30,CENTER FOR FAITH AND FREEDOM INC,CENTER FOR FAITH AND FREEDOM INC,,"""CENTER FOR FAITH AND FREEDOM INC"" Lakewood Ranch FL scholarship application",Lakewood Ranch,Manatee,330365751,7615698,0,X80,Y,files-990PF;private-foundation:04,,,,,,,,,
C,30,FRIENDS OF JOSHUA HOUSE FOUNDATION INC,FRIENDS OF JOSHUA HOUSE FOUNDATION INC,,"""FRIENDS OF JOSHUA HOUSE FOUNDATION INC"" Lutz FL scholarship application",Lutz,Hillsborough,200597719,7187499,2224385,T30,,ntee-grantmaker:T30;name:foundation,,,,,,,,,
C,30,MARIETTA MUSEUM OF ART & WHIMSY INC,MARIETTA MUSEUM OF ART & WHIMSY INC,,"""MARIETTA MUSEUM OF ART & WHIMSY INC"" Sarasota FL scholarship application",Sarasota,Sarasota,270328538,5936595,0,A50,Y,files-990PF;private-foundation:03,,,,,,,,,
C,30,FLORIDA STATE FAIR FOUNDATION INC,FLORIDA STATE FAIR FOUNDATION INC,,"""FLORIDA STATE FAIR FOUNDATION INC"" Tampa FL scholarship application",Tampa,Hillsborough,593362841,5201102,502450,T30,,ntee-grantmaker:T30;name:foundation,,,,,,,,,
C,30,HISTORY HERITAGE AND HOPE FOUNDATION INC,HISTORY HERITAGE AND HOPE FOUNDATION INC,,"""HISTORY HERITAGE AND HOPE FOUNDATION INC"" St Petersburg FL scholarship application",St Petersburg,Pinellas,593643874,4454841,90048,T30,,ntee-grantmaker:T30;name:foundation,,,,,,,,,
C,30,FATHER LOPEZ FOUNDATION INC,FATHER LOPEZ FOUNDATION INC,,"""FATHER LOPEZ FOUNDATION INC"" Lutz FL scholarship application",Lutz,Hillsborough,593124478,4353815,437125,T22Z,,ntee-grantmaker:T22Z;name:foundation,,,,,,,,,
C,30,TAMPA BAY BUCCANEERS FOUNDATION INC,TAMPA BAY BUCCANEERS FOUNDATION INC,,"""TAMPA BAY BUCCANEERS FOUNDATION INC"" Tampa FL scholarship application",Tampa,Hillsborough,113642571,4321436,2777641,T21,,ntee-grantmaker:T21;name:foundation,,,,,,,,,
C,30,BRADENTON MISSIONARY VILLAGE INC,BRADENTON MISSIONARY VILLAGE INC,,"""BRADENTON MISSIONARY VILLAGE INC"" Bradenton FL scholarship application",Bradenton,Manatee,753109465,4126820,0,L20,Y,files-990PF;private-foundation:04,,,,,,,,,
C,30,SOCIETY FOR THE PREVENTION OF CRUELTY TO ANIMALS OF MANATEE CO,SOCIETY FOR THE PREVENTION OF CRUELTY TO ANIMALS OF MANATEE CO,,"""SOCIETY FOR THE PREVENTION OF CRUELTY TO ANIMALS OF MANATEE CO"" Bradenton FL scholarship application",Bradenton,Manatee,590826963,4067365,0,,Y,files-990PF;private-foundation:03,,,,,,,,,
C,30,MCDONALD TRAINING CENTER FOUNDATION INC,MCDONALD TRAINING CENTER FOUNDATION INC,,"""MCDONALD TRAINING CENTER FOUNDATION INC"" Tampa FL scholarship application",Tampa,Hillsborough,593015432,3821479,256837,T20,,ntee-grantmaker:T20;name:foundation,,,,,,,,,
C,30,LORDSHIP FOUNDATION INC,LORDSHIP FOUNDATION INC,,"""LORDSHIP FOUNDATION INC"" Sarasota FL scholarship application",Sarasota,Sarasota,582611428,3318623,542603,T20,,ntee-grantmaker:T20;name:foundation,,,,,,,,,
C,30,BROADRICK FAMILY FOUNDATION OF FLORIDA INC,BROADRICK FAMILY FOUNDATION OF FLORIDA INC,,"""BROADRICK FAMILY FOUNDATION OF FLORIDA INC"" Lutz FL scholarship application",Lutz,Hillsborough,811299927,3266313,1022806,T12,,ntee-grantmaker:T12;name:foundation,,,,,,,,,
C,30,PATRIOT HILL RANCH INC,PATRIOT HILL RANCH INC,,"""PATRIOT HILL RANCH INC"" Parrish FL scholarship application",Parrish,Manatee,853274231,3005678,0,W30,Y,files-990PF;private-foundation:03,,,,,,,,,
C,30,JOSEPH N & ROSEMARY E LOW FDN,JOSEPH N & ROSEMARY E LOW FDN,,"""JOSEPH N & ROSEMARY E LOW FDN"" St Petersburg FL scholarship application",St Petersburg,Pinellas,306736705,3000289,0,T50,Y,files-990PF;private-foundation:04,,,,,,,,,
C,30,CAMP IDLEWILD OF FLORIDA INC,CAMP IDLEWILD OF FLORIDA INC,,"""CAMP IDLEWILD OF FLORIDA INC"" Land O Lakes FL scholarship application",Land O Lakes,Pasco,462815027,2972616,0,N20,Y,files-990PF;private-foundation:04,,,,,,,,,
C,30,NATIONAL CHRISTIAN CHARITABLE FOUNDATION INC,NATIONAL CHRISTIAN CHARITABLE FOUNDATION INC,,"""NATIONAL CHRISTIAN CHARITABLE FOUNDATION INC"" Clearwater FL scholarship application",Clearwater,Pinellas,473162614,2853926,1990135,T31,,ntee-grantmaker:T31;name:foundation,,,,,,,,,
C,30,CLARK FAMILY FUND INC,CLARK FAMILY FUND INC,,"""CLARK FAMILY FUND INC"" Tampa FL scholarship application",Tampa,Hillsborough,650118632,2636030,0,,Y,files-990PF;private-foundation:04,,,,,,,,,
C,30,INTERNATIONAL INDEPENDENT SHOWMENS MUSEUM CORPORATION,INTERNATIONAL INDEPENDENT SHOWMENS MUSEUM CORPORATION,,"""INTERNATIONAL INDEPENDENT SHOWMENS MUSEUM CORPORATION"" Riverview FL scholarship application",Riverview,Hillsborough,593658955,2392447,0,A540,Y,files-990PF;private-foundation:04,,,,,,,,,
C,30,WETHERINGTON FOUNDATION INC,WETHERINGTON FOUNDATION INC,,"""WETHERINGTON FOUNDATION INC"" Sarasota FL scholarship application",Sarasota,Sarasota,371472181,2310904,466333,T30,,ntee-grantmaker:T30;name:foundation,,,,,,,,,
C,30,IDLEWILD FOUNDATION,IDLEWILD FOUNDATION,,"""IDLEWILD FOUNDATION"" Lutz FL scholarship application",Lutz,Hillsborough,263267484,2160020,359004,T31,,ntee-grantmaker:T31;name:foundation,,,,,,,,,
C,30,MANATEE MEMORIAL FOUNDATION INC,MANATEE MEMORIAL FOUNDATION INC,,"""MANATEE MEMORIAL FOUNDATION INC"" Bradenton FL scholarship application",Bradenton,Manatee,650392921,1670363,1379638,T30,,ntee-grantmaker:T30;name:foundation,,,,,,,,,
C,30,STARS IN THE FOREST WILDLIFE REHABILITATION INC,STARS IN THE FOREST WILDLIFE REHABILITATION INC,,"""STARS IN THE FOREST WILDLIFE REHABILITATION INC"" North Port FL scholarship application",North Port,Sarasota,113450782,1319976,0,D340,Y,files-990PF;private-foundation:03,,,,,,,,,
C,30,TW DIXSON FDN THE CHILDRENS HOME,TW DIXSON FDN THE CHILDRENS HOME,,"""TW DIXSON FDN THE CHILDRENS HOME"" St Petersburg FL scholarship application",St Petersburg,Pinellas,586155647,1309743,0,P110,Y,files-990PF;private-foundation:04,,,,,,,,,
C,30,WIN THE DAY FOUNDATION INC,WIN THE DAY FOUNDATION INC,,"""WIN THE DAY FOUNDATION INC"" Spring Hill FL scholarship application",Spring Hill,Pasco,863185846,1244506,150965,T31,,ntee-grantmaker:T31;name:foundation,,,,,,,,,
C,30,LOUISE H MEYER & EDWARD R MEYER MEMORIAL TRUST,LOUISE H MEYER & EDWARD R MEYER MEMORIAL TRUST,,"""LOUISE H MEYER & EDWARD R MEYER MEMORIAL TRUST"" St Petersburg FL scholarship application",St Petersburg,Pinellas,943228275,1224157,0,,Y,files-990PF;private-foundation:04,,,,,,,,,
C,30,CHURCHSHARE BIBLE INSTITUTE INC,CHURCHSHARE BIBLE INSTITUTE INC,,"""CHURCHSHARE BIBLE INSTITUTE INC"" Sarasota FL scholarship application",Sarasota,Sarasota,850653509,1205820,0,X20,Y,files-990PF;private-foundation:04,,,,,,,,,
C,30,SUE C CARILLO TR FBO SAFE PASSAGE,SUE C CARILLO TR FBO SAFE PASSAGE,,"""SUE C CARILLO TR FBO SAFE PASSAGE"" St Petersburg FL scholarship application",St Petersburg,Pinellas,876693543,1195179,0,,Y,files-990PF;private-foundation:04,,,,,,,,,
C,30,SUE C CARILLO TR FBO LANCASTER CHILD,SUE C CARILLO TR FBO LANCASTER CHILD,,"""SUE C CARILLO TR FBO LANCASTER CHILD"" St Petersburg FL scholarship application",St Petersburg,Pinellas,876693613,1194395,0,P20,Y,files-990PF;private-foundation:04,,,,,,,,,
C,30,PENNY LANE BEATLES MUSEUM INC,PENNY LANE BEATLES MUSEUM INC,,"""PENNY LANE BEATLES MUSEUM INC"" Clearwater FL scholarship application",Clearwater,Pinellas,831896322,1141384,0,A50,Y,files-990PF;private-foundation:03,,,,,,,,,
C,30,MANATEE RIVER YOUTH SAILING INC,MANATEE RIVER YOUTH SAILING INC,,"""MANATEE RIVER YOUTH SAILING INC"" Palmetto FL scholarship application",Palmetto,Manatee,596151488,1128169,0,,Y,files-990PF;private-foundation:04,,,,,,,,,
C,30,BETHKE FAMILY CHARITABLE TUW,BETHKE FAMILY CHARITABLE TUW,,"""BETHKE FAMILY CHARITABLE TUW"" St Petersburg FL scholarship application",St Petersburg,Pinellas,416165048,1014307,0,,Y,files-990PF;private-foundation:04,,,,,,,,,
C,25,THE RICHARD L MOOK EDUCATIONAL SCHO LARSHIP FUND,THE RICHARD L MOOK EDUCATIONAL SCHO LARSHIP FUND,,"""THE RICHARD L MOOK EDUCATIONAL SCHO LARSHIP FUND"" St Petersburg FL scholarship application",St Petersburg,Pinellas,306719546,1953132,0,,Y,files-990PF;name:education,,,,,,,,,
C,23,STATE COLLEGE OF FLORIDA FOUNDATION INC,STATE COLLEGE OF FLORIDA FOUNDATION INC,,"""STATE COLLEGE OF FLORIDA FOUNDATION INC"" Bradenton FL scholarship application",Bradenton,Manatee,591843274,105321832,9169741,B114,,name:foundation;ntee-education:B114;name:education,,,,,,,,,
C,23,ST PETERSBURG COLLEGE FOUNDATION INC,ST PETERSBURG COLLEGE FOUNDATION INC,,"""ST PETERSBURG COLLEGE FOUNDATION INC"" St Petersburg FL scholarship application",St Petersburg,Pinellas,591954362,101681023,18386327,B110,,name:foundation;ntee-education:B110;name:education,,,,,,,,,
C,23,NEW COLLEGE FOUNDATION INCORPORATED,NEW COLLEGE FOUNDATION INCORPORATED,,"""NEW COLLEGE FOUNDATION INCORPORATED"" Sarasota FL scholarship application",Sarasota,Sarasota,590911744,57947210,14077675,B110,,name:foundation;ntee-education:B110;name:education,,,,,,,,,
C,23,PINELLAS COUNTY EDUCATION FOUNDATION INC,PINELLAS COUNTY EDUCATION FOUNDATION INC,,"""PINELLAS COUNTY EDUCATION FOUNDATION INC"" Largo FL scholarship application",Largo,Pinellas,592688253,50240089,9273902,B12,,name:foundation;ntee-education:B12;name:education,,,,,,,,,
C,23,HILLSBOROUGH EDUCATION FOUNDATION INC,HILLSBOROUGH EDUCATION FOUNDATION INC,,"""HILLSBOROUGH EDUCATION FOUNDATION INC"" Tampa FL scholarship application",Tampa,Hillsborough,592883361,12592599,11664130,B90,,name:foundation;ntee-education:B90;name:education,,,,,,,,,
C,23,EDUCATION FOUNDATION OF SARASOTA CO UNTY INC,EDUCATION FOUNDATION OF SARASOTA CO UNTY INC,,"""EDUCATION FOUNDATION OF SARASOTA CO UNTY INC"" Sarasota FL scholarship application",Sarasota,Sarasota,592320858,12030085,4780412,B122,,name:foundation;ntee-education:B122;name:education,,,,,,,,,
C,23,WREC EDUCATIONAL FOUNDATION INC,WREC EDUCATIONAL FOUNDATION INC,,"""WREC EDUCATIONAL FOUNDATION INC"" Dade City FL scholarship application",Dade City,Pasco,593407203,10300706,2369687,B82Z,,name:foundation;ntee-education:B82Z;name:education,,,,,,,,,
C,23,FOUNDATION CHRISTIAN ACADEMY INC,FOUNDATION CHRISTIAN ACADEMY INC,,"""FOUNDATION CHRISTIAN ACADEMY INC"" Valrico FL scholarship application",Valrico,Hillsborough,593128048,9422893,5080391,B21,,name:foundation;ntee-education:B21;name:education,,,,,,,,,
C,23,GULF COAST ACADEMY OF SCIENCE AND TECHNOLOGY EDUCATION FOUNDATION IN,GULF COAST ACADEMY OF SCIENCE AND TECHNOLOGY EDUCATION FOUNDATION IN,,"""GULF COAST ACADEMY OF SCIENCE AND TECHNOLOGY EDUCATION FOUNDATION IN"" Spring Hill FL scholarship application",Spring Hill,Pasco,270965069,2703085,580998,B11,,name:foundation;ntee-education:B11;name:education,,,,,,,,,
C,20,UNIVERSITY OF SOUTH FLORIDA INSTITUTE OF APPLIED ENGINEERING I,UNIVERSITY OF SOUTH FLORIDA INSTITUTE OF APPLIED ENGINEERING I,,"""UNIVERSITY OF SOUTH FLORIDA INSTITUTE OF APPLIED ENGINEERING I"" Tampa FL scholarship application",Tampa,Hillsborough,831012625,10888270,12952649,T30,,ntee-grantmaker:T30,,,,,,,,,
C,20,GULF COAST CARES INC,GULF COAST CARES INC,,"""GULF COAST CARES INC"" Clearwater FL scholarship application",Clearwater,Pinellas,475550256,7347603,717833,T30,,ntee-grantmaker:T30,,,,,,,,,
C,20,BETTY JANE BELL CHARITABLE TR II,BETTY JANE BELL CHARITABLE TR II,,"""BETTY JANE BELL CHARITABLE TR II"" St Petersburg FL scholarship application",St Petersburg,Pinellas,826747123,5676909,0,,Y,files-990PF,,,,,,,,,
C,20,BETTY JANE BELL CHARITABLE TR I,BETTY JANE BELL CHARITABLE TR I,,"""BETTY JANE BELL CHARITABLE TR I"" St Petersburg FL scholarship application",St Petersburg,Pinellas,826745168,5660759,0,,Y,files-990PF,,,,,,,,,
C,20,TAKE STOCK IN CHILDREN OF MANATEE COUNTY INC,TAKE STOCK IN CHILDREN OF MANATEE COUNTY INC,,"""TAKE STOCK IN CHILDREN OF MANATEE COUNTY INC"" Palmetto FL scholarship application",Palmetto,Manatee,461337168,5103389,1424147,T30,,ntee-grantmaker:T30,,,,,,,,,
C,20,BRANDEN SPORTS AND AQUATIC CENTER,BRANDEN SPORTS AND AQUATIC CENTER,,"""BRANDEN SPORTS AND AQUATIC CENTER"" Brandon FL scholarship application",Brandon,Hillsborough,591001300,4847334,4088787,T20,,ntee-grantmaker:T20,,,,,,,,,
C,20,HOWARD & ETHEL ROSS TR UA 2,HOWARD & ETHEL ROSS TR UA 2,,"""HOWARD & ETHEL ROSS TR UA 2"" Clearwater FL scholarship application",Clearwater,Pinellas,597109127,4836740,401732,T20J,,ntee-grantmaker:T20J,,,,,,,,,
C,20,COPPERHEAD CHARITIES INC,COPPERHEAD CHARITIES INC,,"""COPPERHEAD CHARITIES INC"" Palm Harbor FL scholarship application",Palm Harbor,Pinellas,592319162,4182823,18260364,T990,,ntee-grantmaker:T990,,,,,,,,,
C,20,ELIZABETH D CONKLIN IRRV SETTLEMENT TR 12122022,ELIZABETH D CONKLIN IRRV SETTLEMENT TR 12122022,,"""ELIZABETH D CONKLIN IRRV SETTLEMENT TR 12122022"" Tampa FL scholarship application",Tampa,Hillsborough,926606241,2946774,0,,Y,files-990PF,,,,,,,,,
C,20,MELVA LONG TR,MELVA LONG TR,,"""MELVA LONG TR"" St Petersburg FL scholarship application",St Petersburg,Pinellas,306722342,2665453,0,,Y,files-990PF,,,,,,,,,
C,20,F E A S T INC,F E A S T INC,,"""F E A S T INC"" Palm Harbor FL scholarship application",Palm Harbor,Pinellas,592981961,2613552,2857925,T30Z,,ntee-grantmaker:T30Z,,,,,,,,,
C,20,FLORIDA K OF C CHARITIES INC,FLORIDA K OF C CHARITIES INC,,"""FLORIDA K OF C CHARITIES INC"" Valrico FL scholarship application",Valrico,Hillsborough,593659193,2186768,838177,T30,,ntee-grantmaker:T30,,,,,,,,,
C,20,CHISELERS INC,CHISELERS INC,,"""CHISELERS INC"" Tampa FL scholarship application",Tampa,Hillsborough,596200154,1804571,523642,T30,,ntee-grantmaker:T30,,,,,,,,,
C,20,SAMARITAN COUNSELING SERVICES OF THE GULF COAST INC,SAMARITAN COUNSELING SERVICES OF THE GULF COAST INC,,"""SAMARITAN COUNSELING SERVICES OF THE GULF COAST INC"" Sarasota FL scholarship application",Sarasota,Sarasota,593457923,1625194,2961322,T20I,,ntee-grantmaker:T20I,,,,,,,,,
C,20,JOHN AND ELIZABETH SULZBACH MEMORIAL TR 09252022,JOHN AND ELIZABETH SULZBACH MEMORIAL TR 09252022,,"""JOHN AND ELIZABETH SULZBACH MEMORIAL TR 09252022"" Tampa FL scholarship application",Tampa,Hillsborough,996669601,1536379,0,,Y,files-990PF,,,,,,,,,
C,20,CORONA & FREDERICK LEWIS CHAR TR,CORONA & FREDERICK LEWIS CHAR TR,,"""CORONA & FREDERICK LEWIS CHAR TR"" St Petersburg FL scholarship application",St Petersburg,Pinellas,306595453,1352941,117191,T20,,ntee-grantmaker:T20,,,,,,,,,
C,20,TRAVELING PRESS FUND INC,TRAVELING PRESS FUND INC,,"""TRAVELING PRESS FUND INC"" St Petersburg FL scholarship application",St Petersburg,Pinellas,842726336,1260015,4365826,T99,,ntee-grantmaker:T99,,,,,,,,,
C,20,CLARA SCHOENBORN MASON IRRV ADMINISTRATIVE TR 12222023,CLARA SCHOENBORN MASON IRRV ADMINISTRATIVE TR 12222023,,"""CLARA SCHOENBORN MASON IRRV ADMINISTRATIVE TR 12222023"" Tampa FL scholarship application",Tampa,Hillsborough,996475994,1175612,0,,Y,files-990PF,,,,,,,,,
C,20,ARMED FORCES FAMILIES FOUNDATIONINC,ARMED FORCES FAMILIES FOUNDATIONINC,,"""ARMED FORCES FAMILIES FOUNDATIONINC"" Clearwater FL scholarship application",Clearwater,Pinellas,205802155,1091202,29460,T30,,ntee-grantmaker:T30,,,,,,,,,
C,20,HILLSBOROUGH COUNTY FIREFIGHTER CHARITIES INC,HILLSBOROUGH COUNTY FIREFIGHTER CHARITIES INC,,"""HILLSBOROUGH COUNTY FIREFIGHTER CHARITIES INC"" Tampa FL scholarship application",Tampa,Hillsborough,030390529,1039340,234526,T30,,ntee-grantmaker:T30,,,,,,,,,
D,65,IMG ACADEMY FOUNDATION INC,IMG ACADEMY FOUNDATION INC,,"""IMG ACADEMY FOUNDATION INC"" Bradenton FL scholarship application",Bradenton,Manatee,883778491,400749,0,T20,Y,ntee-grantmaker:T20;files-990PF;private-foundation:04;name:foundation;name:education,,,,,,,,,
D,65,CHRISTIAN EDUCATION FOUNDATION INC,CHRISTIAN EDUCATION FOUNDATION INC,,"""CHRISTIAN EDUCATION FOUNDATION INC"" Dade City FL scholarship application",Dade City,Pasco,900884039,184387,0,T20,Y,ntee-grantmaker:T20;files-990PF;private-foundation:04;name:foundation;name:education,,,,,,,,,
D,65,ARISTOTLE EDUCATION FOUNDATION INC,ARISTOTLE EDUCATION FOUNDATION INC,,"""ARISTOTLE EDUCATION FOUNDATION INC"" Sarasota FL scholarship application",Sarasota,Sarasota,830753828,1,0,T22,Y,ntee-grantmaker:T22;files-990PF;private-foundation:04;name:foundation;name:education,,,,,,,,,
D,60,HUMPHREY FAMILY FOUNDATION INC,HUMPHREY FAMILY FOUNDATION INC,,"""HUMPHREY FAMILY FOUNDATION INC"" Bradenton FL scholarship application",Bradenton,Manatee,814306908,993940,0,T22,Y,ntee-grantmaker:T22;files-990PF;private-foundation:04;name:foundation,,,,,,,,,
D,60,L6 FOUNDATION,L6 FOUNDATION,,"""L6 FOUNDATION"" St Petersburg FL scholarship application",St Petersburg,Pinellas,261614854,993678,0,T20,Y,ntee-grantmaker:T20;files-990PF;private-foundation:04;name:foundation,,,,,,,,,
D,60,BENT RUDDER FOUNDATION,BENT RUDDER FOUNDATION,,"""BENT RUDDER FOUNDATION"" Tampa FL scholarship application",Tampa,Hillsborough,476701643,975270,0,T20,Y,ntee-grantmaker:T20;files-990PF;private-foundation:04;name:foundation,,,,,,,,,
D,60,BROMARK FAMILY FOUNDATION UAD 01-11-2019,BROMARK FAMILY FOUNDATION UAD 01-11-2019,,"""BROMARK FAMILY FOUNDATION UAD 01-11-2019"" Sarasota FL scholarship application",Sarasota,Sarasota,836691102,972391,0,T22,Y,ntee-grantmaker:T22;files-990PF;private-foundation:04;name:foundation,,,,,,,,,
D,60,MORAVITS FAMILY FOUNDATION,MORAVITS FAMILY FOUNDATION,,"""MORAVITS FAMILY FOUNDATION"" Sarasota FL scholarship application",Sarasota,Sarasota,271565620,955935,0,T22,Y,ntee-grantmaker:T22;files-990PF;private-foundation:04;name:foundation,,,,,,,,,
D,60,HIGMAN SOYRING FOUNDATION INC,HIGMAN SOYRING FOUNDATION INC,,"""HIGMAN SOYRING FOUNDATION INC"" St Petersburg FL scholarship application",St Petersburg,Pinellas,201894368,925059,0,T22,Y,ntee-grantmaker:T22;files-990PF;private-foundation:04;name:foundation,,,,,,,,,
D,60,SAHARA FOUNDATION,SAHARA FOUNDATION,,"""SAHARA FOUNDATION"" Tampa FL scholarship application",Tampa,Hillsborough,846667459,914558,0,T20,Y,ntee-grantmaker:T20;files-990PF;private-foundation:04;name:foundation,,,,,,,,,
D,60,KAYLA MITCHELL FOUNDATION,KAYLA MITCHELL FOUNDATION,,"""KAYLA MITCHELL FOUNDATION"" Sarasota FL scholarship application",Sarasota,Sarasota,562307848,910714,0,T22,Y,ntee-grantmaker:T22;files-990PF;private-foundation:04;name:foundation,,,,,,,,,
D,60,HELEN P GLIMPSE CHARITABLE FOUNDATION INC 0269167,HELEN P GLIMPSE CHARITABLE FOUNDATION INC 0269167,,"""HELEN P GLIMPSE CHARITABLE FOUNDATION INC 0269167"" Gulfport FL scholarship application",Gulfport,Pinellas,593340126,908220,0,T22Z,Y,ntee-grantmaker:T22Z;files-990PF;private-foundation:04;name:foundation,,,,,,,,,
D,60,ESSNER FAMILY FOUNDATION,ESSNER FAMILY FOUNDATION,,"""ESSNER FAMILY FOUNDATION"" Sarasota FL scholarship application",Sarasota,Sarasota,814580388,905688,0,T22,Y,ntee-grantmaker:T22;files-990PF;private-foundation:04;name:foundation,,,,,,,,,
D,60,DONEGAL FAMILY FOUNDATION INC,DONEGAL FAMILY FOUNDATION INC,,"""DONEGAL FAMILY FOUNDATION INC"" Tampa FL scholarship application",Tampa,Hillsborough,201890272,901507,0,T20,Y,ntee-grantmaker:T20;files-990PF;private-foundation:04;name:foundation,,,,,,,,,
D,60,RAFRANCO FOUNDATION,RAFRANCO FOUNDATION,,"""RAFRANCO FOUNDATION"" Sarasota FL scholarship application",Sarasota,Sarasota,874476515,894134,0,T20,Y,ntee-grantmaker:T20;files-990PF;private-foundation:04;name:foundation,,,,,,,,,
D,60,ROOMS TO GO FOUNDATION INC,ROOMS TO GO FOUNDATION INC,,"""ROOMS TO GO FOUNDATION INC"" Seffner FL scholarship application",Seffner,Hillsborough,650878894,891626,0,T20,Y,ntee-grantmaker:T20;files-990PF;private-foundation:04;name:foundation,,,,,,,,,
D,60,JANE AND RABBI ABRAHAM KRANTZ FAMILY FOUNDATION,JANE AND RABBI ABRAHAM KRANTZ FAMILY FOUNDATION,,"""JANE AND RABBI ABRAHAM KRANTZ FAMILY FOUNDATION"" Sarasota FL scholarship application",Sarasota,Sarasota,133914838,880013,0,T99Z,Y,ntee-grantmaker:T99Z;files-990PF;private-foundation:04;name:foundation,,,,,,,,,
D,60,GREENWALD-HAUPT CHARITABLE FOUNDATION,GREENWALD-HAUPT CHARITABLE FOUNDATION,,"""GREENWALD-HAUPT CHARITABLE FOUNDATION"" Seminole FL scholarship application",Seminole,Pinellas,363981946,873561,0,T22Z,Y,ntee-grantmaker:T22Z;files-990PF;private-foundation:04;name:foundation,,,,,,,,,
D,60,PURIFY FOUNDATION INC,PURIFY FOUNDATION INC,,"""PURIFY FOUNDATION INC"" Tampa FL scholarship application",Tampa,Hillsborough,990390912,870000,0,T20,Y,ntee-grantmaker:T20;files-990PF;private-foundation:04;name:foundation,,,,,,,,,
D,60,CAROLE AND DOUG MAIBACH FAMILY FOUNDATION INC,CAROLE AND DOUG MAIBACH FAMILY FOUNDATION INC,,"""CAROLE AND DOUG MAIBACH FAMILY FOUNDATION INC"" Parrish FL scholarship application",Parrish,Manatee,884272812,869826,0,T20,Y,ntee-grantmaker:T20;files-990PF;private-foundation:04;name:foundation,,,,,,,,,
D,60,HOMEWOOD FAMILY FOUNDATION,HOMEWOOD FAMILY FOUNDATION,,"""HOMEWOOD FAMILY FOUNDATION"" St Petersburg FL scholarship application",St Petersburg,Pinellas,461095356,867478,0,T22,Y,ntee-grantmaker:T22;files-990PF;private-foundation:04;name:foundation,,,,,,,,,
D,60,TRIPLETT FAM FOUNDATION TR,TRIPLETT FAM FOUNDATION TR,,"""TRIPLETT FAM FOUNDATION TR"" Parrish FL scholarship application",Parrish,Manatee,206802824,860088,0,T20,Y,ntee-grantmaker:T20;files-990PF;private-foundation:04;name:foundation,,,,,,,,,
D,60,MUELLER HOISEL WANGER CHARITABLE FOUNDATION,MUELLER HOISEL WANGER CHARITABLE FOUNDATION,,"""MUELLER HOISEL WANGER CHARITABLE FOUNDATION"" Venice FL scholarship application",Venice,Sarasota,464380504,846536,0,T20,Y,ntee-grantmaker:T20;files-990PF;private-foundation:04;name:foundation,,,,,,,,,
D,60,F THOMAS & PATRICIA D WESTCOTT FOUNDATION,F THOMAS & PATRICIA D WESTCOTT FOUNDATION,,"""F THOMAS & PATRICIA D WESTCOTT FOUNDATION"" St Petersburg FL scholarship application",St Petersburg,Pinellas,043254505,831282,0,T22Z,Y,ntee-grantmaker:T22Z;files-990PF;private-foundation:04;name:foundation,,,,,,,,,
D,60,CULBREATH FAMILY FOUNDATION INC,CULBREATH FAMILY FOUNDATION INC,,"""CULBREATH FAMILY FOUNDATION INC"" Tampa FL scholarship application",Tampa,Hillsborough,208660715,819010,0,T22,Y,ntee-grantmaker:T22;files-990PF;private-foundation:04;name:foundation,,,,,,,,,
D,60,THE DONNA JOSEPH CHARITABLE TRUST,THE DONNA JOSEPH CHARITABLE TRUST,,"""THE DONNA JOSEPH CHARITABLE TRUST"" Tampa FL scholarship application",Tampa,Hillsborough,836149115,807073,0,T22,Y,ntee-grantmaker:T22;files-990PF;private-foundation:04;name:foundation,,,,,,,,,
D,60,SCHMERTZLER FAMILY FOUNDATION,SCHMERTZLER FAMILY FOUNDATION,,"""SCHMERTZLER FAMILY FOUNDATION"" St Petersburg FL scholarship application",St Petersburg,Pinellas,316674420,796785,0,T22,Y,ntee-grantmaker:T22;files-990PF;private-foundation:04;name:foundation,,,,,,,,,
D,60,CARN FAMILY FOUNDATION INC,CARN FAMILY FOUNDATION INC,,"""CARN FAMILY FOUNDATION INC"" St Pete Beach FL scholarship application",St Pete Beach,Pinellas,854223931,790738,0,T20,Y,ntee-grantmaker:T20;files-990PF;private-foundation:04;name:foundation,,,,,,,,,
D,60,WOODNOTE FOUNDATION T-U-A 2-14-18,WOODNOTE FOUNDATION T-U-A 2-14-18,,"""WOODNOTE FOUNDATION T-U-A 2-14-18"" St Petersburg FL scholarship application",St Petersburg,Pinellas,824457466,790372,0,T20,Y,ntee-grantmaker:T20;files-990PF;private-foundation:04;name:foundation,,,,,,,,,
D,60,THE WILLIAM E AND JULIANA P ONEILL FAMILY FOUNDATION,THE WILLIAM E AND JULIANA P ONEILL FAMILY FOUNDATION,,"""THE WILLIAM E AND JULIANA P ONEILL FAMILY FOUNDATION"" Lutz FL scholarship application",Lutz,Hillsborough,311679171,790358,0,T22,Y,ntee-grantmaker:T22;files-990PF;private-foundation:04;name:foundation,,,,,,,,,
D,60,GASTON DUFRESNE FOUNDATION FOR THE PERFORMING ARTS,GASTON DUFRESNE FOUNDATION FOR THE PERFORMING ARTS,,"""GASTON DUFRESNE FOUNDATION FOR THE PERFORMING ARTS"" Sarasota FL scholarship application",Sarasota,Sarasota,650939291,789194,0,T220,Y,ntee-grantmaker:T220;files-990PF;private-foundation:04;name:foundation,,,,,,,,,
D,60,HERMAN E & HELEN H TURNER FOUNDATION TRUST,HERMAN E & HELEN H TURNER FOUNDATION TRUST,,"""HERMAN E & HELEN H TURNER FOUNDATION TRUST"" Holmes Beach FL scholarship application",Holmes Beach,Manatee,656260563,781441,0,T22,Y,ntee-grantmaker:T22;files-990PF;private-foundation:04;name:foundation,,,,,,,,,
D,60,WEST FAMILY FOUNDATION TRUST,WEST FAMILY FOUNDATION TRUST,,"""WEST FAMILY FOUNDATION TRUST"" Venice FL scholarship application",Venice,Sarasota,331722493,781325,0,T22,Y,ntee-grantmaker:T22;files-990PF;private-foundation:03;name:foundation,,,,,,,,,
D,60,FALKNER FAMILY FOUNDATION INC,FALKNER FAMILY FOUNDATION INC,,"""FALKNER FAMILY FOUNDATION INC"" Myakka City FL scholarship application",Myakka City,Manatee,871752355,780903,0,T23,Y,ntee-grantmaker:T23;files-990PF;private-foundation:03;name:foundation,,,,,,,,,
D,60,NORMAN WILLIAM WILSON CHARITABLE FOUNDATION,NORMAN WILLIAM WILSON CHARITABLE FOUNDATION,,"""NORMAN WILLIAM WILSON CHARITABLE FOUNDATION"" St Petersburg FL scholarship application",St Petersburg,Pinellas,813373449,768133,0,T20,Y,ntee-grantmaker:T20;files-990PF;private-foundation:04;name:foundation,,,,,,,,,
D,60,BASIS ENDOWMENT FOUNDATION,BASIS ENDOWMENT FOUNDATION,,"""BASIS ENDOWMENT FOUNDATION"" Tampa FL scholarship application",Tampa,Hillsborough,943382895,763438,0,T22,Y,ntee-grantmaker:T22;files-990PF;private-foundation:04;name:foundation,,,,,,,,,
D,60,THE IZARD FAMILY CHARITABLE TRUST,THE IZARD FAMILY CHARITABLE TRUST,,"""THE IZARD FAMILY CHARITABLE TRUST"" Tampa FL scholarship application",Tampa,Hillsborough,586302412,753101,0,T20,Y,ntee-grantmaker:T20;files-990PF;private-foundation:04;name:foundation,,,,,,,,,
D,60,MATTHEW SCOTT ROBERDS FAMILY FOUNDATION,MATTHEW SCOTT ROBERDS FAMILY FOUNDATION,,"""MATTHEW SCOTT ROBERDS FAMILY FOUNDATION"" Belleair FL scholarship application",Belleair,Pinellas,882404217,744800,0,T22,Y,ntee-grantmaker:T22;files-990PF;private-foundation:04;name:foundation,,,,,,,,,
D,60,JOMO & CHARMAINE COUSINS FOUNDATION,JOMO & CHARMAINE COUSINS FOUNDATION,,"""JOMO & CHARMAINE COUSINS FOUNDATION"" Riverview FL scholarship application",Riverview,Hillsborough,812917018,744409,0,T20,Y,ntee-grantmaker:T20;files-990PF;private-foundation:04;name:foundation,,,,,,,,,
D,60,FREEMAN FAMILY FOUNDATION INC,FREEMAN FAMILY FOUNDATION INC,,"""FREEMAN FAMILY FOUNDATION INC"" Tampa FL scholarship application",Tampa,Hillsborough,205517716,734061,0,T20,Y,ntee-grantmaker:T20;files-990PF;private-foundation:04;name:foundation,,,,,,,,,
D,60,VICKERS FOUNDATION,VICKERS FOUNDATION,,"""VICKERS FOUNDATION"" St Pete Beach FL scholarship application",St Pete Beach,Pinellas,621722201,727240,0,T20,Y,ntee-grantmaker:T20;files-990PF;private-foundation:04;name:foundation,,,,,,,,,
D,60,PIERRE AND KATHRYN MCCORMICK FAMILY FOUNDATION INC,PIERRE AND KATHRYN MCCORMICK FAMILY FOUNDATION INC,,"""PIERRE AND KATHRYN MCCORMICK FAMILY FOUNDATION INC"" Longboat Key FL scholarship application",Longboat Key,Sarasota,822715709,725185,0,T22,Y,ntee-grantmaker:T22;files-990PF;private-foundation:04;name:foundation,,,,,,,,,
D,60,THEDA BOHRER WENDY AND TRACEY SHAPIRO CHARITABLE FOUNDATION INC,THEDA BOHRER WENDY AND TRACEY SHAPIRO CHARITABLE FOUNDATION INC,,"""THEDA BOHRER WENDY AND TRACEY SHAPIRO CHARITABLE FOUNDATION INC"" Sarasota FL scholarship application",Sarasota,Sarasota,260163820,723747,0,T20,Y,ntee-grantmaker:T20;files-990PF;private-foundation:04;name:foundation,,,,,,,,,
D,60,BERNARD LEWIS CHARITABLE FOUNDATION,BERNARD LEWIS CHARITABLE FOUNDATION,,"""BERNARD LEWIS CHARITABLE FOUNDATION"" Longboat Key FL scholarship application",Longboat Key,Sarasota,954824569,717172,0,T20,Y,ntee-grantmaker:T20;files-990PF;private-foundation:04;name:foundation,,,,,,,,,
D,60,BIRK FOUNDATION,BIRK FOUNDATION,,"""BIRK FOUNDATION"" Sarasota FL scholarship application",Sarasota,Sarasota,200464855,706835,0,T22,Y,ntee-grantmaker:T22;files-990PF;private-foundation:04;name:foundation,,,,,,,,,
D,60,FIRST AUROVEDA FOUNDATION INC,FIRST AUROVEDA FOUNDATION INC,,"""FIRST AUROVEDA FOUNDATION INC"" Spring Hill FL scholarship application",Spring Hill,Pasco,753180375,706697,0,T22,Y,ntee-grantmaker:T22;files-990PF;private-foundation:04;name:foundation,,,,,,,,,
D,60,ERNEST AND THELMA YOUDE CHARITABLE TRUST,ERNEST AND THELMA YOUDE CHARITABLE TRUST,,"""ERNEST AND THELMA YOUDE CHARITABLE TRUST"" St Petersburg FL scholarship application",St Petersburg,Pinellas,436924427,704186,0,T22,Y,ntee-grantmaker:T22;files-990PF;private-foundation:04;name:foundation,,,,,,,,,
D,60,THE GARY W WOOD FOUNDATION IRREVOCABLE TRUST,THE GARY W WOOD FOUNDATION IRREVOCABLE TRUST,,"""THE GARY W WOOD FOUNDATION IRREVOCABLE TRUST"" Venice FL scholarship application",Venice,Sarasota,656279593,694076,0,T22,Y,ntee-grantmaker:T22;files-990PF;private-foundation:04;name:foundation,,,,,,,,,
D,60,GELFENBEIN-KAPLAN CHARITABLE FOUNDATION INC,GELFENBEIN-KAPLAN CHARITABLE FOUNDATION INC,,"""GELFENBEIN-KAPLAN CHARITABLE FOUNDATION INC"" Bradenton FL scholarship application",Bradenton,Manatee,880646382,689025,0,T20,Y,ntee-grantmaker:T20;files-990PF;private-foundation:04;name:foundation,,,,,,,,,
D,60,RONALD AND GERI YONOVER FOUNDATION,RONALD AND GERI YONOVER FOUNDATION,,"""RONALD AND GERI YONOVER FOUNDATION"" Longboat Key FL scholarship application",Longboat Key,Sarasota,367296696,684152,0,T30,Y,ntee-grantmaker:T30;files-990PF;private-foundation:04;name:foundation,,,,,,,,,
D,60,BAKER FAMILY FOUNDATION INC,BAKER FAMILY FOUNDATION INC,,"""BAKER FAMILY FOUNDATION INC"" Safety Harbor FL scholarship application",Safety Harbor,Pinellas,364869037,679320,0,T22,Y,ntee-grantmaker:T22;files-990PF;private-foundation:04;name:foundation,,,,,,,,,
D,60,CHARLES AND BARBARA DEWEY FAMILY FOUNDATION,CHARLES AND BARBARA DEWEY FAMILY FOUNDATION,,"""CHARLES AND BARBARA DEWEY FAMILY FOUNDATION"" Osprey FL scholarship application",Osprey,Sarasota,854324690,667202,0,T20,Y,ntee-grantmaker:T20;files-990PF;private-foundation:04;name:foundation,,,,,,,,,
D,60,FAWKES FOUNDATION INC,FAWKES FOUNDATION INC,,"""FAWKES FOUNDATION INC"" Venice FL scholarship application",Venice,Sarasota,934980028,665715,0,T22,Y,ntee-grantmaker:T22;files-990PF;private-foundation:04;name:foundation,,,,,,,,,
D,60,TARA AND JAY PANARA FAMILY FOUNDATION,TARA AND JAY PANARA FAMILY FOUNDATION,,"""TARA AND JAY PANARA FAMILY FOUNDATION"" Largo FL scholarship application",Largo,Pinellas,836562434,660057,0,T20,Y,ntee-grantmaker:T20;files-990PF;private-foundation:04;name:foundation,,,,,,,,,
D,60,DODT FAMILY FOUNDATION INC,DODT FAMILY FOUNDATION INC,,"""DODT FAMILY FOUNDATION INC"" Bradenton FL scholarship application",Bradenton,Manatee,650812002,639325,0,T20Z,Y,ntee-grantmaker:T20Z;files-990PF;private-foundation:04;name:foundation,,,,,,,,,
D,60,KRUSEN FAMILY CHARITABLE FOUNDATION CORP,KRUSEN FAMILY CHARITABLE FOUNDATION CORP,,"""KRUSEN FAMILY CHARITABLE FOUNDATION CORP"" Tampa FL scholarship application",Tampa,Hillsborough,472236860,638450,0,T20,Y,ntee-grantmaker:T20;files-990PF;private-foundation:04;name:foundation,,,,,,,,,
D,60,MOMO FOUNDATION,MOMO FOUNDATION,,"""MOMO FOUNDATION"" Tampa FL scholarship application",Tampa,Hillsborough,822680290,638073,0,T20,Y,ntee-grantmaker:T20;files-990PF;private-foundation:04;name:foundation,,,,,,,,,
D,60,RUBIN CHARITABLE FOUNDATION,RUBIN CHARITABLE FOUNDATION,,"""RUBIN CHARITABLE FOUNDATION"" Sarasota FL scholarship application",Sarasota,Sarasota,650620355,633887,0,T22Z,Y,ntee-grantmaker:T22Z;files-990PF;private-foundation:04;name:foundation,,,,,,,,,
D,60,SUSAN LITTLE PRIVATE CHARITABLE FOUNDATION,SUSAN LITTLE PRIVATE CHARITABLE FOUNDATION,,"""SUSAN LITTLE PRIVATE CHARITABLE FOUNDATION"" Tampa FL scholarship application",Tampa,Hillsborough,813721630,632757,0,T20,Y,ntee-grantmaker:T20;files-990PF;private-foundation:04;name:foundation,,,,,,,,,
D,60,MORTON J AND BERNICE W SKIRBOLL FAMILY FOUNDATION,MORTON J AND BERNICE W SKIRBOLL FAMILY FOUNDATION,,"""MORTON J AND BERNICE W SKIRBOLL FAMILY FOUNDATION"" Longboat Key FL scholarship application",Longboat Key,Sarasota,371549358,632433,0,T20,Y,ntee-grantmaker:T20;files-990PF;private-foundation:04;name:foundation,,,,,,,,,
D,60,MORROW FAMILY FOUNDATION INC,MORROW FAMILY FOUNDATION INC,,"""MORROW FAMILY FOUNDATION INC"" Zephyrhills FL scholarship application",Zephyrhills,Pasco,854204056,631228,0,T20,Y,ntee-grantmaker:T20;files-990PF;private-foundation:04;name:foundation,,,,,,,,,
D,60,RICHARD B SNEED FOUNDATION,RICHARD B SNEED FOUNDATION,,"""RICHARD B SNEED FOUNDATION"" Sarasota FL scholarship application",Sarasota,Sarasota,311627480,629788,0,T20,Y,ntee-grantmaker:T20;files-990PF;private-foundation:04;name:foundation,,,,,,,,,
D,60,DALE AND PATSY HOSMAN FAMILY FOUNDATION INC,DALE AND PATSY HOSMAN FAMILY FOUNDATION INC,,"""DALE AND PATSY HOSMAN FAMILY FOUNDATION INC"" Englewood FL scholarship application",Englewood,Sarasota,911834655,628108,0,T22Z,Y,ntee-grantmaker:T22Z;files-990PF;private-foundation:04;name:foundation,,,,,,,,,
D,60,KAYANI FAMILY FOUNDATION INC,KAYANI FAMILY FOUNDATION INC,,"""KAYANI FAMILY FOUNDATION INC"" Odessa FL scholarship application",Odessa,Hillsborough,651053103,622571,0,T20,Y,ntee-grantmaker:T20;files-990PF;private-foundation:04;name:foundation,,,,,,,,,
D,60,JW & P BLAKELY FAMILY FOUNDATION,JW & P BLAKELY FAMILY FOUNDATION,,"""JW & P BLAKELY FAMILY FOUNDATION"" Sarasota FL scholarship application",Sarasota,Sarasota,463698549,621210,0,T20,Y,ntee-grantmaker:T20;files-990PF;private-foundation:04;name:foundation,,,,,,,,,
D,60,DUNHAM FAMILY FOUNDATION INC,DUNHAM FAMILY FOUNDATION INC,,"""DUNHAM FAMILY FOUNDATION INC"" North Port FL scholarship application",North Port,Sarasota,352093923,606689,0,T22,Y,ntee-grantmaker:T22;files-990PF;private-foundation:04;name:foundation,,,,,,,,,
D,60,PATRICIA SULLIVAN FOUNDATION INC,PATRICIA SULLIVAN FOUNDATION INC,,"""PATRICIA SULLIVAN FOUNDATION INC"" Tampa FL scholarship application",Tampa,Hillsborough,593621790,589663,0,T22,Y,ntee-grantmaker:T22;files-990PF;private-foundation:04;name:foundation,,,,,,,,,
D,60,GO TO STEVES FAMILY FOUNDATION INC,GO TO STEVES FAMILY FOUNDATION INC,,"""GO TO STEVES FAMILY FOUNDATION INC"" St Petersburg FL scholarship application",St Petersburg,Pinellas,814185959,578448,0,T20,Y,ntee-grantmaker:T20;files-990PF;private-foundation:04;name:foundation,,,,,,,,,
D,60,LAFORCE FAMILY FOUNDATION,LAFORCE FAMILY FOUNDATION,,"""LAFORCE FAMILY FOUNDATION"" St Petersburg FL scholarship application",St Petersburg,Pinellas,462758257,576724,0,T20,Y,ntee-grantmaker:T20;files-990PF;private-foundation:04;name:foundation,,,,,,,,,
D,60,ETZEL CHARITABLE TRUST 2550,ETZEL CHARITABLE TRUST 2550,,"""ETZEL CHARITABLE TRUST 2550"" Tampa FL scholarship application",Tampa,Hillsborough,824026447,575618,0,T20,Y,ntee-grantmaker:T20;files-990PF;private-foundation:04;name:foundation,,,,,,,,,
D,60,PIERCE FAMILY FOUNDATION,PIERCE FAMILY FOUNDATION,,"""PIERCE FAMILY FOUNDATION"" Longboat Key FL scholarship application",Longboat Key,Sarasota,010800004,571649,0,T22,Y,ntee-grantmaker:T22;files-990PF;private-foundation:04;name:foundation,,,,,,,,,
D,60,DAMKOEHLER FAMILY FOUNDATION,DAMKOEHLER FAMILY FOUNDATION,,"""DAMKOEHLER FAMILY FOUNDATION"" St Petersburg FL scholarship application",St Petersburg,Pinellas,266055323,566237,0,T22,Y,ntee-grantmaker:T22;files-990PF;private-foundation:04;name:foundation,,,,,,,,,
D,60,EBER FAMILY FOUNDATION INC,EBER FAMILY FOUNDATION INC,,"""EBER FAMILY FOUNDATION INC"" Gulfport FL scholarship application",Gulfport,Pinellas,853522252,563415,0,T20,Y,ntee-grantmaker:T20;files-990PF;private-foundation:04;name:foundation,,,,,,,,,
D,60,ORLANDO & KATHRYN ARMSTRONG CHARITABLE FOUNDATION IRRV TR,ORLANDO & KATHRYN ARMSTRONG CHARITABLE FOUNDATION IRRV TR,,"""ORLANDO & KATHRYN ARMSTRONG CHARITABLE FOUNDATION IRRV TR"" Largo FL scholarship application",Largo,Pinellas,306194947,563329,0,T22,Y,ntee-grantmaker:T22;files-990PF;private-foundation:04;name:foundation,,,,,,,,,
D,60,MAHAFFEY FAMILY FOUNDATION,MAHAFFEY FAMILY FOUNDATION,,"""MAHAFFEY FAMILY FOUNDATION"" St Petersburg FL scholarship application",St Petersburg,Pinellas,597261732,546276,0,T22,Y,ntee-grantmaker:T22;files-990PF;private-foundation:04;name:foundation,,,,,,,,,
D,60,ROTHMAN FOUNDATION INC,ROTHMAN FOUNDATION INC,,"""ROTHMAN FOUNDATION INC"" Tampa FL scholarship application",Tampa,Hillsborough,161779570,543554,0,T20,Y,ntee-grantmaker:T20;files-990PF;private-foundation:04;name:foundation,,,,,,,,,
D,60,THE JIM AND ELLEN WHITE FAMILY FOUNDATION INC,THE JIM AND ELLEN WHITE FAMILY FOUNDATION INC,,"""THE JIM AND ELLEN WHITE FAMILY FOUNDATION INC"" Sarasota FL scholarship application",Sarasota,Sarasota,201972244,541405,0,T22,Y,ntee-grantmaker:T22;files-990PF;private-foundation:04;name:foundation,,,,,,,,,
D,60,MARTIN FAMILY FOUNDATION INC,MARTIN FAMILY FOUNDATION INC,,"""MARTIN FAMILY FOUNDATION INC"" Tampa FL scholarship application",Tampa,Hillsborough,261416403,536760,0,T22,Y,ntee-grantmaker:T22;files-990PF;private-foundation:04;name:foundation,,,,,,,,,
D,60,E LIBERTY FOUNDATION INC,E LIBERTY FOUNDATION INC,,"""E LIBERTY FOUNDATION INC"" Sarasota FL scholarship application",Sarasota,Sarasota,462626072,530266,0,T22,Y,ntee-grantmaker:T22;files-990PF;private-foundation:04;name:foundation,,,,,,,,,
D,60,WYMAN FAMILY FOUNDATION TR DTD 6-6-2023,WYMAN FAMILY FOUNDATION TR DTD 6-6-2023,,"""WYMAN FAMILY FOUNDATION TR DTD 6-6-2023"" Longboat Key FL scholarship application",Longboat Key,Sarasota,936494851,521229,0,T22,Y,ntee-grantmaker:T22;files-990PF;private-foundation:04;name:foundation,,,,,,,,,
D,60,FRANK CASSATA FAMILY FOUNDATION,FRANK CASSATA FAMILY FOUNDATION,,"""FRANK CASSATA FAMILY FOUNDATION"" Sarasota FL scholarship application",Sarasota,Sarasota,113270612,518461,0,T20J,Y,ntee-grantmaker:T20J;files-990PF;private-foundation:04;name:foundation,,,,,,,,,
D,60,JOAN AND MARSHALL CUTLER FAMILY FOUNDATION INC,JOAN AND MARSHALL CUTLER FAMILY FOUNDATION INC,,"""JOAN AND MARSHALL CUTLER FAMILY FOUNDATION INC"" Longboat Key FL scholarship application",Longboat Key,Sarasota,522007516,513072,0,T22Z,Y,ntee-grantmaker:T22Z;files-990PF;private-foundation:04;name:foundation,,,,,,,,,
D,60,HAJEK FAMILY FOUNDATION INC,HAJEK FAMILY FOUNDATION INC,,"""HAJEK FAMILY FOUNDATION INC"" St Petersburg FL scholarship application",St Petersburg,Pinellas,461475559,509911,0,T22,Y,ntee-grantmaker:T22;files-990PF;private-foundation:04;name:foundation,,,,,,,,,
D,60,GLAZER FAMILY FOUNDATION INC,GLAZER FAMILY FOUNDATION INC,,"""GLAZER FAMILY FOUNDATION INC"" Tampa FL scholarship application",Tampa,Hillsborough,593578188,507789,0,T22,Y,ntee-grantmaker:T22;files-990PF;private-foundation:04;name:foundation,,,,,,,,,
D,60,ANGUS W GRAHAM JR FAMILY FOUNDATION INC,ANGUS W GRAHAM JR FAMILY FOUNDATION INC,,"""ANGUS W GRAHAM JR FAMILY FOUNDATION INC"" Bradenton FL scholarship application",Bradenton,Manatee,651110612,506904,0,T20,Y,ntee-grantmaker:T20;files-990PF;private-foundation:04;name:foundation,,,,,,,,,
D,60,CASTOR-BELL-LEWIS FAMILY FOUNDATION INC,CASTOR-BELL-LEWIS FAMILY FOUNDATION INC,,"""CASTOR-BELL-LEWIS FAMILY FOUNDATION INC"" Tampa FL scholarship application",Tampa,Hillsborough,471626346,498146,0,T22,Y,ntee-grantmaker:T22;files-990PF;private-foundation:04;name:foundation,,,,,,,,,
D,60,CHARLES AND SUE FOUCHE CHARITABLE TRUST,CHARLES AND SUE FOUCHE CHARITABLE TRUST,,"""CHARLES AND SUE FOUCHE CHARITABLE TRUST"" Trinity FL scholarship application",Trinity,Pasco,516582774,484680,0,T22,Y,ntee-grantmaker:T22;files-990PF;private-foundation:04;name:foundation,,,,,,,,,
D,60,JUST ONE WORLD FOUNDATION INC,JUST ONE WORLD FOUNDATION INC,,"""JUST ONE WORLD FOUNDATION INC"" St Petersburg FL scholarship application",St Petersburg,Pinellas,824795884,482703,0,T99,Y,ntee-grantmaker:T99;files-990PF;private-foundation:04;name:foundation,,,,,,,,,
D,60,FALL CREEK VALLEY FOUNDATION INC,FALL CREEK VALLEY FOUNDATION INC,,"""FALL CREEK VALLEY FOUNDATION INC"" Venice FL scholarship application",Venice,Sarasota,450839936,481829,0,T21,Y,ntee-grantmaker:T21;files-990PF;private-foundation:04;name:foundation,,,,,,,,,
D,60,DALE C CHRISTENSEN FAMILY FOUNDATION INC,DALE C CHRISTENSEN FAMILY FOUNDATION INC,,"""DALE C CHRISTENSEN FAMILY FOUNDATION INC"" Belleair FL scholarship application",Belleair,Pinellas,264008634,481552,0,T22,Y,ntee-grantmaker:T22;files-990PF;private-foundation:04;name:foundation,,,,,,,,,
D,60,BILOUS FAMILY CHARITABLE FOUNDATION INC,BILOUS FAMILY CHARITABLE FOUNDATION INC,,"""BILOUS FAMILY CHARITABLE FOUNDATION INC"" Osprey FL scholarship application",Osprey,Sarasota,651062193,479475,0,T22,Y,ntee-grantmaker:T22;files-990PF;private-foundation:04;name:foundation,,,,,,,,,
D,60,INTERCHANGE FOUNDATION INC,INTERCHANGE FOUNDATION INC,,"""INTERCHANGE FOUNDATION INC"" Siesta Key FL scholarship application",Siesta Key,Sarasota,842116385,477163,0,T99,Y,ntee-grantmaker:T99;files-990PF;private-foundation:04;name:foundation,,,,,,,,,
D,60,KOI FOUNDATION INC,KOI FOUNDATION INC,,"""KOI FOUNDATION INC"" Tampa FL scholarship application",Tampa,Hillsborough,861262152,475249,0,T22,Y,ntee-grantmaker:T22;files-990PF;private-foundation:04;name:foundation,,,,,,,,,
D,60,JEROME CRICK FOUNDATION INC,JEROME CRICK FOUNDATION INC,,"""JEROME CRICK FOUNDATION INC"" Nokomis FL scholarship application",Nokomis,Sarasota,923655650,468668,0,T23,Y,ntee-grantmaker:T23;files-990PF;private-foundation:04;name:foundation,,,,,,,,,
D,60,DUBON FAMILY FOUNDATION INC,DUBON FAMILY FOUNDATION INC,,"""DUBON FAMILY FOUNDATION INC"" Tampa FL scholarship application",Tampa,Hillsborough,831914915,467228,0,T20,Y,ntee-grantmaker:T20;files-990PF;private-foundation:04;name:foundation,,,,,,,,,
D,60,SAVIDGE FAMILY FOUNDATION INC,SAVIDGE FAMILY FOUNDATION INC,,"""SAVIDGE FAMILY FOUNDATION INC"" Sarasota FL scholarship application",Sarasota,Sarasota,651062266,464441,0,T22,Y,ntee-grantmaker:T22;files-990PF;private-foundation:04;name:foundation,,,,,,,,,
D,60,WHELAN FAMILY FOUNDATION,WHELAN FAMILY FOUNDATION,,"""WHELAN FAMILY FOUNDATION"" Holmes Beach FL scholarship application",Holmes Beach,Manatee,356725404,460836,0,T22,Y,ntee-grantmaker:T22;files-990PF;private-foundation:04;name:foundation,,,,,,,,,
D,60,RON AND MARLA WOLF FAMILY FOUNDATION INC,RON AND MARLA WOLF FAMILY FOUNDATION INC,,"""RON AND MARLA WOLF FAMILY FOUNDATION INC"" Sarasota FL scholarship application",Sarasota,Sarasota,834472724,458568,0,T20,Y,ntee-grantmaker:T20;files-990PF;private-foundation:04;name:foundation,,,,,,,,,
D,60,JOSEPH AND LAURA WILLIAMS FAMILY FOUNDATION INC,JOSEPH AND LAURA WILLIAMS FAMILY FOUNDATION INC,,"""JOSEPH AND LAURA WILLIAMS FAMILY FOUNDATION INC"" Tampa FL scholarship application",Tampa,Hillsborough,873319203,457080,0,T20,Y,ntee-grantmaker:T20;files-990PF;private-foundation:04;name:foundation,,,,,,,,,
D,60,MUDRA FOUNDATION,MUDRA FOUNDATION,,"""MUDRA FOUNDATION"" Largo FL scholarship application",Largo,Pinellas,593237044,454216,0,T22Z,Y,ntee-grantmaker:T22Z;files-990PF;private-foundation:04;name:foundation,,,,,,,,,
D,60,BILLY J AND JEANE S MARTIN FOUNDATION,BILLY J AND JEANE S MARTIN FOUNDATION,,"""BILLY J AND JEANE S MARTIN FOUNDATION"" Sarasota FL scholarship application",Sarasota,Sarasota,870627584,452868,0,T22,Y,ntee-grantmaker:T22;files-990PF;private-foundation:04;name:foundation,,,,,,,,,
D,60,LAN FAMILY FOUNDATION,LAN FAMILY FOUNDATION,,"""LAN FAMILY FOUNDATION"" Sarasota FL scholarship application",Sarasota,Sarasota,263910551,449467,0,T22,Y,ntee-grantmaker:T22;files-990PF;private-foundation:04;name:foundation,,,,,,,,,
D,60,DAVID AND MYRNA BAND FAMILY FOUNDATION INC,DAVID AND MYRNA BAND FAMILY FOUNDATION INC,,"""DAVID AND MYRNA BAND FAMILY FOUNDATION INC"" Sarasota FL scholarship application",Sarasota,Sarasota,851101241,444175,0,T20,Y,ntee-grantmaker:T20;files-990PF;private-foundation:04;name:foundation,,,,,,,,,
D,60,ORSINI CHARITABLE FOUNDATION INC,ORSINI CHARITABLE FOUNDATION INC,,"""ORSINI CHARITABLE FOUNDATION INC"" Madeira Beach FL scholarship application",Madeira Beach,Pinellas,753265430,441109,0,T22,Y,ntee-grantmaker:T22;files-990PF;private-foundation:04;name:foundation,,,,,,,,,
D,60,PRICE FAMILY FOUNDATION INC,PRICE FAMILY FOUNDATION INC,,"""PRICE FAMILY FOUNDATION INC"" Sarasota FL scholarship application",Sarasota,Sarasota,200253270,438435,0,T22,Y,ntee-grantmaker:T22;files-990PF;private-foundation:04;name:foundation,,,,,,,,,
D,60,AKHOURY FOUNDATION INC,AKHOURY FOUNDATION INC,,"""AKHOURY FOUNDATION INC"" Longboat Key FL scholarship application",Longboat Key,Sarasota,223417520,426124,0,T20Z,Y,ntee-grantmaker:T20Z;files-990PF;private-foundation:04;name:foundation,,,,,,,,,
D,60,SANDOR FAMILY FOUNDATION,SANDOR FAMILY FOUNDATION,,"""SANDOR FAMILY FOUNDATION"" Sarasota FL scholarship application",Sarasota,Sarasota,205956773,424045,0,T20,Y,ntee-grantmaker:T20;files-990PF;private-foundation:04;name:foundation,,,,,,,,,
D,60,JACK AND ALICE RICHARDSON CHARITABLE FOUNDATION,JACK AND ALICE RICHARDSON CHARITABLE FOUNDATION,,"""JACK AND ALICE RICHARDSON CHARITABLE FOUNDATION"" Tampa FL scholarship application",Tampa,Hillsborough,831278684,422256,0,T20,Y,ntee-grantmaker:T20;files-990PF;private-foundation:04;name:foundation,,,,,,,,,
D,60,SUSAN L BROWN AND ROBERT H THILL JR FAMILY FOUNDATION,SUSAN L BROWN AND ROBERT H THILL JR FAMILY FOUNDATION,,"""SUSAN L BROWN AND ROBERT H THILL JR FAMILY FOUNDATION"" Sarasota FL scholarship application",Sarasota,Sarasota,851069040,413179,0,T22,Y,ntee-grantmaker:T22;files-990PF;private-foundation:04;name:foundation,,,,,,,,,
D,60,TERRANOVA EQUESTRIAN FOUNDATION INC,TERRANOVA EQUESTRIAN FOUNDATION INC,,"""TERRANOVA EQUESTRIAN FOUNDATION INC"" Bradenton FL scholarship application",Bradenton,Manatee,611632801,406905,0,T20,Y,ntee-grantmaker:T20;files-990PF;private-foundation:04;name:foundation,,,,,,,,,
D,60,TRUNNELL FAMILY FOUNDATION A FLORIDA CHARITABLE TRUST,TRUNNELL FAMILY FOUNDATION A FLORIDA CHARITABLE TRUST,,"""TRUNNELL FAMILY FOUNDATION A FLORIDA CHARITABLE TRUST"" Lutz FL scholarship application",Lutz,Hillsborough,806080715,406368,0,T23,Y,ntee-grantmaker:T23;files-990PF;private-foundation:03;name:foundation,,,,,,,,,
D,60,ROBERT R SHARP FAMILY FOUNDATION INC,ROBERT R SHARP FAMILY FOUNDATION INC,,"""ROBERT R SHARP FAMILY FOUNDATION INC"" Tampa FL scholarship application",Tampa,Hillsborough,205574137,395781,0,T22,Y,ntee-grantmaker:T22;files-990PF;private-foundation:04;name:foundation,,,,,,,,,
D,60,THOMAS AND JANE VAN DER MEULEN FOUNDATION INC,THOMAS AND JANE VAN DER MEULEN FOUNDATION INC,,"""THOMAS AND JANE VAN DER MEULEN FOUNDATION INC"" St Petersburg FL scholarship application",St Petersburg,Pinellas,884366663,388818,0,T20,Y,ntee-grantmaker:T20;files-990PF;private-foundation:04;name:foundation,,,,,,,,,
D,60,SANDY FAMILY FOUNDATION INC,SANDY FAMILY FOUNDATION INC,,"""SANDY FAMILY FOUNDATION INC"" Longboat Key FL scholarship application",Longboat Key,Sarasota,383208309,383364,0,T22Z,Y,ntee-grantmaker:T22Z;files-990PF;private-foundation:04;name:foundation,,,,,,,,,
D,60,CHRISMAN FAMILY FOUNDATION INC,CHRISMAN FAMILY FOUNDATION INC,,"""CHRISMAN FAMILY FOUNDATION INC"" Sarasota FL scholarship application",Sarasota,Sarasota,832068931,375048,0,T99,Y,ntee-grantmaker:T99;files-990PF;private-foundation:04;name:foundation,,,,,,,,,
D,60,JOHN H & BILLIE J BOYD CHARITABLE FOUNDATION TRUST,JOHN H & BILLIE J BOYD CHARITABLE FOUNDATION TRUST,,"""JOHN H & BILLIE J BOYD CHARITABLE FOUNDATION TRUST"" St Petersburg FL scholarship application",St Petersburg,Pinellas,626338983,372726,0,T20,Y,ntee-grantmaker:T20;files-990PF;private-foundation:04;name:foundation,,,,,,,,,
D,60,STEINBRENNER FAMILY FOUNDATION INC,STEINBRENNER FAMILY FOUNDATION INC,,"""STEINBRENNER FAMILY FOUNDATION INC"" Tampa FL scholarship application",Tampa,Hillsborough,611517634,372166,0,T22,Y,ntee-grantmaker:T22;files-990PF;private-foundation:04;name:foundation,,,,,,,,,
D,60,RICHARD B TRUEX FOUNDATION INC,RICHARD B TRUEX FOUNDATION INC,,"""RICHARD B TRUEX FOUNDATION INC"" Tampa FL scholarship application",Tampa,Hillsborough,611370073,371950,0,T22,Y,ntee-grantmaker:T22;files-990PF;private-foundation:04;name:foundation,,,,,,,,,
D,60,JAMES AND MARYANN ARMOUR FAMILY FOUNDATION INC,JAMES AND MARYANN ARMOUR FAMILY FOUNDATION INC,,"""JAMES AND MARYANN ARMOUR FAMILY FOUNDATION INC"" Sarasota FL scholarship application",Sarasota,Sarasota,834289839,368448,0,T20,Y,ntee-grantmaker:T20;files-990PF;private-foundation:04;name:foundation,,,,,,,,,
D,60,CAROLYN J GABLE FOUNDATION,CAROLYN J GABLE FOUNDATION,,"""CAROLYN J GABLE FOUNDATION"" Sarasota FL scholarship application",Sarasota,Sarasota,461600757,364351,0,T22,Y,ntee-grantmaker:T22;files-990PF;private-foundation:04;name:foundation,,,,,,,,,
D,60,MARY JANE HILLARD JONES FOUNDATION INC,MARY JANE HILLARD JONES FOUNDATION INC,,"""MARY JANE HILLARD JONES FOUNDATION INC"" Tampa FL scholarship application",Tampa,Hillsborough,472226504,362749,0,T20,Y,ntee-grantmaker:T20;files-990PF;private-foundation:04;name:foundation,,,,,,,,,
D,60,HAWKS FAMILY FOUNDATION,HAWKS FAMILY FOUNDATION,,"""HAWKS FAMILY FOUNDATION"" Longboat Key FL scholarship application",Longboat Key,Sarasota,861581658,362307,0,T20,Y,ntee-grantmaker:T20;files-990PF;private-foundation:04;name:foundation,,,,,,,,,
D,60,REESE FAMILY FOUNDATION INC,REESE FAMILY FOUNDATION INC,,"""REESE FAMILY FOUNDATION INC"" Tampa FL scholarship application",Tampa,Hillsborough,061689083,359317,0,T22,Y,ntee-grantmaker:T22;files-990PF;private-foundation:04;name:foundation,,,,,,,,,
D,60,THE KENNETH D MORGAN CHARITABLE FOUNDATION TRUST,THE KENNETH D MORGAN CHARITABLE FOUNDATION TRUST,,"""THE KENNETH D MORGAN CHARITABLE FOUNDATION TRUST"" Sarasota FL scholarship application",Sarasota,Sarasota,306404110,358558,0,T99,Y,ntee-grantmaker:T99;files-990PF;private-foundation:04;name:foundation,,,,,,,,,
D,60,MISSION FOUNDATION OF FLORIDA INC,MISSION FOUNDATION OF FLORIDA INC,,"""MISSION FOUNDATION OF FLORIDA INC"" Bradenton FL scholarship application",Bradenton,Manatee,201435228,346612,0,T20,Y,ntee-grantmaker:T20;files-990PF;private-foundation:04;name:foundation,,,,,,,,,
D,60,MICHAEL & ROBIN LALLY FOUNDATION CORP,MICHAEL & ROBIN LALLY FOUNDATION CORP,,"""MICHAEL & ROBIN LALLY FOUNDATION CORP"" Clearwater FL scholarship application",Clearwater,Pinellas,861421679,337905,0,T23,Y,ntee-grantmaker:T23;files-990PF;private-foundation:03;name:foundation,,,,,,,,,
D,60,ROWAN FOUNDATION INC,ROWAN FOUNDATION INC,,"""ROWAN FOUNDATION INC"" Osprey FL scholarship application",Osprey,Sarasota,200484903,334042,0,T20,Y,ntee-grantmaker:T20;files-990PF;private-foundation:04;name:foundation,,,,,,,,,
D,60,WANVIG FOUNDATION INC,WANVIG FOUNDATION INC,,"""WANVIG FOUNDATION INC"" Sarasota FL scholarship application",Sarasota,Sarasota,650885129,331561,0,T22,Y,ntee-grantmaker:T22;files-990PF;private-foundation:04;name:foundation,,,,,,,,,
D,60,THE JOSEPH FAMILY FOUNDATION,THE JOSEPH FAMILY FOUNDATION,,"""THE JOSEPH FAMILY FOUNDATION"" Lutz FL scholarship application",Lutz,Hillsborough,205815118,323687,0,T20,Y,ntee-grantmaker:T20;files-990PF;private-foundation:04;name:foundation,,,,,,,,,
D,60,GROW FINANCIAL FOUNDATION INC,GROW FINANCIAL FOUNDATION INC,,"""GROW FINANCIAL FOUNDATION INC"" Tampa FL scholarship application",Tampa,Hillsborough,821769514,321492,0,T20,Y,ntee-grantmaker:T20;files-990PF;private-foundation:04;name:foundation,,,,,,,,,
D,60,FOUNDATION 12 INC,FOUNDATION 12 INC,,"""FOUNDATION 12 INC"" Tampa FL scholarship application",Tampa,Hillsborough,921267498,320609,0,T22,Y,ntee-grantmaker:T22;files-990PF;private-foundation:04;name:foundation,,,,,,,,,
D,60,BLUME FAMILY FOUNDATION INC,BLUME FAMILY FOUNDATION INC,,"""BLUME FAMILY FOUNDATION INC"" Clearwater FL scholarship application",Clearwater,Pinellas,272445801,318077,0,T22,Y,ntee-grantmaker:T22;files-990PF;private-foundation:04;name:foundation,,,,,,,,,
D,60,MICHAEL AND JEAN FREED FAMILY FOUNDATION,MICHAEL AND JEAN FREED FAMILY FOUNDATION,,"""MICHAEL AND JEAN FREED FAMILY FOUNDATION"" Longboat Key FL scholarship application",Longboat Key,Sarasota,201915201,310766,0,T22,Y,ntee-grantmaker:T22;files-990PF;private-foundation:04;name:foundation,,,,,,,,,
D,60,SHAH KARMA FOUNDATION INC,SHAH KARMA FOUNDATION INC,,"""SHAH KARMA FOUNDATION INC"" Palm Harbor FL scholarship application",Palm Harbor,Pinellas,832673194,303617,0,T99,Y,ntee-grantmaker:T99;files-990PF;private-foundation:04;name:foundation,,,,,,,,,
D,60,SOLOMON LEVEL 8 FOUNDATION,SOLOMON LEVEL 8 FOUNDATION,,"""SOLOMON LEVEL 8 FOUNDATION"" Tampa FL scholarship application",Tampa,Hillsborough,593539126,296714,0,T30,Y,ntee-grantmaker:T30;files-990PF;private-foundation:04;name:foundation,,,,,,,,,
D,60,ECHEVARRIA FAMILY FOUNDATION INC,ECHEVARRIA FAMILY FOUNDATION INC,,"""ECHEVARRIA FAMILY FOUNDATION INC"" Tampa FL scholarship application",Tampa,Hillsborough,270774490,296029,0,T20,Y,ntee-grantmaker:T20;files-990PF;private-foundation:03;name:foundation,,,,,,,,,
D,60,BOBBY AND JEAN NOELL CHARITABLE FOUNDATION INC,BOBBY AND JEAN NOELL CHARITABLE FOUNDATION INC,,"""BOBBY AND JEAN NOELL CHARITABLE FOUNDATION INC"" Clearwater FL scholarship application",Clearwater,Pinellas,593695490,295642,0,T21,Y,ntee-grantmaker:T21;files-990PF;private-foundation:04;name:foundation,,,,,,,,,
D,60,DR RALPH G FRICK FAMILY FOUNDATION INC,DR RALPH G FRICK FAMILY FOUNDATION INC,,"""DR RALPH G FRICK FAMILY FOUNDATION INC"" St Petersburg FL scholarship application",St Petersburg,Pinellas,593733715,278529,0,T21,Y,ntee-grantmaker:T21;files-990PF;private-foundation:04;name:foundation,,,,,,,,,
D,60,HARRIET AND RAYMOND BRUSH CHARITABLE FOUNDATION INC,HARRIET AND RAYMOND BRUSH CHARITABLE FOUNDATION INC,,"""HARRIET AND RAYMOND BRUSH CHARITABLE FOUNDATION INC"" Sarasota FL scholarship application",Sarasota,Sarasota,650835440,268723,0,T20,Y,ntee-grantmaker:T20;files-990PF;private-foundation:04;name:foundation,,,,,,,,,
D,60,THE PATRICK AND TONI WALSH CHARITABLE FOUNDATION INC,THE PATRICK AND TONI WALSH CHARITABLE FOUNDATION INC,,"""THE PATRICK AND TONI WALSH CHARITABLE FOUNDATION INC"" Tampa FL scholarship application",Tampa,Hillsborough,300368004,268684,0,T20,Y,ntee-grantmaker:T20;files-990PF;private-foundation:04;name:foundation,,,,,,,,,
D,60,JOSEPH AND CYNTHIA VITALE FAMILY FOUNDATION,JOSEPH AND CYNTHIA VITALE FAMILY FOUNDATION,,"""JOSEPH AND CYNTHIA VITALE FAMILY FOUNDATION"" Venice FL scholarship application",Venice,Sarasota,853835823,265557,0,T22,Y,ntee-grantmaker:T22;files-990PF;private-foundation:04;name:foundation,,,,,,,,,
D,60,HARGREAVES FAMILY CHARITABLE FOUNDATION,HARGREAVES FAMILY CHARITABLE FOUNDATION,,"""HARGREAVES FAMILY CHARITABLE FOUNDATION"" Sarasota FL scholarship application",Sarasota,Sarasota,814298358,264116,0,T20,Y,ntee-grantmaker:T20;files-990PF;private-foundation:04;name:foundation,,,,,,,,,
D,60,ABE C KENNEDY AND ROSE H KENNEDY CHARITABLE FOUNDATION,ABE C KENNEDY AND ROSE H KENNEDY CHARITABLE FOUNDATION,,"""ABE C KENNEDY AND ROSE H KENNEDY CHARITABLE FOUNDATION"" Englewood FL scholarship application",Englewood,Sarasota,461192441,261033,0,T20,Y,ntee-grantmaker:T20;files-990PF;private-foundation:04;name:foundation,,,,,,,,,
D,60,STONER FAMILY CHARITABLE FOUNDATION INC,STONER FAMILY CHARITABLE FOUNDATION INC,,"""STONER FAMILY CHARITABLE FOUNDATION INC"" St Petersburg FL scholarship application",St Petersburg,Pinellas,200628337,260879,0,T22,Y,ntee-grantmaker:T22;files-990PF;private-foundation:04;name:foundation,,,,,,,,,
D,60,JOLLAY FAMILY FOUNDATION INC,JOLLAY FAMILY FOUNDATION INC,,"""JOLLAY FAMILY FOUNDATION INC"" St Petersburg FL scholarship application",St Petersburg,Pinellas,300284318,256369,0,T20,Y,ntee-grantmaker:T20;files-990PF;private-foundation:04;name:foundation,,,,,,,,,
D,60,RENU AND DIVYANG CHARITABLE FOUNDATION,RENU AND DIVYANG CHARITABLE FOUNDATION,,"""RENU AND DIVYANG CHARITABLE FOUNDATION"" St Petersburg FL scholarship application",St Petersburg,Pinellas,306006225,255251,0,T22,Y,ntee-grantmaker:T22;files-990PF;private-foundation:04;name:foundation,,,,,,,,,
D,60,GRUNDY FAMILY FOUNDATION INC,GRUNDY FAMILY FOUNDATION INC,,"""GRUNDY FAMILY FOUNDATION INC"" Tampa FL scholarship application",Tampa,Hillsborough,263925489,253050,0,T20,Y,ntee-grantmaker:T20;files-990PF;private-foundation:04;name:foundation,,,,,,,,,
D,60,BOSMA AND RALSTON FAMILY FOUNDATION,BOSMA AND RALSTON FAMILY FOUNDATION,,"""BOSMA AND RALSTON FAMILY FOUNDATION"" Longboat Key FL scholarship application",Longboat Key,Sarasota,831059995,251506,0,T20,Y,ntee-grantmaker:T20;files-990PF;private-foundation:04;name:foundation,,,,,,,,,
D,60,MACKINNON FAMILY FOUNDATION INC,MACKINNON FAMILY FOUNDATION INC,,"""MACKINNON FAMILY FOUNDATION INC"" Tampa FL scholarship application",Tampa,Hillsborough,593493016,248389,0,T30Z,Y,ntee-grantmaker:T30Z;files-990PF;private-foundation:04;name:foundation,,,,,,,,,
D,60,JOY A CUNNINGHAM CHARITABLE FOUNDATION TR,JOY A CUNNINGHAM CHARITABLE FOUNDATION TR,,"""JOY A CUNNINGHAM CHARITABLE FOUNDATION TR"" Sarasota FL scholarship application",Sarasota,Sarasota,276339297,243347,0,T20,Y,ntee-grantmaker:T20;files-990PF;private-foundation:04;name:foundation,,,,,,,,,
D,60,CONNECT WISE FOUNDATION INC,CONNECT WISE FOUNDATION INC,,"""CONNECT WISE FOUNDATION INC"" Tampa FL scholarship application",Tampa,Hillsborough,460635867,239906,0,T20,Y,ntee-grantmaker:T20;files-990PF;private-foundation:04;name:foundation,,,,,,,,,
D,60,MARIANNE AND BUD SIEGAL FAMILY FOUNDATION INC,MARIANNE AND BUD SIEGAL FAMILY FOUNDATION INC,,"""MARIANNE AND BUD SIEGAL FAMILY FOUNDATION INC"" Osprey FL scholarship application",Osprey,Sarasota,651069761,239092,0,T22,Y,ntee-grantmaker:T22;files-990PF;private-foundation:04;name:foundation,,,,,,,,,
D,60,THAKUR FAMILY FOUNDATION INC,THAKUR FAMILY FOUNDATION INC,,"""THAKUR FAMILY FOUNDATION INC"" St Petersburg FL scholarship application",St Petersburg,Pinellas,831198429,238601,0,T22,Y,ntee-grantmaker:T22;files-990PF;private-foundation:04;name:foundation,,,,,,,,,
D,60,CHARLES A MILLER JR FOUNDATION,CHARLES A MILLER JR FOUNDATION,,"""CHARLES A MILLER JR FOUNDATION"" Sarasota FL scholarship application",Sarasota,Sarasota,311757743,236688,0,T22,Y,ntee-grantmaker:T22;files-990PF;private-foundation:04;name:foundation,,,,,,,,,
D,60,ON THE WINGS OF ANGELS RESCUE FOUNDATION INC,ON THE WINGS OF ANGELS RESCUE FOUNDATION INC,,"""ON THE WINGS OF ANGELS RESCUE FOUNDATION INC"" Odessa FL scholarship application",Odessa,Hillsborough,460534622,234305,0,T23,Y,ntee-grantmaker:T23;files-990PF;private-foundation:03;name:foundation,,,,,,,,,
D,60,SIEGFRIED FAMILY FOUNDATION,SIEGFRIED FAMILY FOUNDATION,,"""SIEGFRIED FAMILY FOUNDATION"" Sarasota FL scholarship application",Sarasota,Sarasota,923270423,233474,0,T22,Y,ntee-grantmaker:T22;files-990PF;private-foundation:04;name:foundation,,,,,,,,,
D,60,MORSE FAMILY FOUNDATION,MORSE FAMILY FOUNDATION,,"""MORSE FAMILY FOUNDATION"" St Petersburg FL scholarship application",St Petersburg,Pinellas,341802971,224578,0,T20Z,Y,ntee-grantmaker:T20Z;files-990PF;private-foundation:04;name:foundation,,,,,,,,,
D,60,IRMA SCHUSTER FOUNDATION INC,IRMA SCHUSTER FOUNDATION INC,,"""IRMA SCHUSTER FOUNDATION INC"" Sarasota FL scholarship application",Sarasota,Sarasota,010805754,224399,0,T20,Y,ntee-grantmaker:T20;files-990PF;private-foundation:04;name:foundation,,,,,,,,,
D,60,HALO PET FOUNDATION,HALO PET FOUNDATION,,"""HALO PET FOUNDATION"" Tampa FL scholarship application",Tampa,Hillsborough,264497518,224343,0,T23,Y,ntee-grantmaker:T23;files-990PF;private-foundation:03;name:foundation,,,,,,,,,
D,60,AL-DAR FOUNDATION,AL-DAR FOUNDATION,,"""AL-DAR FOUNDATION"" Sarasota FL scholarship application",Sarasota,Sarasota,920713294,222287,0,T22,Y,ntee-grantmaker:T22;files-990PF;private-foundation:04;name:foundation,,,,,,,,,
D,60,WISDOM FAMILY FOUNDATION,WISDOM FAMILY FOUNDATION,,"""WISDOM FAMILY FOUNDATION"" Sarasota FL scholarship application",Sarasota,Sarasota,261298966,214384,0,T20,Y,ntee-grantmaker:T20;files-990PF;private-foundation:04;name:foundation,,,,,,,,,
D,60,CALDWELL FAMILY FOUNDATION,CALDWELL FAMILY FOUNDATION,,"""CALDWELL FAMILY FOUNDATION"" Sarasota FL scholarship application",Sarasota,Sarasota,453724410,213473,0,T22,Y,ntee-grantmaker:T22;files-990PF;private-foundation:04;name:foundation,,,,,,,,,
D,60,GRAIN FAMILY FOUNDATION INC,GRAIN FAMILY FOUNDATION INC,,"""GRAIN FAMILY FOUNDATION INC"" Sarasota FL scholarship application",Sarasota,Sarasota,844933973,206191,0,T20,Y,ntee-grantmaker:T20;files-990PF;private-foundation:04;name:foundation,,,,,,,,,
D,60,BETTY AND MARIE HEALY FAMILY FOUNDATION INC,BETTY AND MARIE HEALY FAMILY FOUNDATION INC,,"""BETTY AND MARIE HEALY FAMILY FOUNDATION INC"" Sarasota FL scholarship application",Sarasota,Sarasota,421566848,202632,0,T22,Y,ntee-grantmaker:T22;files-990PF;private-foundation:04;name:foundation,,,,,,,,,
D,60,JEFFREY M HILL FOUNDATION TRUSTAGREEMENT,JEFFREY M HILL FOUNDATION TRUSTAGREEMENT,,"""JEFFREY M HILL FOUNDATION TRUSTAGREEMENT"" Venice FL scholarship application",Venice,Sarasota,207340409,201765,0,T22,Y,ntee-grantmaker:T22;files-990PF;private-foundation:04;name:foundation,,,,,,,,,
D,60,FIRTH-LINK FAMILY FOUNDATION TRUST,FIRTH-LINK FAMILY FOUNDATION TRUST,,"""FIRTH-LINK FAMILY FOUNDATION TRUST"" Sarasota FL scholarship application",Sarasota,Sarasota,460980164,200426,0,T22,Y,ntee-grantmaker:T22;files-990PF;private-foundation:04;name:foundation,,,,,,,,,
D,60,ZEDECK FAMILY FOUNDATION INC,ZEDECK FAMILY FOUNDATION INC,,"""ZEDECK FAMILY FOUNDATION INC"" Sarasota FL scholarship application",Sarasota,Sarasota,650882486,200321,0,T20,Y,ntee-grantmaker:T20;files-990PF;private-foundation:04;name:foundation,,,,,,,,,
D,60,RAJENDRA AND PRATIBHA MODI FAMILY FOUNDATION,RAJENDRA AND PRATIBHA MODI FAMILY FOUNDATION,,"""RAJENDRA AND PRATIBHA MODI FAMILY FOUNDATION"" Wesley Chapel FL scholarship application",Wesley Chapel,Pasco,261519748,197983,0,T20,Y,ntee-grantmaker:T20;files-990PF;private-foundation:04;name:foundation,,,,,,,,,
D,60,MELINA HUDSON FOUNDATION,MELINA HUDSON FOUNDATION,,"""MELINA HUDSON FOUNDATION"" Sarasota FL scholarship application",Sarasota,Sarasota,141723792,194415,0,T20,Y,ntee-grantmaker:T20;files-990PF;private-foundation:04;name:foundation,,,,,,,,,
D,60,AVERY FAMILY FOUNDATION INC,AVERY FAMILY FOUNDATION INC,,"""AVERY FAMILY FOUNDATION INC"" Tampa FL scholarship application",Tampa,Hillsborough,208091168,192980,0,T20,Y,ntee-grantmaker:T20;files-990PF;private-foundation:04;name:foundation,,,,,,,,,
D,60,C AND J SCOTT FOUNDATION INC,C AND J SCOTT FOUNDATION INC,,"""C AND J SCOTT FOUNDATION INC"" Odessa FL scholarship application",Odessa,Hillsborough,562223870,188001,0,T20,Y,ntee-grantmaker:T20;files-990PF;private-foundation:04;name:foundation,,,,,,,,,
D,60,GEORGE AND MARIAMMA THOMAS FOUNDATION INC,GEORGE AND MARIAMMA THOMAS FOUNDATION INC,,"""GEORGE AND MARIAMMA THOMAS FOUNDATION INC"" Bradenton FL scholarship application",Bradenton,Manatee,472629973,187547,0,T20,Y,ntee-grantmaker:T20;files-990PF;private-foundation:04;name:foundation,,,,,,,,,
D,60,AMF FOUNDATION INC,AMF FOUNDATION INC,,"""AMF FOUNDATION INC"" Tampa FL scholarship application",Tampa,Hillsborough,352781873,181898,0,T22,Y,ntee-grantmaker:T22;files-990PF;private-foundation:04;name:foundation,,,,,,,,,
D,60,GREG AND NATALIA SCHRATWIESER FOUNDATION,GREG AND NATALIA SCHRATWIESER FOUNDATION,,"""GREG AND NATALIA SCHRATWIESER FOUNDATION"" St Petersburg FL scholarship application",St Petersburg,Pinellas,854324910,181398,0,T20,Y,ntee-grantmaker:T20;files-990PF;private-foundation:04;name:foundation,,,,,,,,,
D,60,BAHANDI FOUNDATION,BAHANDI FOUNDATION,,"""BAHANDI FOUNDATION"" Hudson FL scholarship application",Hudson,Pasco,873544494,178424,0,T20,Y,ntee-grantmaker:T20;files-990PF;private-foundation:04;name:foundation,,,,,,,,,
D,60,DJD FOUNDATION,DJD FOUNDATION,,"""DJD FOUNDATION"" Sarasota FL scholarship application",Sarasota,Sarasota,383553476,173101,0,T22,Y,ntee-grantmaker:T22;files-990PF;private-foundation:04;name:foundation,,,,,,,,,
D,60,TRISH JOY FOUNDATION FOR HUMANITARIAN ACTIVITY,TRISH JOY FOUNDATION FOR HUMANITARIAN ACTIVITY,,"""TRISH JOY FOUNDATION FOR HUMANITARIAN ACTIVITY"" Clearwater FL scholarship application",Clearwater,Pinellas,850546953,168553,0,T20,Y,ntee-grantmaker:T20;files-990PF;private-foundation:04;name:foundation,,,,,,,,,
D,60,HIERONYMUS FOUNDATION INC,HIERONYMUS FOUNDATION INC,,"""HIERONYMUS FOUNDATION INC"" Tampa FL scholarship application",Tampa,Hillsborough,453478876,167208,0,T20,Y,ntee-grantmaker:T20;files-990PF;private-foundation:04;name:foundation,,,,,,,,,
D,60,J EDWIN JONES & MADALINE G JONES CHARITABLE FOUNDATION,J EDWIN JONES & MADALINE G JONES CHARITABLE FOUNDATION,,"""J EDWIN JONES & MADALINE G JONES CHARITABLE FOUNDATION"" Englewood FL scholarship application",Englewood,Sarasota,272039971,166924,0,T22,Y,ntee-grantmaker:T22;files-990PF;private-foundation:04;name:foundation,,,,,,,,,
D,60,STEVE AND JUDY COX FAMILY FOUNDATION 1 INC,STEVE AND JUDY COX FAMILY FOUNDATION 1 INC,,"""STEVE AND JUDY COX FAMILY FOUNDATION 1 INC"" Bradenton FL scholarship application",Bradenton,Manatee,332132553,166667,0,T20,Y,ntee-grantmaker:T20;files-990PF;private-foundation:04;name:foundation,,,,,,,,,
D,60,ACKLEY FOUNDATION INC,ACKLEY FOUNDATION INC,,"""ACKLEY FOUNDATION INC"" Spring Hill FL scholarship application",Spring Hill,Pasco,873213827,166077,0,T20,Y,ntee-grantmaker:T20;files-990PF;private-foundation:04;name:foundation,,,,,,,,,
D,60,CHAPMAN MCCANN FOUNDATION INC,CHAPMAN MCCANN FOUNDATION INC,,"""CHAPMAN MCCANN FOUNDATION INC"" Tampa FL scholarship application",Tampa,Hillsborough,271376184,163654,0,T20,Y,ntee-grantmaker:T20;files-990PF;private-foundation:04;name:foundation,,,,,,,,,
D,60,VER HULST FAMILY FOUNDATION INC,VER HULST FAMILY FOUNDATION INC,,"""VER HULST FAMILY FOUNDATION INC"" Clearwater FL scholarship application",Clearwater,Pinellas,992849902,161839,0,T22,Y,ntee-grantmaker:T22;files-990PF;private-foundation:04;name:foundation,,,,,,,,,
D,60,PAUL MARSHALL CHARITABLE FOUNDATION INC,PAUL MARSHALL CHARITABLE FOUNDATION INC,,"""PAUL MARSHALL CHARITABLE FOUNDATION INC"" Sarasota FL scholarship application",Sarasota,Sarasota,814498691,161625,0,T20,Y,ntee-grantmaker:T20;files-990PF;private-foundation:04;name:foundation,,,,,,,,,
D,60,SAFDAR FAMILY FOUNDATION INC,SAFDAR FAMILY FOUNDATION INC,,"""SAFDAR FAMILY FOUNDATION INC"" Tampa FL scholarship application",Tampa,Hillsborough,884408755,160434,0,T20,Y,ntee-grantmaker:T20;files-990PF;private-foundation:04;name:foundation,,,,,,,,,
D,60,FERTIC FAMILY FOUNDATION,FERTIC FAMILY FOUNDATION,,"""FERTIC FAMILY FOUNDATION"" Belleair FL scholarship application",Belleair,Pinellas,810922108,159296,0,T22,Y,ntee-grantmaker:T22;files-990PF;private-foundation:04;name:foundation,,,,,,,,,
D,60,KITT & DAN GOODWIN FAMILY PRIVATE FOUNDATION,KITT & DAN GOODWIN FAMILY PRIVATE FOUNDATION,,"""KITT & DAN GOODWIN FAMILY PRIVATE FOUNDATION"" Tampa FL scholarship application",Tampa,Hillsborough,273450729,159126,0,T22,Y,ntee-grantmaker:T22;files-990PF;private-foundation:04;name:foundation,,,,,,,,,
D,60,DUNGY FAMILY FOUNDATION INC,DUNGY FAMILY FOUNDATION INC,,"""DUNGY FAMILY FOUNDATION INC"" Lithia FL scholarship application",Lithia,Hillsborough,900514867,157075,0,T22,Y,ntee-grantmaker:T22;files-990PF;private-foundation:04;name:foundation,,,,,,,,,
D,60,WARREN FOUNDATION INC,WARREN FOUNDATION INC,,"""WARREN FOUNDATION INC"" St Petersburg FL scholarship application",St Petersburg,Pinellas,650867749,156827,0,T22,Y,ntee-grantmaker:T22;files-990PF;private-foundation:04;name:foundation,,,,,,,,,
D,60,BE A GIFT FOUNDATION,BE A GIFT FOUNDATION,,"""BE A GIFT FOUNDATION"" Longboat Key FL scholarship application",Longboat Key,Sarasota,274118620,156436,0,T20,Y,ntee-grantmaker:T20;files-990PF;private-foundation:04;name:foundation,,,,,,,,,
D,60,DECKER CHARITABLE FOUNDATION,DECKER CHARITABLE FOUNDATION,,"""DECKER CHARITABLE FOUNDATION"" Tampa FL scholarship application",Tampa,Hillsborough,876523953,155727,0,T20,Y,ntee-grantmaker:T20;files-990PF;private-foundation:04;name:foundation,,,,,,,,,
D,60,CHOPRA ANEJA FOUNDATION INC,CHOPRA ANEJA FOUNDATION INC,,"""CHOPRA ANEJA FOUNDATION INC"" Lutz FL scholarship application",Lutz,Hillsborough,853078703,155302,0,T30,Y,ntee-grantmaker:T30;files-990PF;private-foundation:04;name:foundation,,,,,,,,,
D,60,RAEBURN FAMILY FOUNDATION INC,RAEBURN FAMILY FOUNDATION INC,,"""RAEBURN FAMILY FOUNDATION INC"" Sarasota FL scholarship application",Sarasota,Sarasota,331192680,146734,0,T22,Y,ntee-grantmaker:T22;files-990PF;private-foundation:04;name:foundation,,,,,,,,,
D,60,PIT AND JOY GILLS FOUNDATION INC,PIT AND JOY GILLS FOUNDATION INC,,"""PIT AND JOY GILLS FOUNDATION INC"" Tampa FL scholarship application",Tampa,Hillsborough,263907613,145007,0,T20,Y,ntee-grantmaker:T20;files-990PF;private-foundation:04;name:foundation,,,,,,,,,
D,60,BENJAMIN B AND NATALIE O LEVIN FOUNDATION,BENJAMIN B AND NATALIE O LEVIN FOUNDATION,,"""BENJAMIN B AND NATALIE O LEVIN FOUNDATION"" Sarasota FL scholarship application",Sarasota,Sarasota,233021265,143703,0,T22,Y,ntee-grantmaker:T22;files-990PF;private-foundation:04;name:foundation,,,,,,,,,
D,60,GARDIKES FAMILY FOUNDATION INC,GARDIKES FAMILY FOUNDATION INC,,"""GARDIKES FAMILY FOUNDATION INC"" Osprey FL scholarship application",Osprey,Sarasota,200536787,143293,0,T22,Y,ntee-grantmaker:T22;files-990PF;private-foundation:04;name:foundation,,,,,,,,,
D,60,PETER A WISH AND LESLIEBETH BERGER WISH FOUNDATION INC,PETER A WISH AND LESLIEBETH BERGER WISH FOUNDATION INC,,"""PETER A WISH AND LESLIEBETH BERGER WISH FOUNDATION INC"" Sarasota FL scholarship application",Sarasota,Sarasota,650845132,140415,0,T20Z,Y,ntee-grantmaker:T20Z;files-990PF;private-foundation:04;name:foundation,,,,,,,,,
D,60,HAMBRICK FOUNDATION INC,HAMBRICK FOUNDATION INC,,"""HAMBRICK FOUNDATION INC"" St Petersburg FL scholarship application",St Petersburg,Pinellas,921927810,134932,0,T20,Y,ntee-grantmaker:T20;files-990PF;private-foundation:04;name:foundation,,,,,,,,,
D,60,ROSENFIELD FAM FOUNDATION TR AGREEMENT 10132007,ROSENFIELD FAM FOUNDATION TR AGREEMENT 10132007,,"""ROSENFIELD FAM FOUNDATION TR AGREEMENT 10132007"" Longboat Key FL scholarship application",Longboat Key,Sarasota,656470902,131058,0,T22,Y,ntee-grantmaker:T22;files-990PF;private-foundation:04;name:foundation,,,,,,,,,
D,60,JERRY ORNS MIDAS FAMILY FOUNDATION INC,JERRY ORNS MIDAS FAMILY FOUNDATION INC,,"""JERRY ORNS MIDAS FAMILY FOUNDATION INC"" St Petersburg FL scholarship application",St Petersburg,Pinellas,593413420,126764,0,T20J,Y,ntee-grantmaker:T20J;files-990PF;private-foundation:04;name:foundation,,,,,,,,,
D,60,LEXINGTON FOUNDATION,LEXINGTON FOUNDATION,,"""LEXINGTON FOUNDATION"" Clearwater FL scholarship application",Clearwater,Pinellas,452818958,125989,0,T23,Y,ntee-grantmaker:T23;files-990PF;private-foundation:03;name:foundation,,,,,,,,,
D,60,HIGHER LEVEL FOUNDATION INC,HIGHER LEVEL FOUNDATION INC,,"""HIGHER LEVEL FOUNDATION INC"" Sarasota FL scholarship application",Sarasota,Sarasota,880950683,124971,0,T22,Y,ntee-grantmaker:T22;files-990PF;private-foundation:04;name:foundation,,,,,,,,,
D,60,HUMANO Y LIBRE FOUNDATION INC,HUMANO Y LIBRE FOUNDATION INC,,"""HUMANO Y LIBRE FOUNDATION INC"" Clearwater FL scholarship application",Clearwater,Pinellas,273607957,124867,0,T20,Y,ntee-grantmaker:T20;files-990PF;private-foundation:04;name:foundation,,,,,,,,,
D,60,BRUCK FAMILY FOUNDATION INC,BRUCK FAMILY FOUNDATION INC,,"""BRUCK FAMILY FOUNDATION INC"" Tampa FL scholarship application",Tampa,Hillsborough,460756269,121876,0,T22,Y,ntee-grantmaker:T22;files-990PF;private-foundation:04;name:foundation,,,,,,,,,
D,60,ANTINORI FAMILY FOUNDATION,ANTINORI FAMILY FOUNDATION,,"""ANTINORI FAMILY FOUNDATION"" St Pete Beach FL scholarship application",St Pete Beach,Pinellas,200982606,121195,0,T20,Y,ntee-grantmaker:T20;files-990PF;private-foundation:04;name:foundation,,,,,,,,,
D,60,HERBERT G BROWN FAMILY FOUNDATION,HERBERT G BROWN FAMILY FOUNDATION,,"""HERBERT G BROWN FAMILY FOUNDATION"" Clearwater FL scholarship application",Clearwater,Pinellas,200519264,119008,0,T22,Y,ntee-grantmaker:T22;files-990PF;private-foundation:04;name:foundation,,,,,,,,,
D,60,U N I FOUNDATION INCORPORATED,U N I FOUNDATION INCORPORATED,,"""U N I FOUNDATION INCORPORATED"" Sarasota FL scholarship application",Sarasota,Sarasota,872283661,113456,0,T30,Y,ntee-grantmaker:T30;files-990PF;private-foundation:04;name:foundation,,,,,,,,,
D,60,MELKER FAMILY FOUNDATION,MELKER FAMILY FOUNDATION,,"""MELKER FAMILY FOUNDATION"" Tampa FL scholarship application",Tampa,Hillsborough,993760005,110905,0,T20,Y,ntee-grantmaker:T20;files-990PF;private-foundation:04;name:foundation,,,,,,,,,
D,60,STELLAR SR FAMILY FOUNDATION,STELLAR SR FAMILY FOUNDATION,,"""STELLAR SR FAMILY FOUNDATION"" St Petersburg FL scholarship application",St Petersburg,Pinellas,826719105,106128,0,T20,Y,ntee-grantmaker:T20;files-990PF;private-foundation:04;name:foundation,,,,,,,,,
D,60,KENNETH J BARR AND CORA BONNER BARR JEANNE FOUNDATION,KENNETH J BARR AND CORA BONNER BARR JEANNE FOUNDATION,,"""KENNETH J BARR AND CORA BONNER BARR JEANNE FOUNDATION"" Lutz FL scholarship application",Lutz,Hillsborough,656251898,106040,0,T30Z,Y,ntee-grantmaker:T30Z;files-990PF;private-foundation:04;name:foundation,,,,,,,,,
D,60,SCHUBERT FAMILY FOUNDATION,SCHUBERT FAMILY FOUNDATION,,"""SCHUBERT FAMILY FOUNDATION"" St Petersburg FL scholarship application",St Petersburg,Pinellas,832566384,105172,0,T99,Y,ntee-grantmaker:T99;files-990PF;private-foundation:04;name:foundation,,,,,,,,,
D,60,DOTTIE AND STUART WATT PRIVATE OPERATING FOUNDATION TR,DOTTIE AND STUART WATT PRIVATE OPERATING FOUNDATION TR,,"""DOTTIE AND STUART WATT PRIVATE OPERATING FOUNDATION TR"" Sarasota FL scholarship application",Sarasota,Sarasota,597271891,97763,0,T23,Y,ntee-grantmaker:T23;files-990PF;private-foundation:04;name:foundation,,,,,,,,,
D,60,STRONG FOUNDATION INC,STRONG FOUNDATION INC,,"""STRONG FOUNDATION INC"" Clearwater FL scholarship application",Clearwater,Pinellas,593214169,96746,0,T20Z,Y,ntee-grantmaker:T20Z;files-990PF;private-foundation:04;name:foundation,,,,,,,,,
D,60,BETTY CASTIGLIANO FOUNDATION,BETTY CASTIGLIANO FOUNDATION,,"""BETTY CASTIGLIANO FOUNDATION"" Sarasota FL scholarship application",Sarasota,Sarasota,656354222,93982,0,T20,Y,ntee-grantmaker:T20;files-990PF;private-foundation:04;name:foundation,,,,,,,,,
D,60,THE JAMES BILLINGS FOUNDATION INC,THE JAMES BILLINGS FOUNDATION INC,,"""THE JAMES BILLINGS FOUNDATION INC"" Sarasota FL scholarship application",Sarasota,Sarasota,205822145,93343,0,T22,Y,ntee-grantmaker:T22;files-990PF;private-foundation:04;name:foundation,,,,,,,,,
D,60,KIRTLEY FAMILY FOUNDATION INC,KIRTLEY FAMILY FOUNDATION INC,,"""KIRTLEY FAMILY FOUNDATION INC"" Tampa FL scholarship application",Tampa,Hillsborough,863306332,92053,0,T20,Y,ntee-grantmaker:T20;files-990PF;private-foundation:04;name:foundation,,,,,,,,,
D,60,DIAMOND TRUST FOUNDATION INC,DIAMOND TRUST FOUNDATION INC,,"""DIAMOND TRUST FOUNDATION INC"" St Petersburg FL scholarship application",St Petersburg,Pinellas,455507200,90280,0,T20,Y,ntee-grantmaker:T20;files-990PF;private-foundation:04;name:foundation,,,,,,,,,
D,60,DOUG MANSFIELD FOUNDATION TRUST,DOUG MANSFIELD FOUNDATION TRUST,,"""DOUG MANSFIELD FOUNDATION TRUST"" Sarasota FL scholarship application",Sarasota,Sarasota,272080244,84339,0,T22,Y,ntee-grantmaker:T22;files-990PF;private-foundation:04;name:foundation,,,,,,,,,
D,60,FRY FOUNDATION INC,FRY FOUNDATION INC,,"""FRY FOUNDATION INC"" Tampa FL scholarship application",Tampa,Hillsborough,593547265,83908,0,T23,Y,ntee-grantmaker:T23;files-990PF;private-foundation:03;name:foundation,,,,,,,,,
D,60,FANA & KEMPNER FOUNDATION CHARITABLE TRUST,FANA & KEMPNER FOUNDATION CHARITABLE TRUST,,"""FANA & KEMPNER FOUNDATION CHARITABLE TRUST"" Seminole FL scholarship application",Seminole,Pinellas,454035850,83665,0,T12,Y,ntee-grantmaker:T12;files-990PF;private-foundation:04;name:foundation,,,,,,,,,
D,60,CHRISTOPHER THOMAS PHILIP FOUNDATION INC,CHRISTOPHER THOMAS PHILIP FOUNDATION INC,,"""CHRISTOPHER THOMAS PHILIP FOUNDATION INC"" Sarasota FL scholarship application",Sarasota,Sarasota,460924594,75907,0,T22,Y,ntee-grantmaker:T22;files-990PF;private-foundation:04;name:foundation,,,,,,,,,
D,60,SOSTENUTO FOUNDATION INC,SOSTENUTO FOUNDATION INC,,"""SOSTENUTO FOUNDATION INC"" Tampa FL scholarship application",Tampa,Hillsborough,593724982,72668,0,T22,Y,ntee-grantmaker:T22;files-990PF;private-foundation:04;name:foundation,,,,,,,,,
D,60,PAY IT BACKWARD FOUNDATION INC,PAY IT BACKWARD FOUNDATION INC,,"""PAY IT BACKWARD FOUNDATION INC"" Tampa FL scholarship application",Tampa,Hillsborough,061443058,68147,0,T20Z,Y,ntee-grantmaker:T20Z;files-990PF;private-foundation:04;name:foundation,,,,,,,,,
D,60,PDS&P MEHTA FAMILY FOUNDATION INC,PDS&P MEHTA FAMILY FOUNDATION INC,,"""PDS&P MEHTA FAMILY FOUNDATION INC"" Wesley Chapel FL scholarship application",Wesley Chapel,Pasco,208007252,68023,0,T22,Y,ntee-grantmaker:T22;files-990PF;private-foundation:04;name:foundation,,,,,,,,,
D,60,PEPIN FAMILY FOUNDATION INC,PEPIN FAMILY FOUNDATION INC,,"""PEPIN FAMILY FOUNDATION INC"" Tampa FL scholarship application",Tampa,Hillsborough,201250899,65872,0,T22,Y,ntee-grantmaker:T22;files-990PF;private-foundation:04;name:foundation,,,,,,,,,
D,60,DRS KIRAN & PALLAVI PATEL 2017 FAMILY FOUNDATION INC,DRS KIRAN & PALLAVI PATEL 2017 FAMILY FOUNDATION INC,,"""DRS KIRAN & PALLAVI PATEL 2017 FAMILY FOUNDATION INC"" Tampa FL scholarship application",Tampa,Hillsborough,823390214,64660,0,T22,Y,ntee-grantmaker:T22;files-990PF;private-foundation:04;name:foundation,,,,,,,,,
D,60,ERNAV CHARITABLE TRUST,ERNAV CHARITABLE TRUST,,"""ERNAV CHARITABLE TRUST"" Bradenton FL scholarship application",Bradenton,Manatee,203740984,63810,0,T22,Y,ntee-grantmaker:T22;files-990PF;private-foundation:04;name:foundation,,,,,,,,,
D,60,NEW AMSTERDAM CHARITABLE FOUNDATION,NEW AMSTERDAM CHARITABLE FOUNDATION,,"""NEW AMSTERDAM CHARITABLE FOUNDATION"" Sarasota FL scholarship application",Sarasota,Sarasota,650688223,60414,0,T99Z,Y,ntee-grantmaker:T99Z;files-990PF;private-foundation:04;name:foundation,,,,,,,,,
D,60,PETERS FAMILY FOUNDATION INC,PETERS FAMILY FOUNDATION INC,,"""PETERS FAMILY FOUNDATION INC"" Clearwater FL scholarship application",Clearwater,Pinellas,823767396,58172,0,T20,Y,ntee-grantmaker:T20;files-990PF;private-foundation:04;name:foundation,,,,,,,,,
D,60,BISK FAMILY FOUNDATION INC,BISK FAMILY FOUNDATION INC,,"""BISK FAMILY FOUNDATION INC"" Tampa FL scholarship application",Tampa,Hillsborough,261396623,56843,0,T22,Y,ntee-grantmaker:T22;files-990PF;private-foundation:04;name:foundation,,,,,,,,,
D,60,KELLY FAMILY CHARITABLE FOUNDATION INC,KELLY FAMILY CHARITABLE FOUNDATION INC,,"""KELLY FAMILY CHARITABLE FOUNDATION INC"" Venice FL scholarship application",Venice,Sarasota,300023235,55365,0,T22,Y,ntee-grantmaker:T22;files-990PF;private-foundation:04;name:foundation,,,,,,,,,
D,60,ARIS AND MARIANNE MARDIROSSIAN CHARITABLE FOUNDATION,ARIS AND MARIANNE MARDIROSSIAN CHARITABLE FOUNDATION,,"""ARIS AND MARIANNE MARDIROSSIAN CHARITABLE FOUNDATION"" Venice FL scholarship application",Venice,Sarasota,830448825,51998,0,T22,Y,ntee-grantmaker:T22;files-990PF;private-foundation:04;name:foundation,,,,,,,,,
D,60,FRANK AND CAROL MORSANI FOUNDATION INC,FRANK AND CAROL MORSANI FOUNDATION INC,,"""FRANK AND CAROL MORSANI FOUNDATION INC"" Tampa FL scholarship application",Tampa,Hillsborough,593543872,48817,0,T22,Y,ntee-grantmaker:T22;files-990PF;private-foundation:04;name:foundation,,,,,,,,,
D,60,ROBERT AND JUNE MCKILLOP FOUNDATION INC,ROBERT AND JUNE MCKILLOP FOUNDATION INC,,"""ROBERT AND JUNE MCKILLOP FOUNDATION INC"" Osprey FL scholarship application",Osprey,Sarasota,651120528,48790,0,T21,Y,ntee-grantmaker:T21;files-990PF;private-foundation:04;name:foundation,,,,,,,,,
D,60,GIDEL FAMILY FOUNDATION INC,GIDEL FAMILY FOUNDATION INC,,"""GIDEL FAMILY FOUNDATION INC"" Sarasota FL scholarship application",Sarasota,Sarasota,400000166,48256,0,T22,Y,ntee-grantmaker:T22;files-990PF;private-foundation:04;name:foundation,,,,,,,,,
D,60,PAVER FAMILY FOUNDATION INC,PAVER FAMILY FOUNDATION INC,,"""PAVER FAMILY FOUNDATION INC"" Sarasota FL scholarship application",Sarasota,Sarasota,650860386,48253,0,T20,Y,ntee-grantmaker:T20;files-990PF;private-foundation:04;name:foundation,,,,,,,,,
D,60,FURMAN FAMILY FOUNDATION INC,FURMAN FAMILY FOUNDATION INC,,"""FURMAN FAMILY FOUNDATION INC"" Tampa FL scholarship application",Tampa,Hillsborough,994844484,47628,0,T20,Y,ntee-grantmaker:T20;files-990PF;private-foundation:04;name:foundation,,,,,,,,,
D,60,MILLER FAMILY CHARITABLE FOUNDATION INC,MILLER FAMILY CHARITABLE FOUNDATION INC,,"""MILLER FAMILY CHARITABLE FOUNDATION INC"" Sarasota FL scholarship application",Sarasota,Sarasota,650965684,42795,0,T20,Y,ntee-grantmaker:T20;files-990PF;private-foundation:04;name:foundation,,,,,,,,,
D,60,INVESTECH FOUNDATION INC,INVESTECH FOUNDATION INC,,"""INVESTECH FOUNDATION INC"" Safety Harbor FL scholarship application",Safety Harbor,Pinellas,593482146,41225,0,T22,Y,ntee-grantmaker:T22;files-990PF;private-foundation:04;name:foundation,,,,,,,,,
D,60,SUSAN RILEY FAMILY FOUNDATION,SUSAN RILEY FAMILY FOUNDATION,,"""SUSAN RILEY FAMILY FOUNDATION"" Sarasota FL scholarship application",Sarasota,Sarasota,841568622,40195,0,T20,Y,ntee-grantmaker:T20;files-990PF;private-foundation:04;name:foundation,,,,,,,,,
D,60,CHAPUT-AVERY FAMILY FOUNDATION INC,CHAPUT-AVERY FAMILY FOUNDATION INC,,"""CHAPUT-AVERY FAMILY FOUNDATION INC"" St Petersburg FL scholarship application",St Petersburg,Pinellas,832222268,37710,0,T20,Y,ntee-grantmaker:T20;files-990PF;private-foundation:04;name:foundation,,,,,,,,,
D,60,JEFFREY S GOULD FOUNDATION INC,JEFFREY S GOULD FOUNDATION INC,,"""JEFFREY S GOULD FOUNDATION INC"" Sarasota FL scholarship application",Sarasota,Sarasota,201918796,37122,0,T22,Y,ntee-grantmaker:T22;files-990PF;private-foundation:04;name:foundation,,,,,,,,,
D,60,RALPH G GORENSTEIN CHARITABLE FOUNDATION INC,RALPH G GORENSTEIN CHARITABLE FOUNDATION INC,,"""RALPH G GORENSTEIN CHARITABLE FOUNDATION INC"" Sarasota FL scholarship application",Sarasota,Sarasota,311777763,34722,0,T20,Y,ntee-grantmaker:T20;files-990PF;private-foundation:04;name:foundation,,,,,,,,,
D,60,SAWYER FOUNDATION CHARITABLE TR,SAWYER FOUNDATION CHARITABLE TR,,"""SAWYER FOUNDATION CHARITABLE TR"" Safety Harbor FL scholarship application",Safety Harbor,Pinellas,856488444,34060,0,T20,Y,ntee-grantmaker:T20;files-990PF;private-foundation:03;name:foundation,,,,,,,,,
D,60,SAAJ FOUNDATION INC,SAAJ FOUNDATION INC,,"""SAAJ FOUNDATION INC"" Bradenton FL scholarship application",Bradenton,Manatee,921282414,33915,0,T99,Y,ntee-grantmaker:T99;files-990PF;private-foundation:04;name:foundation,,,,,,,,,
D,60,FOUNDATION TR,FOUNDATION TR,,"""FOUNDATION TR"" Venice FL scholarship application",Venice,Sarasota,656253272,33866,0,T22Z,Y,ntee-grantmaker:T22Z;files-990PF;private-foundation:04;name:foundation,,,,,,,,,
D,60,RICK AND JO BERQUIST FOUNDATION,RICK AND JO BERQUIST FOUNDATION,,"""RICK AND JO BERQUIST FOUNDATION"" Palmetto FL scholarship application",Palmetto,Manatee,208621519,32167,0,T20,Y,ntee-grantmaker:T20;files-990PF;private-foundation:04;name:foundation,,,,,,,,,
D,60,KLEINERT FAM FOUNDATION UA 02132014,KLEINERT FAM FOUNDATION UA 02132014,,"""KLEINERT FAM FOUNDATION UA 02132014"" Tampa FL scholarship application",Tampa,Hillsborough,306411520,30679,0,T20,Y,ntee-grantmaker:T20;files-990PF;private-foundation:04;name:foundation,,,,,,,,,
D,60,PASLAQUA CHARITABLE FOUNDATION,PASLAQUA CHARITABLE FOUNDATION,,"""PASLAQUA CHARITABLE FOUNDATION"" Sarasota FL scholarship application",Sarasota,Sarasota,161586282,30100,0,T22,Y,ntee-grantmaker:T22;files-990PF;private-foundation:04;name:foundation,,,,,,,,,
D,60,SILVER CIRCLE FAMILY FOUNDATION,SILVER CIRCLE FAMILY FOUNDATION,,"""SILVER CIRCLE FAMILY FOUNDATION"" Sarasota FL scholarship application",Sarasota,Sarasota,874833989,29560,0,T20,Y,ntee-grantmaker:T20;files-990PF;private-foundation:04;name:foundation,,,,,,,,,
D,60,HOFMANN FOUNDATION CHARITABLE TR,HOFMANN FOUNDATION CHARITABLE TR,,"""HOFMANN FOUNDATION CHARITABLE TR"" Sarasota FL scholarship application",Sarasota,Sarasota,546440900,29239,0,T20Z,Y,ntee-grantmaker:T20Z;files-990PF;private-foundation:04;name:foundation,,,,,,,,,
D,60,SEAWAY FOUNDATION TRUST,SEAWAY FOUNDATION TRUST,,"""SEAWAY FOUNDATION TRUST"" Gibsonton FL scholarship application",Gibsonton,Hillsborough,934222023,29126,55000,T12,Y,ntee-grantmaker:T12;files-990PF;private-foundation:04;name:foundation,,,,,,,,,
D,60,FRANKLIN STREET CHARITABLE FOUNDATION INC,FRANKLIN STREET CHARITABLE FOUNDATION INC,,"""FRANKLIN STREET CHARITABLE FOUNDATION INC"" Tampa FL scholarship application",Tampa,Hillsborough,990761440,28028,0,T20,Y,ntee-grantmaker:T20;files-990PF;private-foundation:04;name:foundation,,,,,,,,,
D,60,JOHN G & ANNA MARIA TROIANO FOUNDATION INC,JOHN G & ANNA MARIA TROIANO FOUNDATION INC,,"""JOHN G & ANNA MARIA TROIANO FOUNDATION INC"" Longboat Key FL scholarship application",Longboat Key,Sarasota,650716854,28012,0,T20Z,Y,ntee-grantmaker:T20Z;files-990PF;private-foundation:04;name:foundation,,,,,,,,,
D,60,ANNE L SISLIK FOUNDATION INC,ANNE L SISLIK FOUNDATION INC,,"""ANNE L SISLIK FOUNDATION INC"" Spring Hill FL scholarship application",Spring Hill,Pasco,934157271,26938,0,T22,Y,ntee-grantmaker:T22;files-990PF;private-foundation:04;name:foundation,,,,,,,,,
D,60,PHOENIX VENTURE PHILANTHROPY FOUNDATION INC,PHOENIX VENTURE PHILANTHROPY FOUNDATION INC,,"""PHOENIX VENTURE PHILANTHROPY FOUNDATION INC"" St Petersburg FL scholarship application",St Petersburg,Pinellas,134351448,23198,0,T30,Y,ntee-grantmaker:T30;files-990PF;private-foundation:04;name:foundation,,,,,,,,,
D,60,WILLAM B MURPHY THRIVE FOUNDATION,WILLAM B MURPHY THRIVE FOUNDATION,,"""WILLAM B MURPHY THRIVE FOUNDATION"" Longboat Key FL scholarship application",Longboat Key,Sarasota,882645983,23137,0,T22,Y,ntee-grantmaker:T22;files-990PF;private-foundation:04;name:foundation,,,,,,,,,
D,60,DAN & MEG COLLINS FAMILY FOUNDATION INC,DAN & MEG COLLINS FAMILY FOUNDATION INC,,"""DAN & MEG COLLINS FAMILY FOUNDATION INC"" Osprey FL scholarship application",Osprey,Sarasota,844374047,23040,0,T99,Y,ntee-grantmaker:T99;files-990PF;private-foundation:04;name:foundation,,,,,,,,,
D,60,JENSEN FAMILY FOUNDATION,JENSEN FAMILY FOUNDATION,,"""JENSEN FAMILY FOUNDATION"" Belleair FL scholarship application",Belleair,Pinellas,466252956,22962,0,T20,Y,ntee-grantmaker:T20;files-990PF;private-foundation:04;name:foundation,,,,,,,,,
D,60,FIUME FAMILY FOUNDATION INC,FIUME FAMILY FOUNDATION INC,,"""FIUME FAMILY FOUNDATION INC"" Tampa FL scholarship application",Tampa,Hillsborough,813003701,20836,0,T20,Y,ntee-grantmaker:T20;files-990PF;private-foundation:04;name:foundation,,,,,,,,,
D,60,ROBERT AND LYNN DONALDSON FAMILY FOUNDATION INC,ROBERT AND LYNN DONALDSON FAMILY FOUNDATION INC,,"""ROBERT AND LYNN DONALDSON FAMILY FOUNDATION INC"" St Petersburg FL scholarship application",St Petersburg,Pinellas,262483624,20748,0,T22,Y,ntee-grantmaker:T22;files-990PF;private-foundation:04;name:foundation,,,,,,,,,
D,60,THE KEARNEY FOUNDATION INC,THE KEARNEY FOUNDATION INC,,"""THE KEARNEY FOUNDATION INC"" Riverview FL scholarship application",Riverview,Hillsborough,204661352,18988,0,T22,Y,ntee-grantmaker:T22;files-990PF;private-foundation:04;name:foundation,,,,,,,,,
D,60,GOLDEN AGE FOUNDATION,GOLDEN AGE FOUNDATION,,"""GOLDEN AGE FOUNDATION"" Clearwater FL scholarship application",Clearwater,Pinellas,454498079,18841,0,T22,Y,ntee-grantmaker:T22;files-990PF;private-foundation:04;name:foundation,,,,,,,,,
D,60,ST PETER FOUNDATION INC,ST PETER FOUNDATION INC,,"""ST PETER FOUNDATION INC"" Largo FL scholarship application",Largo,Pinellas,571206254,18443,0,T22,Y,ntee-grantmaker:T22;files-990PF;private-foundation:04;name:foundation,,,,,,,,,
D,60,DOYLE FOUNDATION INC,DOYLE FOUNDATION INC,,"""DOYLE FOUNDATION INC"" St Petersburg FL scholarship application",St Petersburg,Pinellas,593311469,16905,0,T20Z,Y,ntee-grantmaker:T20Z;files-990PF;private-foundation:04;name:foundation,,,,,,,,,
D,60,SARA F GASSMAN CHARITABLE FOUNDATION,SARA F GASSMAN CHARITABLE FOUNDATION,,"""SARA F GASSMAN CHARITABLE FOUNDATION"" Clearwater FL scholarship application",Clearwater,Pinellas,611561418,16363,0,T23,Y,ntee-grantmaker:T23;files-990PF;private-foundation:03;name:foundation,,,,,,,,,
D,60,ROSENTHAL ROOTS FAMILY FOUNDATION INC,ROSENTHAL ROOTS FAMILY FOUNDATION INC,,"""ROSENTHAL ROOTS FAMILY FOUNDATION INC"" Sarasota FL scholarship application",Sarasota,Sarasota,832368107,15447,0,T22,Y,ntee-grantmaker:T22;files-990PF;private-foundation:04;name:foundation,,,,,,,,,
D,60,VISTA MAKAI FOUNDATION INC,VISTA MAKAI FOUNDATION INC,,"""VISTA MAKAI FOUNDATION INC"" Sarasota FL scholarship application",Sarasota,Sarasota,860872198,15391,0,T20Z,Y,ntee-grantmaker:T20Z;files-990PF;private-foundation:04;name:foundation,,,,,,,,,
D,60,DELINE CHARITABLE FOUNDATION INC,DELINE CHARITABLE FOUNDATION INC,,"""DELINE CHARITABLE FOUNDATION INC"" Sarasota FL scholarship application",Sarasota,Sarasota,834151724,14930,0,T22,Y,ntee-grantmaker:T22;files-990PF;private-foundation:04;name:foundation,,,,,,,,,
D,60,LISHA & CHAD BOWEN FAMILY FOUNDATION INC,LISHA & CHAD BOWEN FAMILY FOUNDATION INC,,"""LISHA & CHAD BOWEN FAMILY FOUNDATION INC"" Tampa FL scholarship application",Tampa,Hillsborough,833086106,13686,0,T20,Y,ntee-grantmaker:T20;files-990PF;private-foundation:04;name:foundation,,,,,,,,,
D,60,MYRRH CAPITAL FOUNDATION,MYRRH CAPITAL FOUNDATION,,"""MYRRH CAPITAL FOUNDATION"" St Petersburg FL scholarship application",St Petersburg,Pinellas,466448051,12861,0,T20,Y,ntee-grantmaker:T20;files-990PF;private-foundation:04;name:foundation,,,,,,,,,
D,60,ALBERT FAMILY FOUNDATION INC,ALBERT FAMILY FOUNDATION INC,,"""ALBERT FAMILY FOUNDATION INC"" St Petersburg FL scholarship application",St Petersburg,Pinellas,811567221,12462,0,T20,Y,ntee-grantmaker:T20;files-990PF;private-foundation:04;name:foundation,,,,,,,,,
D,60,THE PERLMAN FAMILY FOUNDATION INC,THE PERLMAN FAMILY FOUNDATION INC,,"""THE PERLMAN FAMILY FOUNDATION INC"" Sarasota FL scholarship application",Sarasota,Sarasota,020255205,12128,0,T20,Y,ntee-grantmaker:T20;files-990PF;private-foundation:04;name:foundation,,,,,,,,,
D,60,JL FOUNDATION INC,JL FOUNDATION INC,,"""JL FOUNDATION INC"" Oldsmar FL scholarship application",Oldsmar,Pinellas,460695734,11163,0,T20,Y,ntee-grantmaker:T20;files-990PF;private-foundation:04;name:foundation,,,,,,,,,
D,60,KENDALL FAMILY FOUNDATION INC,KENDALL FAMILY FOUNDATION INC,,"""KENDALL FAMILY FOUNDATION INC"" Venice FL scholarship application",Venice,Sarasota,922135545,11012,0,T23,Y,ntee-grantmaker:T23;files-990PF;private-foundation:04;name:foundation,,,,,,,,,
D,60,GONZMART FAMILY FOUNDATION INC,GONZMART FAMILY FOUNDATION INC,,"""GONZMART FAMILY FOUNDATION INC"" Tampa FL scholarship application",Tampa,Hillsborough,201504152,10713,0,T20,Y,ntee-grantmaker:T20;files-990PF;private-foundation:04;name:foundation,,,,,,,,,
D,60,BENCH FAMILY FOUNDATION INC,BENCH FAMILY FOUNDATION INC,,"""BENCH FAMILY FOUNDATION INC"" Sarasota FL scholarship application",Sarasota,Sarasota,823845200,10693,0,T22,Y,ntee-grantmaker:T22;files-990PF;private-foundation:04;name:foundation,,,,,,,,,
D,60,SAMRA FOUNDATION INC,SAMRA FOUNDATION INC,,"""SAMRA FOUNDATION INC"" Tampa FL scholarship application",Tampa,Hillsborough,852566475,10551,0,T22,Y,ntee-grantmaker:T22;files-990PF;private-foundation:04;name:foundation,,,,,,,,,
D,60,MELY & RICK REY FOUNDATION INC,MELY & RICK REY FOUNDATION INC,,"""MELY & RICK REY FOUNDATION INC"" Sarasota FL scholarship application",Sarasota,Sarasota,260362176,10495,0,T20,Y,ntee-grantmaker:T20;files-990PF;private-foundation:04;name:foundation,,,,,,,,,
D,60,ROSINA CHARITABLE FOUNDATION INC,ROSINA CHARITABLE FOUNDATION INC,,"""ROSINA CHARITABLE FOUNDATION INC"" Tampa FL scholarship application",Tampa,Hillsborough,271570363,10060,0,T20,Y,ntee-grantmaker:T20;files-990PF;private-foundation:04;name:foundation,,,,,,,,,
D,60,WIREGRASS RANCH FOUNDATION INC,WIREGRASS RANCH FOUNDATION INC,,"""WIREGRASS RANCH FOUNDATION INC"" Wesley Chapel FL scholarship application",Wesley Chapel,Pasco,383867980,9469,0,T125,Y,ntee-grantmaker:T125;files-990PF;private-foundation:04;name:foundation,,,,,,,,,
D,60,SKYWAY CAPITAL FOUNDATION INC,SKYWAY CAPITAL FOUNDATION INC,,"""SKYWAY CAPITAL FOUNDATION INC"" Tampa FL scholarship application",Tampa,Hillsborough,263699282,9085,0,T21,Y,ntee-grantmaker:T21;files-990PF;private-foundation:04;name:foundation,,,,,,,,,
D,60,NATAN RAPPAPORT FAMILY FOUNDATION,NATAN RAPPAPORT FAMILY FOUNDATION,,"""NATAN RAPPAPORT FAMILY FOUNDATION"" Tampa FL scholarship application",Tampa,Hillsborough,814239532,9019,0,T20,Y,ntee-grantmaker:T20;files-990PF;private-foundation:04;name:foundation,,,,,,,,,
D,60,SHALULY FOUNDATION,SHALULY FOUNDATION,,"""SHALULY FOUNDATION"" Safety Harbor FL scholarship application",Safety Harbor,Pinellas,462860780,8301,0,T31,Y,ntee-grantmaker:T31;files-990PF;private-foundation:04;name:foundation,,,,,,,,,
D,60,LEWIS W TAUB AND JOANNE T TAUB FAMILY FOUNDATION INC,LEWIS W TAUB AND JOANNE T TAUB FAMILY FOUNDATION INC,,"""LEWIS W TAUB AND JOANNE T TAUB FAMILY FOUNDATION INC"" Lakewood Ranch FL scholarship application",Lakewood Ranch,Manatee,273074768,7663,0,T20,Y,ntee-grantmaker:T20;files-990PF;private-foundation:04;name:foundation,,,,,,,,,
D,60,JOHN E STROSS FAMILY FOUNDATION INC,JOHN E STROSS FAMILY FOUNDATION INC,,"""JOHN E STROSS FAMILY FOUNDATION INC"" St Petersburg FL scholarship application",St Petersburg,Pinellas,471084785,6095,0,T20,Y,ntee-grantmaker:T20;files-990PF;private-foundation:04;name:foundation,,,,,,,,,
D,60,OWEN SARWATKA FOUNDATION,OWEN SARWATKA FOUNDATION,,"""OWEN SARWATKA FOUNDATION"" Lutz FL scholarship application",Lutz,Hillsborough,882319325,5846,0,T22,Y,ntee-grantmaker:T22;files-990PF;private-foundation:04;name:foundation,,,,,,,,,
D,60,WEINER FAMILY FOUNDATION,WEINER FAMILY FOUNDATION,,"""WEINER FAMILY FOUNDATION"" Sarasota FL scholarship application",Sarasota,Sarasota,251724052,5603,0,T20Z,Y,ntee-grantmaker:T20Z;files-990PF;private-foundation:04;name:foundation,,,,,,,,,
D,60,SARASOTA CITY FOUNDATION INCORPORATED,SARASOTA CITY FOUNDATION INCORPORATED,,"""SARASOTA CITY FOUNDATION INCORPORATED"" Sarasota FL scholarship application",Sarasota,Sarasota,883894153,5404,0,T20,Y,ntee-grantmaker:T20;files-990PF;private-foundation:04;name:foundation,,,,,,,,,
D,60,POMPOSI FOUNDATION,POMPOSI FOUNDATION,,"""POMPOSI FOUNDATION"" Bradenton FL scholarship application",Bradenton,Manatee,467198726,5243,0,T20,Y,ntee-grantmaker:T20;files-990PF;private-foundation:04;name:foundation,,,,,,,,,
D,60,FRANK A GUNTHER FOUNDATION INC,FRANK A GUNTHER FOUNDATION INC,,"""FRANK A GUNTHER FOUNDATION INC"" Sarasota FL scholarship application",Sarasota,Sarasota,061562793,5218,0,T20,Y,ntee-grantmaker:T20;files-990PF;private-foundation:04;name:foundation,,,,,,,,,
D,60,GENDRON FAMILY FOUNDATION INC,GENDRON FAMILY FOUNDATION INC,,"""GENDRON FAMILY FOUNDATION INC"" Tampa FL scholarship application",Tampa,Hillsborough,922606947,4600,0,T20,Y,ntee-grantmaker:T20;files-990PF;private-foundation:04;name:foundation,,,,,,,,,
D,60,IMAGINE FOUNDATION,IMAGINE FOUNDATION,,"""IMAGINE FOUNDATION"" Sarasota FL scholarship application",Sarasota,Sarasota,650992811,4430,0,T22,Y,ntee-grantmaker:T22;files-990PF;private-foundation:04;name:foundation,,,,,,,,,
D,60,TRIVISONNO FOUNDATION,TRIVISONNO FOUNDATION,,"""TRIVISONNO FOUNDATION"" Sarasota FL scholarship application",Sarasota,Sarasota,810738539,4347,0,T20,Y,ntee-grantmaker:T20;files-990PF;private-foundation:04;name:foundation,,,,,,,,,
D,60,GRACE FOUNDATION INC,GRACE FOUNDATION INC,,"""GRACE FOUNDATION INC"" Tampa FL scholarship application",Tampa,Hillsborough,364335020,4258,0,T23,Y,ntee-grantmaker:T23;files-990PF;private-foundation:03;name:foundation,,,,,,,,,
D,60,RIPA LAFACE FOUNDATION TRUST,RIPA LAFACE FOUNDATION TRUST,,"""RIPA LAFACE FOUNDATION TRUST"" Tampa FL scholarship application",Tampa,Hillsborough,814690534,3426,0,T12,Y,ntee-grantmaker:T12;files-990PF;private-foundation:04;name:foundation,,,,,,,,,
D,60,CORROY FOUNDATION INC,CORROY FOUNDATION INC,,"""CORROY FOUNDATION INC"" Tampa FL scholarship application",Tampa,Hillsborough,473382550,3368,0,T20,Y,ntee-grantmaker:T20;files-990PF;private-foundation:04;name:foundation,,,,,,,,,
D,60,ACT FOUNDATION INC,ACT FOUNDATION INC,,"""ACT FOUNDATION INC"" Lithia FL scholarship application",Lithia,Hillsborough,301353313,3310,0,T22,Y,ntee-grantmaker:T22;files-990PF;private-foundation:04;name:foundation,,,,,,,,,
D,60,SALMORE FAMILY FOUNDATION INC,SALMORE FAMILY FOUNDATION INC,,"""SALMORE FAMILY FOUNDATION INC"" Sarasota FL scholarship application",Sarasota,Sarasota,331195302,3068,0,T20,Y,ntee-grantmaker:T20;files-990PF;private-foundation:04;name:foundation,,,,,,,,,
D,60,SHEILA AND GREG ANDERSON FOUNDATION,SHEILA AND GREG ANDERSON FOUNDATION,,"""SHEILA AND GREG ANDERSON FOUNDATION"" Valrico FL scholarship application",Valrico,Hillsborough,821537459,2954,0,T20,Y,ntee-grantmaker:T20;files-990PF;private-foundation:04;name:foundation,,,,,,,,,
D,60,THE WILLIAM AND ELIZABETH KAHANE FAMILY FOUNDATION,THE WILLIAM AND ELIZABETH KAHANE FAMILY FOUNDATION,,"""THE WILLIAM AND ELIZABETH KAHANE FAMILY FOUNDATION"" Sarasota FL scholarship application",Sarasota,Sarasota,300881461,2429,0,T20,Y,ntee-grantmaker:T20;files-990PF;private-foundation:04;name:foundation,,,,,,,,,
D,60,EDMUND AND ELIZABETH CAMPBELL FOUNDATION INC,EDMUND AND ELIZABETH CAMPBELL FOUNDATION INC,,"""EDMUND AND ELIZABETH CAMPBELL FOUNDATION INC"" Venice FL scholarship application",Venice,Sarasota,650753913,2076,0,T20Z,Y,ntee-grantmaker:T20Z;files-990PF;private-foundation:04;name:foundation,,,,,,,,,
D,60,DENOISE P & YOLANDA A SULLIVAN JR FOUNDATION,DENOISE P & YOLANDA A SULLIVAN JR FOUNDATION,,"""DENOISE P & YOLANDA A SULLIVAN JR FOUNDATION"" Pinellas Park FL scholarship application",Pinellas Park,Pinellas,815053152,1822,0,T20,Y,ntee-grantmaker:T20;files-990PF;private-foundation:04;name:foundation,,,,,,,,,
D,60,CATHY ZACCARI MEMORIAL FOUNDATION INC,CATHY ZACCARI MEMORIAL FOUNDATION INC,,"""CATHY ZACCARI MEMORIAL FOUNDATION INC"" Apollo Beach FL scholarship application",Apollo Beach,Hillsborough,464266120,1771,0,T20,Y,ntee-grantmaker:T20;files-990PF;private-foundation:04;name:foundation,,,,,,,,,
D,60,OYETUNDE FOUNDATION INC,OYETUNDE FOUNDATION INC,,"""OYETUNDE FOUNDATION INC"" Tampa FL scholarship application",Tampa,Hillsborough,831494058,1250,0,T22,Y,ntee-grantmaker:T22;files-990PF;private-foundation:04;name:foundation,,,,,,,,,
D,60,FOUNDATION FOR REDEEMED LIVING INC,FOUNDATION FOR REDEEMED LIVING INC,,"""FOUNDATION FOR REDEEMED LIVING INC"" Tampa FL scholarship application",Tampa,Hillsborough,261239785,1098,0,T23,Y,ntee-grantmaker:T23;files-990PF;private-foundation:03;name:foundation,,,,,,,,,
D,60,STUART G LASHER FOUNDATION INC,STUART G LASHER FOUNDATION INC,,"""STUART G LASHER FOUNDATION INC"" Tampa FL scholarship application",Tampa,Hillsborough,593482294,1067,0,T20Z,Y,ntee-grantmaker:T20Z;files-990PF;private-foundation:04;name:foundation,,,,,,,,,
D,60,MELIORA FOUNDATION INC,MELIORA FOUNDATION INC,,"""MELIORA FOUNDATION INC"" Sarasota FL scholarship application",Sarasota,Sarasota,831044279,959,0,T12,Y,ntee-grantmaker:T12;files-990PF;private-foundation:04;name:foundation,,,,,,,,,
D,60,REACH ONE TO BE WON FOUNDATION INC,REACH ONE TO BE WON FOUNDATION INC,,"""REACH ONE TO BE WON FOUNDATION INC"" Riverview FL scholarship application",Riverview,Hillsborough,861206678,816,0,T22,Y,ntee-grantmaker:T22;files-990PF;private-foundation:04;name:foundation,,,,,,,,,
D,60,METZLER FAMILY FOUNDATION,METZLER FAMILY FOUNDATION,,"""METZLER FAMILY FOUNDATION"" Tampa FL scholarship application",Tampa,Hillsborough,824793978,711,0,T20,Y,ntee-grantmaker:T20;files-990PF;private-foundation:04;name:foundation,,,,,,,,,
D,60,BAYCROSS CHRISTIAN FAMILY FOUNDATION INC,BAYCROSS CHRISTIAN FAMILY FOUNDATION INC,,"""BAYCROSS CHRISTIAN FAMILY FOUNDATION INC"" Sarasota FL scholarship application",Sarasota,Sarasota,471637993,670,0,T22,Y,ntee-grantmaker:T22;files-990PF;private-foundation:04;name:foundation,,,,,,,,,
D,60,TU CANNA 420 FOUNDATION INC,TU CANNA 420 FOUNDATION INC,,"""TU CANNA 420 FOUNDATION INC"" Tampa FL scholarship application",Tampa,Hillsborough,844023607,601,0,T23,Y,ntee-grantmaker:T23;files-990PF;private-foundation:03;name:foundation,,,,,,,,,
D,60,MCGILLICUDDY FAMILY FOUNDATION INC,MCGILLICUDDY FAMILY FOUNDATION INC,,"""MCGILLICUDDY FAMILY FOUNDATION INC"" Sarasota FL scholarship application",Sarasota,Sarasota,203973066,600,0,T20,Y,ntee-grantmaker:T20;files-990PF;private-foundation:04;name:foundation,,,,,,,,,
D,60,ESPINOZA FAMILY FOUNDATION INC,ESPINOZA FAMILY FOUNDATION INC,,"""ESPINOZA FAMILY FOUNDATION INC"" Land O Lakes FL scholarship application",Land O Lakes,Pasco,921971282,466,0,T22,Y,ntee-grantmaker:T22;files-990PF;private-foundation:04;name:foundation,,,,,,,,,
D,60,CHARLES M AND SHERI THOMPSON CHARITABLE FOUNDATION,CHARLES M AND SHERI THOMPSON CHARITABLE FOUNDATION,,"""CHARLES M AND SHERI THOMPSON CHARITABLE FOUNDATION"" Tampa FL scholarship application",Tampa,Hillsborough,463954221,300,0,T20,Y,ntee-grantmaker:T20;files-990PF;private-foundation:04;name:foundation,,,,,,,,,
D,60,SEND A SMILE FOUNDATION INC,SEND A SMILE FOUNDATION INC,,"""SEND A SMILE FOUNDATION INC"" Tampa FL scholarship application",Tampa,Hillsborough,920997545,257,0,T21,Y,ntee-grantmaker:T21;files-990PF;private-foundation:04;name:foundation,,,,,,,,,
D,60,SAFE & LOVED FOUNDATION INC,SAFE & LOVED FOUNDATION INC,,"""SAFE & LOVED FOUNDATION INC"" Osprey FL scholarship application",Osprey,Sarasota,862294068,223,0,T22,Y,ntee-grantmaker:T22;files-990PF;private-foundation:04;name:foundation,,,,,,,,,
D,60,INDI P VASUDEVA FOUNDATION INC,INDI P VASUDEVA FOUNDATION INC,,"""INDI P VASUDEVA FOUNDATION INC"" Lutz FL scholarship application",Lutz,Hillsborough,861448927,200,0,T30,Y,ntee-grantmaker:T30;files-990PF;private-foundation:04;name:foundation,,,,,,,,,
D,60,GENE PEARSON MOTORCYCLE AWARENESS FOUNDATION INC,GENE PEARSON MOTORCYCLE AWARENESS FOUNDATION INC,,"""GENE PEARSON MOTORCYCLE AWARENESS FOUNDATION INC"" Safety Harbor FL scholarship application",Safety Harbor,Pinellas,900310124,173,0,T230,Y,ntee-grantmaker:T230;files-990PF;private-foundation:03;name:foundation,,,,,,,,,
D,60,HENRY L KING III FOUNDATION,HENRY L KING III FOUNDATION,,"""HENRY L KING III FOUNDATION"" St Petersburg FL scholarship application",St Petersburg,Pinellas,886308638,110,0,T20,Y,ntee-grantmaker:T20;files-990PF;private-foundation:04;name:foundation,,,,,,,,,
D,60,DOUGLAS AND JULIA LUMPKIN CHARITABLE FOUNDATION INC,DOUGLAS AND JULIA LUMPKIN CHARITABLE FOUNDATION INC,,"""DOUGLAS AND JULIA LUMPKIN CHARITABLE FOUNDATION INC"" Sarasota FL scholarship application",Sarasota,Sarasota,203347815,105,0,T21,Y,ntee-grantmaker:T21;files-990PF;private-foundation:04;name:foundation,,,,,,,,,
D,60,CALVIN H REED FAMILY FOUNDATION INC,CALVIN H REED FAMILY FOUNDATION INC,,"""CALVIN H REED FAMILY FOUNDATION INC"" Tampa FL scholarship application",Tampa,Hillsborough,263668924,100,0,T20,Y,ntee-grantmaker:T20;files-990PF;private-foundation:04;name:foundation,,,,,,,,,
D,60,HELPING HANDS OF TAMPA BAY FOUNDATION INC,HELPING HANDS OF TAMPA BAY FOUNDATION INC,,"""HELPING HANDS OF TAMPA BAY FOUNDATION INC"" Clearwater FL scholarship application",Clearwater,Pinellas,473988896,100,0,T22,Y,ntee-grantmaker:T22;files-990PF;private-foundation:04;name:foundation,,,,,,,,,
D,60,HUSSEIN FAMILY FOUNDATION INC,HUSSEIN FAMILY FOUNDATION INC,,"""HUSSEIN FAMILY FOUNDATION INC"" Tampa FL scholarship application",Tampa,Hillsborough,934791860,100,0,T20,Y,ntee-grantmaker:T20;files-990PF;private-foundation:04;name:foundation,,,,,,,,,
D,60,MSC FOUNDATION INC,MSC FOUNDATION INC,,"""MSC FOUNDATION INC"" Sarasota FL scholarship application",Sarasota,Sarasota,203506500,1,0,T22,Y,ntee-grantmaker:T22;files-990PF;private-foundation:04;name:foundation,,,,,,,,,
D,60,LARRY AND MARY GREENSPON FOUNDATION INC,LARRY AND MARY GREENSPON FOUNDATION INC,,"""LARRY AND MARY GREENSPON FOUNDATION INC"" Longboat Key FL scholarship application",Longboat Key,Sarasota,205521563,1,0,T22,Y,ntee-grantmaker:T22;files-990PF;private-foundation:04;name:foundation,,,,,,,,,
D,60,LOW-MANCHESTER FOUNDATION,LOW-MANCHESTER FOUNDATION,,"""LOW-MANCHESTER FOUNDATION"" Sarasota FL scholarship application",Sarasota,Sarasota,261856794,1,0,T20,Y,ntee-grantmaker:T20;files-990PF;private-foundation:04;name:foundation,,,,,,,,,
D,60,STARCAM FOUNDATION INC,STARCAM FOUNDATION INC,,"""STARCAM FOUNDATION INC"" Dunedin FL scholarship application",Dunedin,Pinellas,263116737,1,0,T12,Y,ntee-grantmaker:T12;files-990PF;private-foundation:04;name:foundation,,,,,,,,,
D,60,TLC FOUNDATION INC,TLC FOUNDATION INC,,"""TLC FOUNDATION INC"" Clearwater FL scholarship application",Clearwater,Pinellas,300827168,1,0,T22,Y,ntee-grantmaker:T22;files-990PF;private-foundation:04;name:foundation,,,,,,,,,
D,60,CORNELIUS FAMILY FOUNDATION INC,CORNELIUS FAMILY FOUNDATION INC,,"""CORNELIUS FAMILY FOUNDATION INC"" Tampa FL scholarship application",Tampa,Hillsborough,333344087,1,0,T22,Y,ntee-grantmaker:T22;files-990PF;private-foundation:04;name:foundation,,,,,,,,,
D,60,MARELL FOUNDATION INC,MARELL FOUNDATION INC,,"""MARELL FOUNDATION INC"" Saint Petersburg FL scholarship application",Saint Petersburg,Pinellas,384121686,1,0,T20,Y,ntee-grantmaker:T20;files-990PF;private-foundation:04;name:foundation,,,,,,,,,
D,60,OLSEN FAMILY FOUNDATION INC,OLSEN FAMILY FOUNDATION INC,,"""OLSEN FAMILY FOUNDATION INC"" Tampa FL scholarship application",Tampa,Hillsborough,393129999,1,0,T20,Y,ntee-grantmaker:T20;files-990PF;private-foundation:04;name:foundation,,,,,,,,,
D,60,HILLER FAMILY FOUNDATION INC,HILLER FAMILY FOUNDATION INC,,"""HILLER FAMILY FOUNDATION INC"" Tampa FL scholarship application",Tampa,Hillsborough,455078338,1,0,T22,Y,ntee-grantmaker:T22;files-990PF;private-foundation:04;name:foundation,,,,,,,,,
D,60,GRIES FAMILY FOUNDATION INC,GRIES FAMILY FOUNDATION INC,,"""GRIES FAMILY FOUNDATION INC"" Tampa FL scholarship application",Tampa,Hillsborough,460532492,1,0,T20,Y,ntee-grantmaker:T20;files-990PF;private-foundation:04;name:foundation,,,,,,,,,
D,60,BRAD DUNN FOUNDATION INC,BRAD DUNN FOUNDATION INC,,"""BRAD DUNN FOUNDATION INC"" Bradenton FL scholarship application",Bradenton,Manatee,464949108,1,0,T23,Y,ntee-grantmaker:T23;files-990PF;private-foundation:03;name:foundation,,,,,,,,,
D,60,GOODIE FOUNDATION INC,GOODIE FOUNDATION INC,,"""GOODIE FOUNDATION INC"" St Petersburg FL scholarship application",St Petersburg,Pinellas,472523298,1,0,T22,Y,ntee-grantmaker:T22;files-990PF;private-foundation:04;name:foundation,,,,,,,,,
D,60,SY & LINDA SHERR FOUNDATION INC,SY & LINDA SHERR FOUNDATION INC,,"""SY & LINDA SHERR FOUNDATION INC"" Sarasota FL scholarship application",Sarasota,Sarasota,472898806,1,0,T20,Y,ntee-grantmaker:T20;files-990PF;private-foundation:04;name:foundation,,,,,,,,,
D,60,GERARD & BARBARA SHAPIRO FAMILY FOUNDATION,GERARD & BARBARA SHAPIRO FAMILY FOUNDATION,,"""GERARD & BARBARA SHAPIRO FAMILY FOUNDATION"" Venice FL scholarship application",Venice,Sarasota,743218734,1,0,T20,Y,ntee-grantmaker:T20;files-990PF;private-foundation:04;name:foundation,,,,,,,,,
D,60,BEAMAN FAMILY FOUNDATION INC,BEAMAN FAMILY FOUNDATION INC,,"""BEAMAN FAMILY FOUNDATION INC"" St Petersburg FL scholarship application",St Petersburg,Pinellas,833086057,1,0,T22,Y,ntee-grantmaker:T22;files-990PF;private-foundation:04;name:foundation,,,,,,,,,
D,60,GEORGES & OLGA NICOLAS FOUNDATION INC,GEORGES & OLGA NICOLAS FOUNDATION INC,,"""GEORGES & OLGA NICOLAS FOUNDATION INC"" Riverview FL scholarship application",Riverview,Hillsborough,842460935,1,0,T23,Y,ntee-grantmaker:T23;files-990PF;private-foundation:04;name:foundation,,,,,,,,,
D,60,HRUBY FAMILY FOUNDATION INC,HRUBY FAMILY FOUNDATION INC,,"""HRUBY FAMILY FOUNDATION INC"" Palmetto FL scholarship application",Palmetto,Manatee,842767020,1,0,T22,Y,ntee-grantmaker:T22;files-990PF;private-foundation:04;name:foundation,,,,,,,,,
D,60,KSS MOSSING FAMILY FOUNDATION,KSS MOSSING FAMILY FOUNDATION,,"""KSS MOSSING FAMILY FOUNDATION"" Safety Harbor FL scholarship application",Safety Harbor,Pinellas,843592766,1,0,T20,Y,ntee-grantmaker:T20;files-990PF;private-foundation:04;name:foundation,,,,,,,,,
D,60,GEORGE 4 FOUNDATION INC,GEORGE 4 FOUNDATION INC,,"""GEORGE 4 FOUNDATION INC"" Tampa FL scholarship application",Tampa,Hillsborough,844324812,1,0,T22,Y,ntee-grantmaker:T22;files-990PF;private-foundation:04;name:foundation,,,,,,,,,
D,60,SAS HEMANI FOUNDATION,SAS HEMANI FOUNDATION,,"""SAS HEMANI FOUNDATION"" Tampa FL scholarship application",Tampa,Hillsborough,846924356,1,0,T20,Y,ntee-grantmaker:T20;files-990PF;private-foundation:04;name:foundation,,,,,,,,,
D,60,COMPASS AMERICA FOUNDATION INC,COMPASS AMERICA FOUNDATION INC,,"""COMPASS AMERICA FOUNDATION INC"" Nokomis FL scholarship application",Nokomis,Sarasota,854273711,1,0,T12,Y,ntee-grantmaker:T12;files-990PF;private-foundation:04;name:foundation,,,,,,,,,
D,60,SHAKHOV HERITAGE FOUNDATION,SHAKHOV HERITAGE FOUNDATION,,"""SHAKHOV HERITAGE FOUNDATION"" Clearwater FL scholarship application",Clearwater,Pinellas,873547393,1,0,T20,Y,ntee-grantmaker:T20;files-990PF;private-foundation:04;name:foundation,,,,,,,,,
D,60,RIVERCROSS FOUNDATION,RIVERCROSS FOUNDATION,,"""RIVERCROSS FOUNDATION"" Clearwater FL scholarship application",Clearwater,Pinellas,880456623,1,0,T12,Y,ntee-grantmaker:T12;files-990PF;private-foundation:04;name:foundation,,,,,,,,,
D,60,MACKINNON CHARITABLE TRUST,MACKINNON CHARITABLE TRUST,,"""MACKINNON CHARITABLE TRUST"" Tampa FL scholarship application",Tampa,Hillsborough,881094997,1,0,T22,Y,ntee-grantmaker:T22;files-990PF;private-foundation:04;name:foundation,,,,,,,,,
D,60,GRUBER FOUNDATION INC,GRUBER FOUNDATION INC,,"""GRUBER FOUNDATION INC"" St Petersburg FL scholarship application",St Petersburg,Pinellas,884198417,1,0,T22,Y,ntee-grantmaker:T22;files-990PF;private-foundation:04;name:foundation,,,,,,,,,
D,60,ROBIN HOOD ORG FOUNDATION,ROBIN HOOD ORG FOUNDATION,,"""ROBIN HOOD ORG FOUNDATION"" Tampa FL scholarship application",Tampa,Hillsborough,931782862,1,0,T12,Y,ntee-grantmaker:T12;files-990PF;private-foundation:04;name:foundation,,,,,,,,,
D,60,PETREE FAMILY FOUNDATION INC,PETREE FAMILY FOUNDATION INC,,"""PETREE FAMILY FOUNDATION INC"" Englewood FL scholarship application",Englewood,Sarasota,932791725,1,0,T20,Y,ntee-grantmaker:T20;files-990PF;private-foundation:04;name:foundation,,,,,,,,,
D,60,JOSEPH & TIFFANY KEATING FAMILY FOUNDATION INC,JOSEPH & TIFFANY KEATING FAMILY FOUNDATION INC,,"""JOSEPH & TIFFANY KEATING FAMILY FOUNDATION INC"" Clearwater FL scholarship application",Clearwater,Pinellas,934470636,1,0,T20,Y,ntee-grantmaker:T20;files-990PF;private-foundation:04;name:foundation,,,,,,,,,
D,60,GEORGES JOSEPH FAMILY HOPE FOUNDATION INC,GEORGES JOSEPH FAMILY HOPE FOUNDATION INC,,"""GEORGES JOSEPH FAMILY HOPE FOUNDATION INC"" Spring Hill FL scholarship application",Spring Hill,Pasco,934853440,1,0,T20,Y,ntee-grantmaker:T20;files-990PF;private-foundation:04;name:foundation,,,,,,,,,
D,60,MELLITI FAMILY FOUNDATION,MELLITI FAMILY FOUNDATION,,"""MELLITI FAMILY FOUNDATION"" Thonotosassa FL scholarship application",Thonotosassa,Hillsborough,936608291,1,0,T20,Y,ntee-grantmaker:T20;files-990PF;private-foundation:04;name:foundation,,,,,,,,,
D,60,REINHART FAMILY FOUNDATION INC,REINHART FAMILY FOUNDATION INC,,"""REINHART FAMILY FOUNDATION INC"" Sarasota FL scholarship application",Sarasota,Sarasota,993906884,1,0,T22,Y,ntee-grantmaker:T22;files-990PF;private-foundation:04;name:foundation,,,,,,,,,
D,60,CLERVIL FAMILY FOUNDATION INC,CLERVIL FAMILY FOUNDATION INC,,"""CLERVIL FAMILY FOUNDATION INC"" Seffner FL scholarship application",Seffner,Hillsborough,331445237,0,0,T22,Y,ntee-grantmaker:T22;files-990PF;private-foundation:04;name:foundation,,,,,,,,,
D,60,PATNODE NUNTA FOUNDATION INC,PATNODE NUNTA FOUNDATION INC,,"""PATNODE NUNTA FOUNDATION INC"" St Petersburg FL scholarship application",St Petersburg,Pinellas,331641655,0,0,T22,Y,ntee-grantmaker:T22;files-990PF;private-foundation:04;name:foundation,,,,,,,,,
D,60,HUGGINS FAMILY FOUNDATION INC,HUGGINS FAMILY FOUNDATION INC,,"""HUGGINS FAMILY FOUNDATION INC"" Seffner FL scholarship application",Seffner,Hillsborough,332349458,0,0,T20,Y,ntee-grantmaker:T20;files-990PF;private-foundation:04;name:foundation,,,,,,,,,
D,60,BROWNING FAMILY FOUNDATION INC,BROWNING FAMILY FOUNDATION INC,,"""BROWNING FAMILY FOUNDATION INC"" Clearwater FL scholarship application",Clearwater,Pinellas,332363803,0,0,T22,Y,ntee-grantmaker:T22;files-990PF;private-foundation:04;name:foundation,,,,,,,,,
D,60,TOGETHER FOR TOMORROW FOUNDATION INC,TOGETHER FOR TOMORROW FOUNDATION INC,,"""TOGETHER FOR TOMORROW FOUNDATION INC"" St Petersburg FL scholarship application",St Petersburg,Pinellas,332407298,0,0,T20,Y,ntee-grantmaker:T20;files-990PF;private-foundation:04;name:foundation,,,,,,,,,
D,60,MAGEE FAMILY FOUNDATION INC,MAGEE FAMILY FOUNDATION INC,,"""MAGEE FAMILY FOUNDATION INC"" Tampa FL scholarship application",Tampa,Hillsborough,333337707,0,0,T20,Y,ntee-grantmaker:T20;files-990PF;private-foundation:04;name:foundation,,,,,,,,,
D,60,GOMEZ LEGACY FOUNDATION,GOMEZ LEGACY FOUNDATION,,"""GOMEZ LEGACY FOUNDATION"" Dover FL scholarship application",Dover,Hillsborough,333965171,0,0,T22,Y,ntee-grantmaker:T22;files-990PF;private-foundation:04;name:foundation,,,,,,,,,
D,60,SCHLAIFER FAMILY FOUNDATION INC,SCHLAIFER FAMILY FOUNDATION INC,,"""SCHLAIFER FAMILY FOUNDATION INC"" St Petersburg FL scholarship application",St Petersburg,Pinellas,334969616,0,0,T22,Y,ntee-grantmaker:T22;files-990PF;private-foundation:04;name:foundation,,,,,,,,,
D,60,JOHN & MELANIE JACKSON FAMILY FOUNDATION INC,JOHN & MELANIE JACKSON FAMILY FOUNDATION INC,,"""JOHN & MELANIE JACKSON FAMILY FOUNDATION INC"" St Petersburg FL scholarship application",St Petersburg,Pinellas,392626630,0,0,T22,Y,ntee-grantmaker:T22;files-990PF;private-foundation:04;name:foundation,,,,,,,,,
D,60,RASHMIKA VIJAY PATEL 2025 GLOBAL FOUNDATION INC,RASHMIKA VIJAY PATEL 2025 GLOBAL FOUNDATION INC,,"""RASHMIKA VIJAY PATEL 2025 GLOBAL FOUNDATION INC"" Tampa FL scholarship application",Tampa,Hillsborough,393197720,0,0,T30,Y,ntee-grantmaker:T30;files-990PF;private-foundation:04;name:foundation,,,,,,,,,
D,60,LIFT THE BARRIER FOUNDATION,LIFT THE BARRIER FOUNDATION,,"""LIFT THE BARRIER FOUNDATION"" Wesley Chapel FL scholarship application",Wesley Chapel,Pasco,393641536,0,0,T20,Y,ntee-grantmaker:T20;files-990PF;private-foundation:04;name:foundation,,,,,,,,,
D,60,PUNNIPA AND ZAKIR FOUNDATION,PUNNIPA AND ZAKIR FOUNDATION,,"""PUNNIPA AND ZAKIR FOUNDATION"" Wimauma FL scholarship application",Wimauma,Hillsborough,393906521,0,0,T22,Y,ntee-grantmaker:T22;files-990PF;private-foundation:04;name:foundation,,,,,,,,,
D,60,CAROL SCHWARTZ FUNK FOUNDATION,CAROL SCHWARTZ FUNK FOUNDATION,,"""CAROL SCHWARTZ FUNK FOUNDATION"" Tampa FL scholarship application",Tampa,Hillsborough,394128847,0,0,T22,Y,ntee-grantmaker:T22;files-990PF;private-foundation:04;name:foundation,,,,,,,,,
D,60,THE DORA GALLIPOLI FOUNDATION INC,THE DORA GALLIPOLI FOUNDATION INC,,"""THE DORA GALLIPOLI FOUNDATION INC"" Englewood FL scholarship application",Englewood,Sarasota,412401180,0,0,T22,Y,ntee-grantmaker:T22;files-990PF;private-foundation:04;name:foundation,,,,,,,,,
D,60,JRSS FOUNDATION INC,JRSS FOUNDATION INC,,"""JRSS FOUNDATION INC"" Riverview FL scholarship application",Riverview,Hillsborough,412853149,0,0,T22,Y,ntee-grantmaker:T22;files-990PF;private-foundation:04;name:foundation,,,,,,,,,
D,60,PINELLAS GREEN FOUNDATION,PINELLAS GREEN FOUNDATION,,"""PINELLAS GREEN FOUNDATION"" Clearwater FL scholarship application",Clearwater,Pinellas,413488992,0,0,T99,Y,ntee-grantmaker:T99;files-990PF;private-foundation:04;name:foundation,,,,,,,,,
D,60,WY FAMILY FOUNDATION,WY FAMILY FOUNDATION,,"""WY FAMILY FOUNDATION"" Tampa FL scholarship application",Tampa,Hillsborough,413522001,0,0,T20,Y,ntee-grantmaker:T20;files-990PF;private-foundation:04;name:foundation,,,,,,,,,
D,60,CALLIGAN FAMILY FOUNDATION,CALLIGAN FAMILY FOUNDATION,,"""CALLIGAN FAMILY FOUNDATION"" Venice FL scholarship application",Venice,Sarasota,810745959,0,0,T20,Y,ntee-grantmaker:T20;files-990PF;private-foundation:04;name:foundation,,,,,,,,,
D,60,NATIONAL LAO AMERICAN ATHLETIC FOUNDATION INC,NATIONAL LAO AMERICAN ATHLETIC FOUNDATION INC,,"""NATIONAL LAO AMERICAN ATHLETIC FOUNDATION INC"" Wesley Chapel FL scholarship application",Wesley Chapel,Pasco,834565411,0,0,T23,Y,ntee-grantmaker:T23;files-990PF;private-foundation:04;name:foundation,,,,,,,,,
D,60,WEITER FOUNDATION,WEITER FOUNDATION,,"""WEITER FOUNDATION"" Clearwater FL scholarship application",Clearwater,Pinellas,854301013,0,0,T22,Y,ntee-grantmaker:T22;files-990PF;private-foundation:04;name:foundation,,,,,,,,,
D,60,ONYMOUS 33 FOUNDATION,ONYMOUS 33 FOUNDATION,,"""ONYMOUS 33 FOUNDATION"" St Petersburg FL scholarship application",St Petersburg,Pinellas,883866765,0,0,T20,Y,ntee-grantmaker:T20;files-990PF;private-foundation:04;name:foundation,,,,,,,,,
D,60,DANNY DUNCAN FOUNDATION INC,DANNY DUNCAN FOUNDATION INC,,"""DANNY DUNCAN FOUNDATION INC"" Englewood FL scholarship application",Englewood,Sarasota,920390991,0,0,T22,Y,ntee-grantmaker:T22;files-990PF;private-foundation:04;name:foundation,,,,,,,,,
D,60,WEGIVEWINGS FOUNDATION INC,WEGIVEWINGS FOUNDATION INC,,"""WEGIVEWINGS FOUNDATION INC"" Tampa FL scholarship application",Tampa,Hillsborough,922752415,0,0,T22,Y,ntee-grantmaker:T22;files-990PF;private-foundation:04;name:foundation,,,,,,,,,
D,60,NORTON AND PATRICIA BARON CHARITABLE FOUNDATION INC,NORTON AND PATRICIA BARON CHARITABLE FOUNDATION INC,,"""NORTON AND PATRICIA BARON CHARITABLE FOUNDATION INC"" Longboat Key FL scholarship application",Longboat Key,Sarasota,923996937,0,0,T20,Y,ntee-grantmaker:T20;files-990PF;private-foundation:04;name:foundation,,,,,,,,,
D,60,JYNXZI FOUNDATION INC,JYNXZI FOUNDATION INC,,"""JYNXZI FOUNDATION INC"" Tampa FL scholarship application",Tampa,Hillsborough,991339897,0,0,T22,Y,ntee-grantmaker:T22;files-990PF;private-foundation:04;name:foundation,,,,,,,,,
D,60,MINORITY DOCTOR DIRECTORY FOUNDATION,MINORITY DOCTOR DIRECTORY FOUNDATION,,"""MINORITY DOCTOR DIRECTORY FOUNDATION"" Bradenton FL scholarship application",Bradenton,Manatee,991825379,0,0,T99,Y,ntee-grantmaker:T99;files-990PF;private-foundation:04;name:foundation,,,,,,,,,
D,60,CARY COHENOUR FOUNDATION INC,CARY COHENOUR FOUNDATION INC,,"""CARY COHENOUR FOUNDATION INC"" Bradenton FL scholarship application",Bradenton,Manatee,991833524,0,0,T20,Y,ntee-grantmaker:T20;files-990PF;private-foundation:04;name:foundation,,,,,,,,,
D,60,PERSAUD LEGACY FOUNDATION INC,PERSAUD LEGACY FOUNDATION INC,,"""PERSAUD LEGACY FOUNDATION INC"" Tampa FL scholarship application",Tampa,Hillsborough,992625181,0,0,T22,Y,ntee-grantmaker:T22;files-990PF;private-foundation:04;name:foundation,,,,,,,,,
D,55,BERRY EDUCATIONAL TRUST INC,BERRY EDUCATIONAL TRUST INC,,"""BERRY EDUCATIONAL TRUST INC"" Longboat Key FL scholarship application",Longboat Key,Sarasota,650533522,206799,0,T22Z,Y,ntee-grantmaker:T22Z;files-990PF;private-foundation:04;name:education,,,,,,,,,
D,53,FOUNDATION FOR THE ADVANCEMENT OF SELF-DIRECTED LEARNING INC,FOUNDATION FOR THE ADVANCEMENT OF SELF-DIRECTED LEARNING INC,,"""FOUNDATION FOR THE ADVANCEMENT OF SELF-DIRECTED LEARNING INC"" Palm Harbor FL scholarship application",Palm Harbor,Pinellas,874029965,845966,0,B90,Y,files-990PF;private-foundation:04;name:foundation;ntee-education:B90;name:education,,,,,,,,,
D,53,WORLD CLASS EDUCATIONAL RESEARCH FOUNDATION INC,WORLD CLASS EDUCATIONAL RESEARCH FOUNDATION INC,,"""WORLD CLASS EDUCATIONAL RESEARCH FOUNDATION INC"" Sarasota FL scholarship application",Sarasota,Sarasota,650636034,229110,0,B90Z,Y,files-990PF;private-foundation:04;name:foundation;ntee-education:B90Z;name:education,,,,,,,,,
D,53,US OPEN EDUCATION RESOURCES FOUNDATION INC,US OPEN EDUCATION RESOURCES FOUNDATION INC,,"""US OPEN EDUCATION RESOURCES FOUNDATION INC"" Sarasota FL scholarship application",Sarasota,Sarasota,473680908,40912,0,B90,Y,files-990PF;private-foundation:03;name:foundation;ntee-education:B90;name:education,,,,,,,,,
D,53,FRVTA EDUCATIONAL FOUNDATION INC,FRVTA EDUCATIONAL FOUNDATION INC,,"""FRVTA EDUCATIONAL FOUNDATION INC"" Riverview FL scholarship application",Riverview,Hillsborough,650585006,1,0,B82Z,Y,files-990PF;private-foundation:03;name:foundation;ntee-education:B82Z;name:education,,,,,,,,,
D,53,ARTHUR AND SUSAN LUGER EDUCATIONAL FOUNDATION INC,ARTHUR AND SUSAN LUGER EDUCATIONAL FOUNDATION INC,,"""ARTHUR AND SUSAN LUGER EDUCATIONAL FOUNDATION INC"" Sarasota FL scholarship application",Sarasota,Sarasota,852432110,1,0,B12,Y,files-990PF;private-foundation:04;name:foundation;ntee-education:B12;name:education,,,,,,,,,
D,53,SOCRATES EDUCATION FOUNDATION,SOCRATES EDUCATION FOUNDATION,,"""SOCRATES EDUCATION FOUNDATION"" Sarasota FL scholarship application",Sarasota,Sarasota,413112145,0,0,B99,Y,files-990PF;private-foundation:04;name:foundation;ntee-education:B99;name:education,,,,,,,,,
D,53,APOLLO EDUCATION FOUNDATION,APOLLO EDUCATION FOUNDATION,,"""APOLLO EDUCATION FOUNDATION"" Sarasota FL scholarship application",Sarasota,Sarasota,413157259,0,0,B99,Y,files-990PF;private-foundation:04;name:foundation;ntee-education:B99;name:education,,,,,,,,,
D,53,ZEUS EDUCATION FOUNDATION,ZEUS EDUCATION FOUNDATION,,"""ZEUS EDUCATION FOUNDATION"" Sarasota FL scholarship application",Sarasota,Sarasota,413292304,0,0,B99,Y,files-990PF;private-foundation:04;name:foundation;ntee-education:B99;name:education,,,,,,,,,
D,50,ORMOND W DIXON CHARITABLEFOUNDATION,ORMOND W DIXON CHARITABLEFOUNDATION,,"""ORMOND W DIXON CHARITABLEFOUNDATION"" Englewood FL scholarship application",Englewood,Sarasota,260563823,873782,0,T22,Y,ntee-grantmaker:T22;files-990PF;private-foundation:04,,,,,,,,,
D,50,BARRACKS ROAD INC,BARRACKS ROAD INC,,"""BARRACKS ROAD INC"" Tampa FL scholarship application",Tampa,Hillsborough,593627470,857895,0,T20,Y,ntee-grantmaker:T20;files-990PF;private-foundation:04,,,,,,,,,
D,50,NEWTON IRT FBO BOYS & GIRLS CLUB OF SARASOTA,NEWTON IRT FBO BOYS & GIRLS CLUB OF SARASOTA,,"""NEWTON IRT FBO BOYS & GIRLS CLUB OF SARASOTA"" Sarasota FL scholarship application",Sarasota,Sarasota,816266418,837576,0,T20,Y,ntee-grantmaker:T20;files-990PF;private-foundation:04,,,,,,,,,
D,50,MARGARET M LYNSKEY TR,MARGARET M LYNSKEY TR,,"""MARGARET M LYNSKEY TR"" Longboat Key FL scholarship application",Longboat Key,Sarasota,226614855,799543,0,T20Z,Y,ntee-grantmaker:T20Z;files-990PF;private-foundation:04,,,,,,,,,
D,50,LAURENTI FAMILY CHARITABLE TR,LAURENTI FAMILY CHARITABLE TR,,"""LAURENTI FAMILY CHARITABLE TR"" Sarasota FL scholarship application",Sarasota,Sarasota,223697005,775514,0,T22,Y,ntee-grantmaker:T22;files-990PF;private-foundation:04,,,,,,,,,
D,50,GREDOS CHARITABLE TR DATED FEBRUARY 12 2020,GREDOS CHARITABLE TR DATED FEBRUARY 12 2020,,"""GREDOS CHARITABLE TR DATED FEBRUARY 12 2020"" Clearwater FL scholarship application",Clearwater,Pinellas,847037225,771417,0,T20,Y,ntee-grantmaker:T20;files-990PF;private-foundation:04,,,,,,,,,
D,50,GREGORY M AND DEBORAH M DESAYEFOUNDATION INC,GREGORY M AND DEBORAH M DESAYEFOUNDATION INC,,"""GREGORY M AND DEBORAH M DESAYEFOUNDATION INC"" Dade City FL scholarship application",Dade City,Pasco,205986124,771020,0,T20,Y,ntee-grantmaker:T20;files-990PF;private-foundation:04,,,,,,,,,
D,50,TOUCHING TOMORROW INC,TOUCHING TOMORROW INC,,"""TOUCHING TOMORROW INC"" Plant City FL scholarship application",Plant City,Hillsborough,223890125,718891,0,T22,Y,ntee-grantmaker:T22;files-990PF;private-foundation:04,,,,,,,,,
D,50,JOHN AND PAULETTE PAGANELLI CHARITABLE TR,JOHN AND PAULETTE PAGANELLI CHARITABLE TR,,"""JOHN AND PAULETTE PAGANELLI CHARITABLE TR"" Tampa FL scholarship application",Tampa,Hillsborough,876949949,675523,0,T22,Y,ntee-grantmaker:T22;files-990PF;private-foundation:04,,,,,,,,,
D,50,RADNOR CHARITABLE TR 12022011,RADNOR CHARITABLE TR 12022011,,"""RADNOR CHARITABLE TR 12022011"" Tampa FL scholarship application",Tampa,Hillsborough,356947457,650961,0,T20,Y,ntee-grantmaker:T20;files-990PF;private-foundation:04,,,,,,,,,
D,50,HOLLEY CHARITABLE TR,HOLLEY CHARITABLE TR,,"""HOLLEY CHARITABLE TR"" St Petersburg FL scholarship application",St Petersburg,Pinellas,376682680,626588,0,T20,Y,ntee-grantmaker:T20;files-990PF;private-foundation:04,,,,,,,,,
D,50,JOHN PAULSON JR TR UA F-B-O- RBC MINISTRIES,JOHN PAULSON JR TR UA F-B-O- RBC MINISTRIES,,"""JOHN PAULSON JR TR UA F-B-O- RBC MINISTRIES"" Tampa FL scholarship application",Tampa,Hillsborough,357214809,616156,0,T22,Y,ntee-grantmaker:T22;files-990PF;private-foundation:04,,,,,,,,,
D,50,MARCEL A NICOLAS JR AND MARGUERITE M NICOLAS CHAR FDN INC,MARCEL A NICOLAS JR AND MARGUERITE M NICOLAS CHAR FDN INC,,"""MARCEL A NICOLAS JR AND MARGUERITE M NICOLAS CHAR FDN INC"" Englewood FL scholarship application",Englewood,Sarasota,831983302,606212,0,T20,Y,ntee-grantmaker:T20;files-990PF;private-foundation:04,,,,,,,,,
D,50,WINFRIED W KETURAKAT TR FBO MICHIGAN LUTHERAN SEMINARY FOUNDAT,WINFRIED W KETURAKAT TR FBO MICHIGAN LUTHERAN SEMINARY FOUNDAT,,"""WINFRIED W KETURAKAT TR FBO MICHIGAN LUTHERAN SEMINARY FOUNDAT"" St Petersburg FL scholarship application",St Petersburg,Pinellas,477279647,578429,0,T20,Y,ntee-grantmaker:T20;files-990PF;private-foundation:04,,,,,,,,,
D,50,MILA G HURLBURT IRRV TR,MILA G HURLBURT IRRV TR,,"""MILA G HURLBURT IRRV TR"" Tampa FL scholarship application",Tampa,Hillsborough,456498323,540675,0,T30,Y,ntee-grantmaker:T30;files-990PF;private-foundation:04,,,,,,,,,
D,50,HOWARD AND BIDDY LANG CHARITY TRUST,HOWARD AND BIDDY LANG CHARITY TRUST,,"""HOWARD AND BIDDY LANG CHARITY TRUST"" St Petersburg FL scholarship application",St Petersburg,Pinellas,456200506,509539,0,T22,Y,ntee-grantmaker:T22;files-990PF;private-foundation:04,,,,,,,,,
D,50,ROBERT AND SHERRY ROGERS MDFOUNDATION INC,ROBERT AND SHERRY ROGERS MDFOUNDATION INC,,"""ROBERT AND SHERRY ROGERS MDFOUNDATION INC"" Sarasota FL scholarship application",Sarasota,Sarasota,208104471,442315,0,T20,Y,ntee-grantmaker:T20;files-990PF;private-foundation:04,,,,,,,,,
D,50,MARIE G AND OSCAR M ENNIS TRUST FIRST NATIONAL BANK TTEE,MARIE G AND OSCAR M ENNIS TRUST FIRST NATIONAL BANK TTEE,,"""MARIE G AND OSCAR M ENNIS TRUST FIRST NATIONAL BANK TTEE"" St Petersburg FL scholarship application",St Petersburg,Pinellas,636118066,411454,0,T20,Y,ntee-grantmaker:T20;files-990PF;private-foundation:04,,,,,,,,,
D,50,DIVINE INTERNATIONAL FOUND INC,DIVINE INTERNATIONAL FOUND INC,,"""DIVINE INTERNATIONAL FOUND INC"" Palm Harbor FL scholarship application",Palm Harbor,Pinellas,593633829,402039,0,T200,Y,ntee-grantmaker:T200;files-990PF;private-foundation:04,,,,,,,,,
D,50,WORD PLUS INC,WORD PLUS INC,,"""WORD PLUS INC"" Parrish FL scholarship application",Parrish,Manatee,650967209,360729,0,T22,Y,ntee-grantmaker:T22;files-990PF;private-foundation:04,,,,,,,,,
D,50,RUTH FREJD CHARITABLE TR DTD 9 18 2007,RUTH FREJD CHARITABLE TR DTD 9 18 2007,,"""RUTH FREJD CHARITABLE TR DTD 9 18 2007"" St Petersburg FL scholarship application",St Petersburg,Pinellas,266721322,328424,0,T20,Y,ntee-grantmaker:T20;files-990PF;private-foundation:04,,,,,,,,,
D,50,RANDOM ACTS OF KINDNESS INC,RANDOM ACTS OF KINDNESS INC,,"""RANDOM ACTS OF KINDNESS INC"" Sarasota FL scholarship application",Sarasota,Sarasota,611757796,322429,0,T20,Y,ntee-grantmaker:T20;files-990PF;private-foundation:04,,,,,,,,,
D,50,LEELA AND MURALI D ATLURU FAMILYFOUNDATION INC,LEELA AND MURALI D ATLURU FAMILYFOUNDATION INC,,"""LEELA AND MURALI D ATLURU FAMILYFOUNDATION INC"" Sarasota FL scholarship application",Sarasota,Sarasota,204010710,213988,0,T20,Y,ntee-grantmaker:T20;files-990PF;private-foundation:04,,,,,,,,,
D,50,LLOYD A MARKS AND JANICE SIEGELFOUNDATION INC,LLOYD A MARKS AND JANICE SIEGELFOUNDATION INC,,"""LLOYD A MARKS AND JANICE SIEGELFOUNDATION INC"" Tampa FL scholarship application",Tampa,Hillsborough,208042064,192290,0,T22,Y,ntee-grantmaker:T22;files-990PF;private-foundation:04,,,,,,,,,
D,50,RAJ & JYOTI GANDHI FAMILYFOUNDATION,RAJ & JYOTI GANDHI FAMILYFOUNDATION,,"""RAJ & JYOTI GANDHI FAMILYFOUNDATION"" Wesley Chapel FL scholarship application",Wesley Chapel,Pasco,208098801,155848,0,T20,Y,ntee-grantmaker:T20;files-990PF;private-foundation:04,,,,,,,,,
D,50,LIANA FUND INC,LIANA FUND INC,,"""LIANA FUND INC"" Tampa FL scholarship application",Tampa,Hillsborough,883203597,121910,0,T22,Y,ntee-grantmaker:T22;files-990PF;private-foundation:04,,,,,,,,,
D,50,KOBREN FAM CHARITABLE TR,KOBREN FAM CHARITABLE TR,,"""KOBREN FAM CHARITABLE TR"" Sarasota FL scholarship application",Sarasota,Sarasota,046885196,111335,0,T20,Y,ntee-grantmaker:T20;files-990PF;private-foundation:04,,,,,,,,,
D,50,OPPORTUNITY TO PLAY INC,OPPORTUNITY TO PLAY INC,,"""OPPORTUNITY TO PLAY INC"" Tampa FL scholarship application",Tampa,Hillsborough,454924325,55439,0,T20,Y,ntee-grantmaker:T20;files-990PF;private-foundation:04,,,,,,,,,
D,50,SOLVARE INC,SOLVARE INC,,"""SOLVARE INC"" Belleair FL scholarship application",Belleair,Pinellas,922430398,53184,0,T20,Y,ntee-grantmaker:T20;files-990PF;private-foundation:04,,,,,,,,,
D,50,MST FOUNATION,MST FOUNATION,,"""MST FOUNATION"" Sarasota FL scholarship application",Sarasota,Sarasota,760844687,50012,0,T22,Y,ntee-grantmaker:T22;files-990PF;private-foundation:04,,,,,,,,,
D,50,ARBAUGH FAM CHARITABLE TR,ARBAUGH FAM CHARITABLE TR,,"""ARBAUGH FAM CHARITABLE TR"" Venice FL scholarship application",Venice,Sarasota,356865820,48464,0,T20,Y,ntee-grantmaker:T20;files-990PF;private-foundation:04,,,,,,,,,
D,50,SHAPOLSKY SIEGEL CHARITABLEFOUNDATION,SHAPOLSKY SIEGEL CHARITABLEFOUNDATION,,"""SHAPOLSKY SIEGEL CHARITABLEFOUNDATION"" Sarasota FL scholarship application",Sarasota,Sarasota,208396657,31572,0,T20,Y,ntee-grantmaker:T20;files-990PF;private-foundation:04,,,,,,,,,
D,50,SMILE LIKE AUBREY INC,SMILE LIKE AUBREY INC,,"""SMILE LIKE AUBREY INC"" Tampa FL scholarship application",Tampa,Hillsborough,922132007,24080,0,T23,Y,ntee-grantmaker:T23;files-990PF;private-foundation:03,,,,,,,,,
D,50,OWENS HEROES INC,OWENS HEROES INC,,"""OWENS HEROES INC"" Tampa FL scholarship application",Tampa,Hillsborough,862637696,10490,0,T31,Y,ntee-grantmaker:T31;files-990PF;private-foundation:04,,,,,,,,,
D,50,ALL THINGS EQUAL INC,ALL THINGS EQUAL INC,,"""ALL THINGS EQUAL INC"" St Petersburg FL scholarship application",St Petersburg,Pinellas,364882719,8768,0,T20,Y,ntee-grantmaker:T20;files-990PF;private-foundation:04,,,,,,,,,
D,50,CHAZAK AMATS MISSOURI NON PROFIT CORPORATION,CHAZAK AMATS MISSOURI NON PROFIT CORPORATION,,"""CHAZAK AMATS MISSOURI NON PROFIT CORPORATION"" Safety Harbor FL scholarship application",Safety Harbor,Pinellas,990789789,7080,0,T12,Y,ntee-grantmaker:T12;files-990PF;private-foundation:04,,,,,,,,,
D,50,UPLIFTING FACES INC,UPLIFTING FACES INC,,"""UPLIFTING FACES INC"" Osprey FL scholarship application",Osprey,Sarasota,922342649,6107,0,T30,Y,ntee-grantmaker:T30;files-990PF;private-foundation:04,,,,,,,,,
D,50,CARRELLA FBO CATHOLIC CHARITIES BROOKLYN,CARRELLA FBO CATHOLIC CHARITIES BROOKLYN,,"""CARRELLA FBO CATHOLIC CHARITIES BROOKLYN"" St Petersburg FL scholarship application",St Petersburg,Pinellas,526972492,5270,0,T20,Y,ntee-grantmaker:T20;files-990PF;private-foundation:04,,,,,,,,,
D,50,CARRELLA FBO CATHOLIC CHARITIES NY,CARRELLA FBO CATHOLIC CHARITIES NY,,"""CARRELLA FBO CATHOLIC CHARITIES NY"" St Petersburg FL scholarship application",St Petersburg,Pinellas,526975813,5252,0,T22,Y,ntee-grantmaker:T22;files-990PF;private-foundation:04,,,,,,,,,
D,50,YAQAR HARMONY RETREAT,YAQAR HARMONY RETREAT,,"""YAQAR HARMONY RETREAT"" Sarasota FL scholarship application",Sarasota,Sarasota,933856820,3733,0,T23,Y,ntee-grantmaker:T23;files-990PF;private-foundation:04,,,,,,,,,
D,50,BURNES & BYRNES,BURNES & BYRNES,,"""BURNES & BYRNES"" Palm Harbor FL scholarship application",Palm Harbor,Pinellas,842235310,3256,0,T20,Y,ntee-grantmaker:T20;files-990PF;private-foundation:04,,,,,,,,,
D,50,GREEN CHARITABLE TR UA 050901,GREEN CHARITABLE TR UA 050901,,"""GREEN CHARITABLE TR UA 050901"" Ellenton FL scholarship application",Ellenton,Manatee,656368603,1647,0,T23,Y,ntee-grantmaker:T23;files-990PF;private-foundation:03,,,,,,,,,
D,50,COMMON WELFARE SOCIETY INC,COMMON WELFARE SOCIETY INC,,"""COMMON WELFARE SOCIETY INC"" Dade City FL scholarship application",Dade City,Pasco,593615172,1207,0,T23,Y,ntee-grantmaker:T23;files-990PF;private-foundation:04,,,,,,,,,
D,50,MAIN STREET ECONOMICS INC,MAIN STREET ECONOMICS INC,,"""MAIN STREET ECONOMICS INC"" Clearwater FL scholarship application",Clearwater,Pinellas,842839986,550,0,T23,Y,ntee-grantmaker:T23;files-990PF;private-foundation:03,,,,,,,,,
D,50,MICHAEL EDWARD GOULD FOUNDATON,MICHAEL EDWARD GOULD FOUNDATON,,"""MICHAEL EDWARD GOULD FOUNDATON"" Apollo Beach FL scholarship application",Apollo Beach,Hillsborough,300188784,364,0,T20,Y,ntee-grantmaker:T20;files-990PF;private-foundation:04,,,,,,,,,
D,50,LIONHELD INC,LIONHELD INC,,"""LIONHELD INC"" Bradenton FL scholarship application",Bradenton,Manatee,832017684,300,0,T99,Y,ntee-grantmaker:T99;files-990PF;private-foundation:04,,,,,,,,,
D,50,CREATIVE ARTS LAB INC,CREATIVE ARTS LAB INC,,"""CREATIVE ARTS LAB INC"" Osprey FL scholarship application",Osprey,Sarasota,473421579,156,0,T20,Y,ntee-grantmaker:T20;files-990PF;private-foundation:03,,,,,,,,,
D,50,STARLIGHT GLOBAL INC,STARLIGHT GLOBAL INC,,"""STARLIGHT GLOBAL INC"" St Petersburg FL scholarship application",St Petersburg,Pinellas,812060813,15,0,T20,Y,ntee-grantmaker:T20;files-990PF;private-foundation:04,,,,,,,,,
D,50,LYN PROJECT INC,LYN PROJECT INC,,"""LYN PROJECT INC"" Parrish FL scholarship application",Parrish,Manatee,332275406,0,0,T20,Y,ntee-grantmaker:T20;files-990PF;private-foundation:04,,,,,,,,,
D,50,AETERNUM GLOBAL ALLIANCE INC,AETERNUM GLOBAL ALLIANCE INC,,"""AETERNUM GLOBAL ALLIANCE INC"" Palm Harbor FL scholarship application",Palm Harbor,Pinellas,412982175,0,0,T20,Y,ntee-grantmaker:T20;files-990PF;private-foundation:04,,,,,,,,,
D,50,FIGHTERS FOR CF OF TAMPA BAY,FIGHTERS FOR CF OF TAMPA BAY,,"""FIGHTERS FOR CF OF TAMPA BAY"" Brandon FL scholarship application",Brandon,Hillsborough,414042300,0,0,T12,Y,ntee-grantmaker:T12;files-990PF;private-foundation:04,,,,,,,,,
D,50,SUNDAY BACON CARE KITCHEN INC,SUNDAY BACON CARE KITCHEN INC,,"""SUNDAY BACON CARE KITCHEN INC"" St Petersburg FL scholarship application",St Petersburg,Pinellas,853853168,0,0,T20,Y,ntee-grantmaker:T20;files-990PF;private-foundation:04,,,,,,,,,
D,50,LOVE INFINITE,LOVE INFINITE,,"""LOVE INFINITE"" Tampa FL scholarship application",Tampa,Hillsborough,922186638,0,0,T21,Y,ntee-grantmaker:T21;files-990PF;private-foundation:04,,,,,,,,,
D,48,ALICE PENDLETON STEVENS FOUNDATION INC,ALICE PENDLETON STEVENS FOUNDATION INC,,"""ALICE PENDLETON STEVENS FOUNDATION INC"" Palm Harbor FL scholarship application",Palm Harbor,Pinellas,471955699,989008,0,B12,Y,files-990PF;private-foundation:04;name:foundation;ntee-education:B12,,,,,,,,,
D,48,VSHINE FOUNDATION INC,VSHINE FOUNDATION INC,,"""VSHINE FOUNDATION INC"" Clearwater FL scholarship application",Clearwater,Pinellas,873595616,926280,0,B20,Y,files-990PF;private-foundation:04;name:foundation;ntee-education:B20,,,,,,,,,
D,48,LIGHT FOUNDATION INC,LIGHT FOUNDATION INC,,"""LIGHT FOUNDATION INC"" Tampa FL scholarship application",Tampa,Hillsborough,593489135,272510,0,B82Z,Y,files-990PF;private-foundation:04;name:foundation;ntee-education:B82Z,,,,,,,,,
D,48,BEVERLY BEALL AND R KEMP RIECHMANN FOUNDATION INC,BEVERLY BEALL AND R KEMP RIECHMANN FOUNDATION INC,,"""BEVERLY BEALL AND R KEMP RIECHMANN FOUNDATION INC"" Bradenton FL scholarship application",Bradenton,Manatee,650808807,268789,0,B82Z,Y,files-990PF;private-foundation:03;name:foundation;ntee-education:B82Z,,,,,,,,,
D,48,PHARIA FOUNDATION,PHARIA FOUNDATION,,"""PHARIA FOUNDATION"" Sarasota FL scholarship application",Sarasota,Sarasota,823512188,93930,0,B99,Y,files-990PF;private-foundation:04;name:foundation;ntee-education:B99,,,,,,,,,
D,48,DAVIDSON HAITI FOUNDATION,DAVIDSON HAITI FOUNDATION,,"""DAVIDSON HAITI FOUNDATION"" Bradenton FL scholarship application",Bradenton,Manatee,881415485,77056,0,B12,Y,files-990PF;private-foundation:04;name:foundation;ntee-education:B12,,,,,,,,,
D,48,JILL KELLEY FOUNDATION,JILL KELLEY FOUNDATION,,"""JILL KELLEY FOUNDATION"" Tampa FL scholarship application",Tampa,Hillsborough,475662573,31615,0,B01,Y,files-990PF;private-foundation:04;name:foundation;ntee-education:B01,,,,,,,,,
D,48,FOUNDATION OF LITERACY VOLUNTEERS OF SOUTH SARASOTA COUNTY,FOUNDATION OF LITERACY VOLUNTEERS OF SOUTH SARASOTA COUNTY,,"""FOUNDATION OF LITERACY VOLUNTEERS OF SOUTH SARASOTA COUNTY"" Venice FL scholarship application",Venice,Sarasota,371903850,25920,25950,B60,Y,files-990PF;private-foundation:04;name:foundation;ntee-education:B60,,,,,,,,,
D,48,DONALD T REGAN CHARITABLE FOUNDATION INC,DONALD T REGAN CHARITABLE FOUNDATION INC,,"""DONALD T REGAN CHARITABLE FOUNDATION INC"" Sarasota FL scholarship application",Sarasota,Sarasota,311609531,6659,0,B50,Y,files-990PF;private-foundation:04;name:foundation;ntee-education:B50,,,,,,,,,
D,48,FERTIG CHRISTIAN TRUST FOUNDATION INC,FERTIG CHRISTIAN TRUST FOUNDATION INC,,"""FERTIG CHRISTIAN TRUST FOUNDATION INC"" Largo FL scholarship application",Largo,Pinellas,872707086,3403,0,B12,Y,files-990PF;private-foundation:04;name:foundation;ntee-education:B12,,,,,,,,,
D,48,3 DAUGHTERS BREWING FOUNDATION INC,3 DAUGHTERS BREWING FOUNDATION INC,,"""3 DAUGHTERS BREWING FOUNDATION INC"" St Petersburg FL scholarship application",St Petersburg,Pinellas,931492671,1734,0,B12,Y,files-990PF;private-foundation:04;name:foundation;ntee-education:B12,,,,,,,,,
D,48,SAUL B AND NAOMI R COHEN FOUNDATION INC,SAUL B AND NAOMI R COHEN FOUNDATION INC,,"""SAUL B AND NAOMI R COHEN FOUNDATION INC"" Sarasota FL scholarship application",Sarasota,Sarasota,043419905,646,0,B82Z,Y,files-990PF;private-foundation:04;name:foundation;ntee-education:B82Z,,,,,,,,,
D,48,CASEY FOUNDATION INC,CASEY FOUNDATION INC,,"""CASEY FOUNDATION INC"" Tampa FL scholarship application",Tampa,Hillsborough,883497982,1,0,B12,Y,files-990PF;private-foundation:04;name:foundation;ntee-education:B12,,,,,,,,,
D,48,PHELIN MILLIONAIRE MINDSET FOUNDATION INC,PHELIN MILLIONAIRE MINDSET FOUNDATION INC,,"""PHELIN MILLIONAIRE MINDSET FOUNDATION INC"" Tampa FL scholarship application",Tampa,Hillsborough,923935187,1,0,B24,Y,files-990PF;private-foundation:04;name:foundation;ntee-education:B24,,,,,,,,,
D,48,COLLABORATORY TAMPA FOUNDATION INC,COLLABORATORY TAMPA FOUNDATION INC,,"""COLLABORATORY TAMPA FOUNDATION INC"" Tampa FL scholarship application",Tampa,Hillsborough,821266026,0,0,B90,Y,files-990PF;private-foundation:03;name:foundation;ntee-education:B90,,,,,,,,,
D,48,SUM FOUNDATION,SUM FOUNDATION,,"""SUM FOUNDATION"" Tampa FL scholarship application",Tampa,Hillsborough,921124885,0,0,B90,Y,files-990PF;private-foundation:04;name:foundation;ntee-education:B90,,,,,,,,,
D,48,CULTURE FOR SERVICE FOUNDATION INC,CULTURE FOR SERVICE FOUNDATION INC,,"""CULTURE FOR SERVICE FOUNDATION INC"" Valrico FL scholarship application",Valrico,Hillsborough,932499653,0,0,B90,Y,files-990PF;private-foundation:04;name:foundation;ntee-education:B90,,,,,,,,,
D,45,MILDRED & MILO HAYES EDUCATIONAL FOUNDATION,MILDRED & MILO HAYES EDUCATIONAL FOUNDATION,,"""MILDRED & MILO HAYES EDUCATIONAL FOUNDATION"" Tampa FL scholarship application",Tampa,Hillsborough,426344913,754878,0,,Y,files-990PF;private-foundation:04;name:foundation;name:education,,,,,,,,,
D,45,NEUROLOGICAL INJURY RESEARCH AND EDUCATIONAL FOUNDATION INC,NEUROLOGICAL INJURY RESEARCH AND EDUCATIONAL FOUNDATION INC,,"""NEUROLOGICAL INJURY RESEARCH AND EDUCATIONAL FOUNDATION INC"" Clearwater FL scholarship application",Clearwater,Pinellas,900924552,297300,0,H96,Y,files-990PF;private-foundation:04;name:foundation;name:education,,,,,,,,,
D,45,LEARNING GROUND FOUNDATION,LEARNING GROUND FOUNDATION,,"""LEARNING GROUND FOUNDATION"" Tampa FL scholarship application",Tampa,Hillsborough,272405391,93151,0,A25,Y,files-990PF;private-foundation:04;name:foundation;name:education,,,,,,,,,
D,45,DICKMAN EDUCATIONAL FOUNDATION INC,DICKMAN EDUCATIONAL FOUNDATION INC,,"""DICKMAN EDUCATIONAL FOUNDATION INC"" Ruskin FL scholarship application",Ruskin,Hillsborough,596151504,88792,0,,Y,files-990PF;private-foundation:04;name:foundation;name:education,,,,,,,,,
D,45,DONKOR TENNIS AND EDUCATION FOUNDATION INC,DONKOR TENNIS AND EDUCATION FOUNDATION INC,,"""DONKOR TENNIS AND EDUCATION FOUNDATION INC"" Parrish FL scholarship application",Parrish,Manatee,271285916,57172,0,N66,Y,files-990PF;private-foundation:04;name:foundation;name:education,,,,,,,,,
D,45,H V ROBERTSON FAMILY MEMORIAL EDUCATION FOUNDATION,H V ROBERTSON FAMILY MEMORIAL EDUCATION FOUNDATION,,"""H V ROBERTSON FAMILY MEMORIAL EDUCATION FOUNDATION"" Tampa FL scholarship application",Tampa,Hillsborough,521714019,1,0,T21,,ntee-grantmaker:T21;private-foundation:04;name:foundation;name:education,,,,,,,,,
D,45,WILSON EDUCATION FOUNDATION,WILSON EDUCATION FOUNDATION,,"""WILSON EDUCATION FOUNDATION"" Wesley Chapel FL scholarship application",Wesley Chapel,Pasco,843466300,1,0,O50,Y,files-990PF;private-foundation:04;name:foundation;name:education,,,,,,,,,
D,45,JOHNSON & PAPALEO YOUTH ACADEMY FOUNDATION,JOHNSON & PAPALEO YOUTH ACADEMY FOUNDATION,,"""JOHNSON & PAPALEO YOUTH ACADEMY FOUNDATION"" St Petersburg FL scholarship application",St Petersburg,Pinellas,873829676,1,0,A11,Y,files-990PF;private-foundation:04;name:foundation;name:education,,,,,,,,,
D,45,MARKOVITZ FAMILY FOUNDATION FOR THE ARTS AND EDUCATION INC,MARKOVITZ FAMILY FOUNDATION FOR THE ARTS AND EDUCATION INC,,"""MARKOVITZ FAMILY FOUNDATION FOR THE ARTS AND EDUCATION INC"" Sarasota FL scholarship application",Sarasota,Sarasota,392186903,0,0,A20,Y,files-990PF;private-foundation:04;name:foundation;name:education,,,,,,,,,
D,43,ACADEMIC EMPOWERMENT AGENCY INC,ACADEMIC EMPOWERMENT AGENCY INC,,"""ACADEMIC EMPOWERMENT AGENCY INC"" Sarasota FL scholarship application",Sarasota,Sarasota,844771827,14331,0,B90,Y,files-990PF;private-foundation:04;ntee-education:B90;name:education,,,,,,,,,
D,43,SAIL EDUCATION RESOURCES,SAIL EDUCATION RESOURCES,,"""SAIL EDUCATION RESOURCES"" Lutz FL scholarship application",Lutz,Hillsborough,473052694,831,0,B60,Y,files-990PF;private-foundation:04;ntee-education:B60;name:education,,,,,,,,,
D,43,STUDENT EDUCATION FUND INC,STUDENT EDUCATION FUND INC,,"""STUDENT EDUCATION FUND INC"" Sarasota FL scholarship application",Sarasota,Sarasota,272238657,643,0,B12,Y,files-990PF;private-foundation:04;ntee-education:B12;name:education,,,,,,,,,
D,43,AL-FAROOQ HIFZ ACADEMY INC,AL-FAROOQ HIFZ ACADEMY INC,,"""AL-FAROOQ HIFZ ACADEMY INC"" Tampa FL scholarship application",Tampa,Hillsborough,850534445,1,0,B90,Y,files-990PF;private-foundation:04;ntee-education:B90;name:education,,,,,,,,,
D,43,ARIEL TRAINING AND ENTREPRENEURIAL ACADEMY INC,ARIEL TRAINING AND ENTREPRENEURIAL ACADEMY INC,,"""ARIEL TRAINING AND ENTREPRENEURIAL ACADEMY INC"" Tampa FL scholarship application",Tampa,Hillsborough,332328507,0,0,B90,Y,files-990PF;private-foundation:04;ntee-education:B90;name:education,,,,,,,,,
D,43,GLOBAL EDUCATION AND IMMIGRANT INTEGRATION SERVICES INC,GLOBAL EDUCATION AND IMMIGRANT INTEGRATION SERVICES INC,,"""GLOBAL EDUCATION AND IMMIGRANT INTEGRATION SERVICES INC"" Brandon FL scholarship application",Brandon,Hillsborough,931884698,0,0,B90,Y,files-990PF;private-foundation:04;ntee-education:B90;name:education,,,,,,,,,
D,43,ENDLESS LEARNING INC,ENDLESS LEARNING INC,,"""ENDLESS LEARNING INC"" Tampa FL scholarship application",Tampa,Hillsborough,934613497,0,0,B12,Y,files-990PF;private-foundation:04;ntee-education:B12;name:education,,,,,,,,,
D,43,MIND BODY SPIRIT EDUCATION INC,MIND BODY SPIRIT EDUCATION INC,,"""MIND BODY SPIRIT EDUCATION INC"" Sarasota FL scholarship application",Sarasota,Sarasota,991696734,0,0,B80,Y,files-990PF;private-foundation:04;ntee-education:B80;name:education,,,,,,,,,
D,40,DENICOLA FAMILY FOUNDATION,DENICOLA FAMILY FOUNDATION,,"""DENICOLA FAMILY FOUNDATION"" St Petersburg FL scholarship application",St Petersburg,Pinellas,830967716,941295,0,P12,Y,files-990PF;private-foundation:04;name:foundation,,,,,,,,,
D,40,WALTER S PIERCE FOUNDATION INC,WALTER S PIERCE FOUNDATION INC,,"""WALTER S PIERCE FOUNDATION INC"" Tampa FL scholarship application",Tampa,Hillsborough,237292648,937034,0,,Y,files-990PF;private-foundation:04;name:foundation,,,,,,,,,
D,40,SMITH FRIES FOUNDATION U T I DTD 111787,SMITH FRIES FOUNDATION U T I DTD 111787,,"""SMITH FRIES FOUNDATION U T I DTD 111787"" Tampa FL scholarship application",Tampa,Hillsborough,363560773,931949,0,,Y,files-990PF;private-foundation:04;name:foundation,,,,,,,,,
D,40,JATH PRIVATE FOUNDATION,JATH PRIVATE FOUNDATION,,"""JATH PRIVATE FOUNDATION"" Venice FL scholarship application",Venice,Sarasota,856802069,930551,0,,Y,files-990PF;private-foundation:04;name:foundation,,,,,,,,,
D,40,MARVIN D AND MELISSA U GILL FAMILY FOUNDATION INC,MARVIN D AND MELISSA U GILL FAMILY FOUNDATION INC,,"""MARVIN D AND MELISSA U GILL FAMILY FOUNDATION INC"" Tampa FL scholarship application",Tampa,Hillsborough,592821302,926029,0,,Y,files-990PF;private-foundation:04;name:foundation,,,,,,,,,
D,40,LOUIS P BUSCH AND LELA BUSCH FOUNDATION,LOUIS P BUSCH AND LELA BUSCH FOUNDATION,,"""LOUIS P BUSCH AND LELA BUSCH FOUNDATION"" St Petersburg FL scholarship application",St Petersburg,Pinellas,541837593,878598,0,Z99Z,Y,files-990PF;private-foundation:04;name:foundation,,,,,,,,,
D,40,GIDDINGS FAMILY FOUNDATION INC,GIDDINGS FAMILY FOUNDATION INC,,"""GIDDINGS FAMILY FOUNDATION INC"" Tampa FL scholarship application",Tampa,Hillsborough,884252582,863726,0,T50,Y,files-990PF;private-foundation:04;name:foundation,,,,,,,,,
D,40,THE CHAN DESAIGOUDAR FOUNDATION,THE CHAN DESAIGOUDAR FOUNDATION,,"""THE CHAN DESAIGOUDAR FOUNDATION"" Clearwater FL scholarship application",Clearwater,Pinellas,770135035,856828,0,,Y,files-990PF;private-foundation:04;name:foundation,,,,,,,,,
D,40,VITREORETINAL AND MACULA RESEARCH FOUNDATION INC,VITREORETINAL AND MACULA RESEARCH FOUNDATION INC,,"""VITREORETINAL AND MACULA RESEARCH FOUNDATION INC"" Tampa FL scholarship application",Tampa,Hillsborough,050578787,854787,0,H41,Y,files-990PF;private-foundation:04;name:foundation,,,,,,,,,
D,40,JOSEPH F CORNELIUS FAMILY FOUNDATION INC,JOSEPH F CORNELIUS FAMILY FOUNDATION INC,,"""JOSEPH F CORNELIUS FAMILY FOUNDATION INC"" Belleair FL scholarship application",Belleair,Pinellas,591084951,850971,0,,Y,files-990PF;private-foundation:04;name:foundation,,,,,,,,,
D,40,NUNN FAMILY FOUNDATION INC,NUNN FAMILY FOUNDATION INC,,"""NUNN FAMILY FOUNDATION INC"" Brandon FL scholarship application",Brandon,Hillsborough,994813773,850000,0,W99,Y,files-990PF;private-foundation:04;name:foundation,,,,,,,,,
D,40,THE CLARK FAMILY FOUNDATION,THE CLARK FAMILY FOUNDATION,,"""THE CLARK FAMILY FOUNDATION"" St Petersburg FL scholarship application",St Petersburg,Pinellas,061463529,821826,0,H99Z,Y,files-990PF;private-foundation:03;name:foundation,,,,,,,,,
D,40,RUTLEDGE CHARITABLE FOUNDATION INC,RUTLEDGE CHARITABLE FOUNDATION INC,,"""RUTLEDGE CHARITABLE FOUNDATION INC"" Sarasota FL scholarship application",Sarasota,Sarasota,650946333,814586,0,,Y,files-990PF;private-foundation:04;name:foundation,,,,,,,,,
D,40,GLASSCOCK FAMILY FOUNDATION INCORPORATED,GLASSCOCK FAMILY FOUNDATION INCORPORATED,,"""GLASSCOCK FAMILY FOUNDATION INCORPORATED"" St Petersburg FL scholarship application",St Petersburg,Pinellas,475287262,800316,0,M12,Y,files-990PF;private-foundation:04;name:foundation,,,,,,,,,
D,40,L G ROSKAMP FOUNDATION INC,L G ROSKAMP FOUNDATION INC,,"""L G ROSKAMP FOUNDATION INC"" Largo FL scholarship application",Largo,Pinellas,593420472,770764,0,T90Z,Y,files-990PF;private-foundation:04;name:foundation,,,,,,,,,
D,40,THE CRAIG AND FLORI ROBERTS FAMILY FOUNDATION INC,THE CRAIG AND FLORI ROBERTS FAMILY FOUNDATION INC,,"""THE CRAIG AND FLORI ROBERTS FAMILY FOUNDATION INC"" Sarasota FL scholarship application",Sarasota,Sarasota,650402203,741562,0,,Y,files-990PF;private-foundation:04;name:foundation,,,,,,,,,
D,40,SUMTER L LOWRY FOUNDATION INC,SUMTER L LOWRY FOUNDATION INC,,"""SUMTER L LOWRY FOUNDATION INC"" Tampa FL scholarship application",Tampa,Hillsborough,596159389,737034,0,,Y,files-990PF;private-foundation:04;name:foundation,,,,,,,,,
D,40,OLIAN FOUNDATION INC,OLIAN FOUNDATION INC,,"""OLIAN FOUNDATION INC"" Sarasota FL scholarship application",Sarasota,Sarasota,136160914,736485,0,,Y,files-990PF;private-foundation:04;name:foundation,,,,,,,,,
D,40,ROBERT R AND JANICE L CAPEN FOUNDATION INC,ROBERT R AND JANICE L CAPEN FOUNDATION INC,,"""ROBERT R AND JANICE L CAPEN FOUNDATION INC"" Seminole FL scholarship application",Seminole,Pinellas,844084071,733223,0,P20,Y,files-990PF;private-foundation:04;name:foundation,,,,,,,,,
D,40,PETERSON FAMILY FOUNDATION INC,PETERSON FAMILY FOUNDATION INC,,"""PETERSON FAMILY FOUNDATION INC"" Tampa FL scholarship application",Tampa,Hillsborough,472381693,722428,0,P12,Y,files-990PF;private-foundation:04;name:foundation,,,,,,,,,
D,40,MERRY S GRAHAM CHARITABLE FOUNDATION TR OF12-9-21,MERRY S GRAHAM CHARITABLE FOUNDATION TR OF12-9-21,,"""MERRY S GRAHAM CHARITABLE FOUNDATION TR OF12-9-21"" Sarasota FL scholarship application",Sarasota,Sarasota,936449273,707582,0,D20,Y,files-990PF;private-foundation:04;name:foundation,,,,,,,,,
D,40,CARL & LILY THRIFT CHARITABLE TRUST,CARL & LILY THRIFT CHARITABLE TRUST,,"""CARL & LILY THRIFT CHARITABLE TRUST"" St Petersburg FL scholarship application",St Petersburg,Pinellas,766204243,689181,0,T90,Y,files-990PF;private-foundation:04;name:foundation,,,,,,,,,
D,40,ROBERT & HOYLE RYMER FOUNDATION,ROBERT & HOYLE RYMER FOUNDATION,,"""ROBERT & HOYLE RYMER FOUNDATION"" St Petersburg FL scholarship application",St Petersburg,Pinellas,621373262,665166,0,,Y,files-990PF;private-foundation:04;name:foundation,,,,,,,,,
D,40,CRACCHIOLO FOUNDATION INC,CRACCHIOLO FOUNDATION INC,,"""CRACCHIOLO FOUNDATION INC"" Tampa FL scholarship application",Tampa,Hillsborough,592352702,643304,0,,Y,files-990PF;private-foundation:04;name:foundation,,,,,,,,,
D,40,EMILY F KUSTER FOUNDATION,EMILY F KUSTER FOUNDATION,,"""EMILY F KUSTER FOUNDATION"" Tampa FL scholarship application",Tampa,Hillsborough,266163254,614626,0,T90,Y,files-990PF;private-foundation:04;name:foundation,,,,,,,,,
D,40,RML CHARITABLE FOUNDATION TRUST,RML CHARITABLE FOUNDATION TRUST,,"""RML CHARITABLE FOUNDATION TRUST"" Clearwater FL scholarship application",Clearwater,Pinellas,922501837,604196,0,A25,Y,files-990PF;private-foundation:03;name:foundation,,,,,,,,,
D,40,TOOMEY FOUNDATION FOR THE NATURAL SCIENCES INC,TOOMEY FOUNDATION FOR THE NATURAL SCIENCES INC,,"""TOOMEY FOUNDATION FOR THE NATURAL SCIENCES INC"" Bradenton FL scholarship application",Bradenton,Manatee,651077421,603887,0,V21,Y,files-990PF;private-foundation:04;name:foundation,,,,,,,,,
D,40,KATHRYN & OTTO H WAGNER CHARITABLE TRUST,KATHRYN & OTTO H WAGNER CHARITABLE TRUST,,"""KATHRYN & OTTO H WAGNER CHARITABLE TRUST"" Tampa FL scholarship application",Tampa,Hillsborough,916103623,584738,0,,Y,files-990PF;private-foundation:04;name:foundation,,,,,,,,,
D,40,RIDGEVIEW CHARITABLE FOUNDATION,RIDGEVIEW CHARITABLE FOUNDATION,,"""RIDGEVIEW CHARITABLE FOUNDATION"" Sarasota FL scholarship application",Sarasota,Sarasota,871614606,583239,0,F22,Y,files-990PF;private-foundation:04;name:foundation,,,,,,,,,
D,40,HAROLD & EVELYN R DAVIS MEMORIAL FOUNDATION INC,HAROLD & EVELYN R DAVIS MEMORIAL FOUNDATION INC,,"""HAROLD & EVELYN R DAVIS MEMORIAL FOUNDATION INC"" Sarasota FL scholarship application",Sarasota,Sarasota,311598507,571035,0,T90Z,Y,files-990PF;private-foundation:04;name:foundation,,,,,,,,,
D,40,RUTH M FOY CHARITABLE FOUNDATION INC,RUTH M FOY CHARITABLE FOUNDATION INC,,"""RUTH M FOY CHARITABLE FOUNDATION INC"" Sarasota FL scholarship application",Sarasota,Sarasota,650102106,543100,0,,Y,files-990PF;private-foundation:04;name:foundation,,,,,,,,,
D,40,C RAYMOND SELKER CHARITABLE FOUNDATION,C RAYMOND SELKER CHARITABLE FOUNDATION,,"""C RAYMOND SELKER CHARITABLE FOUNDATION"" St Petersburg FL scholarship application",St Petersburg,Pinellas,237934113,534631,0,Z99Z,Y,files-990PF;private-foundation:04;name:foundation,,,,,,,,,
D,40,DUNEDIN COMMUNITY SAILING FOUNDATION,DUNEDIN COMMUNITY SAILING FOUNDATION,,"""DUNEDIN COMMUNITY SAILING FOUNDATION"" Dunedin FL scholarship application",Dunedin,Pinellas,810914278,534118,0,N12,Y,files-990PF;private-foundation:04;name:foundation,,,,,,,,,
D,40,MIELKE FOUNDATION INC,MIELKE FOUNDATION INC,,"""MIELKE FOUNDATION INC"" Lithia FL scholarship application",Lithia,Hillsborough,815346626,528222,0,T90,Y,files-990PF;private-foundation:04;name:foundation,,,,,,,,,
D,40,BILL C AND PATRICIA P BROWN CHARITABLE FOUNDATION INC,BILL C AND PATRICIA P BROWN CHARITABLE FOUNDATION INC,,"""BILL C AND PATRICIA P BROWN CHARITABLE FOUNDATION INC"" Sarasota FL scholarship application",Sarasota,Sarasota,650193746,525732,0,,Y,files-990PF;private-foundation:04;name:foundation,,,,,,,,,
D,40,DOCTORS IN TRAINING FOUNDATION INC,DOCTORS IN TRAINING FOUNDATION INC,,"""DOCTORS IN TRAINING FOUNDATION INC"" Sarasota FL scholarship application",Sarasota,Sarasota,933968912,524011,0,,Y,files-990PF;private-foundation:03;name:foundation,,,,,,,,,
D,40,FRANK WILLIAMS FOUNDATION INC,FRANK WILLIAMS FOUNDATION INC,,"""FRANK WILLIAMS FOUNDATION INC"" Clearwater FL scholarship application",Clearwater,Pinellas,592786891,520830,0,,Y,files-990PF;private-foundation:04;name:foundation,,,,,,,,,
D,40,ROBERT K DIXON FOUNDATION INC,ROBERT K DIXON FOUNDATION INC,,"""ROBERT K DIXON FOUNDATION INC"" Nokomis FL scholarship application",Nokomis,Sarasota,592748301,509272,0,,Y,files-990PF;private-foundation:04;name:foundation,,,,,,,,,
D,40,THOMAS D AND PATSY K HOSMAN FAMILY FOUNDATION INC,THOMAS D AND PATSY K HOSMAN FAMILY FOUNDATION INC,,"""THOMAS D AND PATSY K HOSMAN FAMILY FOUNDATION INC"" Englewood FL scholarship application",Englewood,Sarasota,874042732,494486,0,P20,Y,files-990PF;private-foundation:04;name:foundation,,,,,,,,,
D,40,LIVE WILDLY FOUNDATION INC,LIVE WILDLY FOUNDATION INC,,"""LIVE WILDLY FOUNDATION INC"" Tampa FL scholarship application",Tampa,Hillsborough,881924197,473093,0,C30,Y,files-990PF;private-foundation:04;name:foundation,,,,,,,,,
D,40,DAVIS FAMILY FOUNDATION,DAVIS FAMILY FOUNDATION,,"""DAVIS FAMILY FOUNDATION"" Nokomis FL scholarship application",Nokomis,Sarasota,043575992,461481,0,T90,Y,files-990PF;private-foundation:04;name:foundation,,,,,,,,,
D,40,CLEARWATER LIBRARY FOUNDATION INC,CLEARWATER LIBRARY FOUNDATION INC,,"""CLEARWATER LIBRARY FOUNDATION INC"" Clearwater FL scholarship application",Clearwater,Pinellas,592515488,432952,0,,Y,files-990PF;private-foundation:04;name:foundation,,,,,,,,,
D,40,GEORGE BARRIE FOUNDATION INC,GEORGE BARRIE FOUNDATION INC,,"""GEORGE BARRIE FOUNDATION INC"" Sarasota FL scholarship application",Sarasota,Sarasota,226042649,431614,0,,Y,files-990PF;private-foundation:04;name:foundation,,,,,,,,,
D,40,ALLAN D SUTTON AND ANITA SUTTON FAMILY FOUNDATION INC,ALLAN D SUTTON AND ANITA SUTTON FAMILY FOUNDATION INC,,"""ALLAN D SUTTON AND ANITA SUTTON FAMILY FOUNDATION INC"" Sarasota FL scholarship application",Sarasota,Sarasota,463417140,431175,0,P99,Y,files-990PF;private-foundation:04;name:foundation,,,,,,,,,
D,40,ISADORE A RAFF FAMILY FOUNDATION INC,ISADORE A RAFF FAMILY FOUNDATION INC,,"""ISADORE A RAFF FAMILY FOUNDATION INC"" Tampa FL scholarship application",Tampa,Hillsborough,136102086,417940,0,,Y,files-990PF;private-foundation:04;name:foundation,,,,,,,,,
D,40,SIMON AND STELLA SHEIB FOUNDATION,SIMON AND STELLA SHEIB FOUNDATION,,"""SIMON AND STELLA SHEIB FOUNDATION"" Sarasota FL scholarship application",Sarasota,Sarasota,136216916,409686,0,,Y,files-990PF;private-foundation:04;name:foundation,,,,,,,,,
D,40,FREDERICK A AND SUSAN HOSMAN FAMILY FOUNDATION INC,FREDERICK A AND SUSAN HOSMAN FAMILY FOUNDATION INC,,"""FREDERICK A AND SUSAN HOSMAN FAMILY FOUNDATION INC"" Englewood FL scholarship application",Englewood,Sarasota,873898512,407199,0,P12,Y,files-990PF;private-foundation:04;name:foundation,,,,,,,,,
D,40,JOSEPH B AND NANCY M TYNAN FAMILY FOUNDATION,JOSEPH B AND NANCY M TYNAN FAMILY FOUNDATION,,"""JOSEPH B AND NANCY M TYNAN FAMILY FOUNDATION"" Holmes Beach FL scholarship application",Holmes Beach,Manatee,266690290,393250,0,T90,Y,files-990PF;private-foundation:04;name:foundation,,,,,,,,,
D,40,STEVE AND JUDY COX FOUNDATION 2 INC,STEVE AND JUDY COX FOUNDATION 2 INC,,"""STEVE AND JUDY COX FOUNDATION 2 INC"" Bradenton FL scholarship application",Bradenton,Manatee,994164183,390167,0,P12,Y,files-990PF;private-foundation:04;name:foundation,,,,,,,,,
D,40,LATITUDE AT DAYTONA BEACH FOUNDATION INC,LATITUDE AT DAYTONA BEACH FOUNDATION INC,,"""LATITUDE AT DAYTONA BEACH FOUNDATION INC"" Tampa FL scholarship application",Tampa,Hillsborough,822382273,384956,0,S99,Y,files-990PF;private-foundation:04;name:foundation,,,,,,,,,
D,40,VICTOR P AND PATRICIA S MANNING FAMILY FOUNDATION,VICTOR P AND PATRICIA S MANNING FAMILY FOUNDATION,,"""VICTOR P AND PATRICIA S MANNING FAMILY FOUNDATION"" Venice FL scholarship application",Venice,Sarasota,824709073,360732,0,,Y,files-990PF;private-foundation:04;name:foundation,,,,,,,,,
D,40,STONY BROOK FOUNDATION INC,STONY BROOK FOUNDATION INC,,"""STONY BROOK FOUNDATION INC"" Sarasota FL scholarship application",Sarasota,Sarasota,222766098,344905,0,,Y,files-990PF;private-foundation:04;name:foundation,,,,,,,,,
D,40,JONES FAMILY CHARITABLE FOUNDATION INC,JONES FAMILY CHARITABLE FOUNDATION INC,,"""JONES FAMILY CHARITABLE FOUNDATION INC"" Sarasota FL scholarship application",Sarasota,Sarasota,364960654,332051,0,T50,Y,files-990PF;private-foundation:04;name:foundation,,,,,,,,,
D,40,SIDNEY & LILLIAN KLEMOW FOUNDATION INC,SIDNEY & LILLIAN KLEMOW FOUNDATION INC,,"""SIDNEY & LILLIAN KLEMOW FOUNDATION INC"" St Petersburg FL scholarship application",St Petersburg,Pinellas,112729095,325588,0,,Y,files-990PF;private-foundation:04;name:foundation,,,,,,,,,
D,40,DAVID J AND SHARON L KENWORTHY FAMILY FOUNDATION INC,DAVID J AND SHARON L KENWORTHY FAMILY FOUNDATION INC,,"""DAVID J AND SHARON L KENWORTHY FAMILY FOUNDATION INC"" Sarasota FL scholarship application",Sarasota,Sarasota,873273058,323076,0,P30,Y,files-990PF;private-foundation:04;name:foundation,,,,,,,,,
D,40,JOHN O & HELEN YOUNGER CHARITABLE TRUST,JOHN O & HELEN YOUNGER CHARITABLE TRUST,,"""JOHN O & HELEN YOUNGER CHARITABLE TRUST"" Sarasota FL scholarship application",Sarasota,Sarasota,650314860,320591,0,,Y,files-990PF;private-foundation:04;name:foundation,,,,,,,,,
D,40,N D MUKHERJEE FOUNDATION INC,N D MUKHERJEE FOUNDATION INC,,"""N D MUKHERJEE FOUNDATION INC"" St Petersburg FL scholarship application",St Petersburg,Pinellas,592971997,313987,0,,Y,files-990PF;private-foundation:04;name:foundation,,,,,,,,,
D,40,PIONEER PARK FOUNDATION INC,PIONEER PARK FOUNDATION INC,,"""PIONEER PARK FOUNDATION INC"" St Petersburg FL scholarship application",St Petersburg,Pinellas,591728268,309970,0,N32Z,Y,files-990PF;private-foundation:04;name:foundation,,,,,,,,,
D,40,LATITUDE AT WATERSOUND FOUNDATION INC,LATITUDE AT WATERSOUND FOUNDATION INC,,"""LATITUDE AT WATERSOUND FOUNDATION INC"" Tampa FL scholarship application",Tampa,Hillsborough,854376021,305897,0,P20,Y,files-990PF;private-foundation:04;name:foundation,,,,,,,,,
D,40,DONALD W WALLACE AND ERIKA R WALLACE FAMILY FOUNDATION INC,DONALD W WALLACE AND ERIKA R WALLACE FAMILY FOUNDATION INC,,"""DONALD W WALLACE AND ERIKA R WALLACE FAMILY FOUNDATION INC"" Thonotosassa FL scholarship application",Thonotosassa,Hillsborough,463104585,300960,0,W99,Y,files-990PF;private-foundation:04;name:foundation,,,,,,,,,
D,40,WALTER AND EDITH LOEBENBERG FAMILY FOUNDATION INC,WALTER AND EDITH LOEBENBERG FAMILY FOUNDATION INC,,"""WALTER AND EDITH LOEBENBERG FAMILY FOUNDATION INC"" St Petersburg FL scholarship application",St Petersburg,Pinellas,593221301,299061,0,,Y,files-990PF;private-foundation:04;name:foundation,,,,,,,,,
D,40,GRATEFUL HEARTS CHARITABLE TRUST,GRATEFUL HEARTS CHARITABLE TRUST,,"""GRATEFUL HEARTS CHARITABLE TRUST"" Venice FL scholarship application",Venice,Sarasota,472565674,294602,0,X20,Y,files-990PF;private-foundation:04;name:foundation,,,,,,,,,
D,40,Q FOUNDATION FOR KIDS,Q FOUNDATION FOR KIDS,,"""Q FOUNDATION FOR KIDS"" Wesley Chapel FL scholarship application",Wesley Chapel,Pasco,475494932,291960,0,T50,Y,files-990PF;private-foundation:03;name:foundation,,,,,,,,,
D,40,MATT FUREY FAMILY FOUNDATION,MATT FUREY FAMILY FOUNDATION,,"""MATT FUREY FAMILY FOUNDATION"" St Petersburg FL scholarship application",St Petersburg,Pinellas,262340145,286961,0,T90,Y,files-990PF;private-foundation:04;name:foundation,,,,,,,,,
D,40,PROGRESS VILLAGE FOUNDATION INC,PROGRESS VILLAGE FOUNDATION INC,,"""PROGRESS VILLAGE FOUNDATION INC"" Tampa FL scholarship application",Tampa,Hillsborough,592807536,264566,0,,Y,files-990PF;private-foundation:04;name:foundation,,,,,,,,,
D,40,THOMAS J ZANIOS III FOUNDATION,THOMAS J ZANIOS III FOUNDATION,,"""THOMAS J ZANIOS III FOUNDATION"" Osprey FL scholarship application",Osprey,Sarasota,871559529,262016,0,P20,Y,files-990PF;private-foundation:04;name:foundation,,,,,,,,,
D,40,GONDELMAN FOUNDATION INC,GONDELMAN FOUNDATION INC,,"""GONDELMAN FOUNDATION INC"" Longboat Key FL scholarship application",Longboat Key,Sarasota,136174445,253704,0,,Y,files-990PF;private-foundation:04;name:foundation,,,,,,,,,
D,40,THE I AM FOUNDATION INC,THE I AM FOUNDATION INC,,"""THE I AM FOUNDATION INC"" Dade City FL scholarship application",Dade City,Pasco,592984690,239526,0,,Y,files-990PF;private-foundation:04;name:foundation,,,,,,,,,
D,40,CONSTRUCTION TECHNOLOGY GROUP FOUNDATION INC,CONSTRUCTION TECHNOLOGY GROUP FOUNDATION INC,,"""CONSTRUCTION TECHNOLOGY GROUP FOUNDATION INC"" Tampa FL scholarship application",Tampa,Hillsborough,611605339,233106,0,T11,Y,files-990PF;private-foundation:04;name:foundation,,,,,,,,,
D,40,ROBERT M DARBY FOUNDATION INC,ROBERT M DARBY FOUNDATION INC,,"""ROBERT M DARBY FOUNDATION INC"" Seminole FL scholarship application",Seminole,Pinellas,541548288,227146,0,,Y,files-990PF;private-foundation:04;name:foundation,,,,,,,,,
D,40,THE PAPERNICK FAMILY FOUNDATION,THE PAPERNICK FAMILY FOUNDATION,,"""THE PAPERNICK FAMILY FOUNDATION"" Longboat Key FL scholarship application",Longboat Key,Sarasota,237750564,212893,0,,Y,files-990PF;private-foundation:04;name:foundation,,,,,,,,,
D,40,LARRY AND DORIS KELLY FOUNDATION,LARRY AND DORIS KELLY FOUNDATION,,"""LARRY AND DORIS KELLY FOUNDATION"" Sarasota FL scholarship application",Sarasota,Sarasota,383126025,209441,0,,Y,files-990PF;private-foundation:04;name:foundation,,,,,,,,,
D,40,SAMUEL AND GERTRUDE HOROVITZ FAMILY FOUNDATION,SAMUEL AND GERTRUDE HOROVITZ FAMILY FOUNDATION,,"""SAMUEL AND GERTRUDE HOROVITZ FAMILY FOUNDATION"" Tampa FL scholarship application",Tampa,Hillsborough,251371250,202341,0,,Y,files-990PF;private-foundation:04;name:foundation,,,,,,,,,
D,40,REDTREE FOUNDATION INC,REDTREE FOUNDATION INC,,"""REDTREE FOUNDATION INC"" St Petersburg FL scholarship application",St Petersburg,Pinellas,934722610,200319,0,T50,Y,files-990PF;private-foundation:04;name:foundation,,,,,,,,,
D,40,SIDRA FOUNDATION,SIDRA FOUNDATION,,"""SIDRA FOUNDATION"" Tampa FL scholarship application",Tampa,Hillsborough,276303745,198296,0,Q30,Y,files-990PF;private-foundation:04;name:foundation,,,,,,,,,
D,40,SIEFER CHARITABLE TRUST,SIEFER CHARITABLE TRUST,,"""SIEFER CHARITABLE TRUST"" Tampa FL scholarship application",Tampa,Hillsborough,426055997,190609,0,,Y,files-990PF;private-foundation:04;name:foundation,,,,,,,,,
D,40,NORTHSTAR FAMILY FOUNDATION INC,NORTHSTAR FAMILY FOUNDATION INC,,"""NORTHSTAR FAMILY FOUNDATION INC"" Clearwater FL scholarship application",Clearwater,Pinellas,464048516,179753,0,A65,Y,files-990PF;private-foundation:04;name:foundation,,,,,,,,,
D,40,H & R CHARITABLE FOUNDATION,H & R CHARITABLE FOUNDATION,,"""H & R CHARITABLE FOUNDATION"" Sarasota FL scholarship application",Sarasota,Sarasota,436319120,163379,0,,Y,files-990PF;private-foundation:04;name:foundation,,,,,,,,,
D,40,HILLMAN CHARITABLE FOUNDATION,HILLMAN CHARITABLE FOUNDATION,,"""HILLMAN CHARITABLE FOUNDATION"" St Petersburg FL scholarship application",St Petersburg,Pinellas,366049872,140228,0,,Y,files-990PF;private-foundation:04;name:foundation,,,,,,,,,
D,40,THE AURORA FOUNDATION,THE AURORA FOUNDATION,,"""THE AURORA FOUNDATION"" Bradenton FL scholarship application",Bradenton,Manatee,237044641,134685,0,,Y,files-990PF;private-foundation:04;name:foundation,,,,,,,,,
D,40,THE SOUL SUPPORT FOUNDATION INC,THE SOUL SUPPORT FOUNDATION INC,,"""THE SOUL SUPPORT FOUNDATION INC"" Sarasota FL scholarship application",Sarasota,Sarasota,133373753,133736,0,,Y,files-990PF;private-foundation:04;name:foundation,,,,,,,,,
D,40,JIMMY DEVELLANO FOUNDATION INC,JIMMY DEVELLANO FOUNDATION INC,,"""JIMMY DEVELLANO FOUNDATION INC"" Sarasota FL scholarship application",Sarasota,Sarasota,562417801,132162,0,X22,Y,files-990PF;private-foundation:04;name:foundation,,,,,,,,,
D,40,WEITZMAN FOUNDATION,WEITZMAN FOUNDATION,,"""WEITZMAN FOUNDATION"" Tampa FL scholarship application",Tampa,Hillsborough,366058312,129161,0,,Y,files-990PF;private-foundation:04;name:foundation,,,,,,,,,
D,40,ECONOMIC DEVELOPMENT AND EMPOWERMENT FOUNDATION,ECONOMIC DEVELOPMENT AND EMPOWERMENT FOUNDATION,,"""ECONOMIC DEVELOPMENT AND EMPOWERMENT FOUNDATION"" St Petersburg FL scholarship application",St Petersburg,Pinellas,362944336,128213,0,,Y,files-990PF;private-foundation:04;name:foundation,,,,,,,,,
D,40,JOHN AND GENEVIEVE WILSON FOUNDATION INC,JOHN AND GENEVIEVE WILSON FOUNDATION INC,,"""JOHN AND GENEVIEVE WILSON FOUNDATION INC"" Palm Harbor FL scholarship application",Palm Harbor,Pinellas,843902084,126393,0,G84,Y,files-990PF;private-foundation:04;name:foundation,,,,,,,,,
D,40,WETMORE FAMILY FOUNDATION,WETMORE FAMILY FOUNDATION,,"""WETMORE FAMILY FOUNDATION"" St Petersburg FL scholarship application",St Petersburg,Pinellas,510350462,123725,0,,Y,files-990PF;private-foundation:04;name:foundation,,,,,,,,,
D,40,THE JANE FAMILY FOUNDATION,THE JANE FAMILY FOUNDATION,,"""THE JANE FAMILY FOUNDATION"" Sarasota FL scholarship application",Sarasota,Sarasota,566061641,120631,0,,Y,files-990PF;private-foundation:04;name:foundation,,,,,,,,,
D,40,CHATTANOOGA RED WOLVES FOUNDATION INC,CHATTANOOGA RED WOLVES FOUNDATION INC,,"""CHATTANOOGA RED WOLVES FOUNDATION INC"" Tampa FL scholarship application",Tampa,Hillsborough,844830805,111463,0,N64,Y,files-990PF;private-foundation:04;name:foundation,,,,,,,,,
D,40,HOLLAND FOUNDATION INC,HOLLAND FOUNDATION INC,,"""HOLLAND FOUNDATION INC"" Longboat Key FL scholarship application",Longboat Key,Sarasota,366053795,86877,0,,Y,files-990PF;private-foundation:04;name:foundation,,,,,,,,,
D,40,BOURLAND FOUNDATION INC,BOURLAND FOUNDATION INC,,"""BOURLAND FOUNDATION INC"" Palm Harbor FL scholarship application",Palm Harbor,Pinellas,873862462,80834,0,T50,Y,files-990PF;private-foundation:04;name:foundation,,,,,,,,,
D,40,INDIA BENTON LESSER FOUNDATION,INDIA BENTON LESSER FOUNDATION,,"""INDIA BENTON LESSER FOUNDATION"" Sarasota FL scholarship application",Sarasota,Sarasota,582436064,74792,0,T11,Y,files-990PF;private-foundation:04;name:foundation,,,,,,,,,
D,40,FRANCA FOUNDATION INC,FRANCA FOUNDATION INC,,"""FRANCA FOUNDATION INC"" Tampa FL scholarship application",Tampa,Hillsborough,881636308,71234,0,X20,Y,files-990PF;private-foundation:04;name:foundation,,,,,,,,,
D,40,ANDREW & SALLY QUALE FOUNDATION,ANDREW & SALLY QUALE FOUNDATION,,"""ANDREW & SALLY QUALE FOUNDATION"" Saint Petersburg FL scholarship application",Saint Petersburg,Pinellas,133390699,69063,0,,Y,files-990PF;private-foundation:04;name:foundation,,,,,,,,,
D,40,TERELINA FOUNDATION,TERELINA FOUNDATION,,"""TERELINA FOUNDATION"" St Pete Beach FL scholarship application",St Pete Beach,Pinellas,814790846,63228,0,T50,Y,files-990PF;private-foundation:04;name:foundation,,,,,,,,,
D,40,BLESSED FOUNDATION,BLESSED FOUNDATION,,"""BLESSED FOUNDATION"" Bradenton FL scholarship application",Bradenton,Manatee,341919765,61918,0,K30,Y,files-990PF;private-foundation:04;name:foundation,,,,,,,,,
D,40,KRETZMER FAMILY CHARITABLE FOUNDATION INC,KRETZMER FAMILY CHARITABLE FOUNDATION INC,,"""KRETZMER FAMILY CHARITABLE FOUNDATION INC"" Sarasota FL scholarship application",Sarasota,Sarasota,825458678,60876,0,T90,Y,files-990PF;private-foundation:04;name:foundation,,,,,,,,,
D,40,PRACTICAL CHRISTIANITY FOUNDATION,PRACTICAL CHRISTIANITY FOUNDATION,,"""PRACTICAL CHRISTIANITY FOUNDATION"" Odessa FL scholarship application",Odessa,Hillsborough,593444993,59795,0,X99Z,Y,files-990PF;private-foundation:03;name:foundation,,,,,,,,,
D,40,THE GERALD F STOGNIEW JR PRIVATE FOUNDATION INC,THE GERALD F STOGNIEW JR PRIVATE FOUNDATION INC,,"""THE GERALD F STOGNIEW JR PRIVATE FOUNDATION INC"" Seminole FL scholarship application",Seminole,Pinellas,592761167,55454,0,,Y,files-990PF;private-foundation:04;name:foundation,,,,,,,,,
D,40,BEARD FOUNDATION INC,BEARD FOUNDATION INC,,"""BEARD FOUNDATION INC"" Tampa FL scholarship application",Tampa,Hillsborough,592940769,51507,0,,Y,files-990PF;private-foundation:04;name:foundation,,,,,,,,,
D,40,DAVIDS HEART FOUNDATION INC,DAVIDS HEART FOUNDATION INC,,"""DAVIDS HEART FOUNDATION INC"" Oldsmar FL scholarship application",Oldsmar,Pinellas,880935095,49948,0,K12,Y,files-990PF;private-foundation:04;name:foundation,,,,,,,,,
D,40,SGT ANTHONY PATRICK MUHLSTADT FOUNDATION,SGT ANTHONY PATRICK MUHLSTADT FOUNDATION,,"""SGT ANTHONY PATRICK MUHLSTADT FOUNDATION"" St Petersburg FL scholarship application",St Petersburg,Pinellas,932776888,44155,0,F12,Y,files-990PF;private-foundation:04;name:foundation,,,,,,,,,
D,40,TAMPA FOUNDATION INC,TAMPA FOUNDATION INC,,"""TAMPA FOUNDATION INC"" Tampa FL scholarship application",Tampa,Hillsborough,813632188,43784,0,A31,Y,files-990PF;private-foundation:04;name:foundation,,,,,,,,,
D,40,SHELDON J SANDMAN FAMILY FOUNDATION,SHELDON J SANDMAN FAMILY FOUNDATION,,"""SHELDON J SANDMAN FAMILY FOUNDATION"" Siesta Key FL scholarship application",Siesta Key,Sarasota,366169189,40823,0,,Y,files-990PF;private-foundation:04;name:foundation,,,,,,,,,
D,40,ASHBY FOUNDATION INC,ASHBY FOUNDATION INC,,"""ASHBY FOUNDATION INC"" Sarasota FL scholarship application",Sarasota,Sarasota,592570514,40265,0,,Y,files-990PF;private-foundation:04;name:foundation,,,,,,,,,
D,40,THORACIC CONNECT FOUNDATION,THORACIC CONNECT FOUNDATION,,"""THORACIC CONNECT FOUNDATION"" Tampa FL scholarship application",Tampa,Hillsborough,873506312,38017,0,H43,Y,files-990PF;private-foundation:03;name:foundation,,,,,,,,,
D,40,PM2 FOUNDATION INC,PM2 FOUNDATION INC,,"""PM2 FOUNDATION INC"" Apollo Beach FL scholarship application",Apollo Beach,Hillsborough,474369649,35941,0,P12,Y,files-990PF;private-foundation:04;name:foundation,,,,,,,,,
D,40,HAROLD & MURIEL BERKMAN CHARITABLE FOUNDATION INC,HAROLD & MURIEL BERKMAN CHARITABLE FOUNDATION INC,,"""HAROLD & MURIEL BERKMAN CHARITABLE FOUNDATION INC"" Lakewood Ranch FL scholarship application",Lakewood Ranch,Manatee,465520735,34611,0,P99,Y,files-990PF;private-foundation:04;name:foundation,,,,,,,,,
D,40,FLORES FOUNDATION INC,FLORES FOUNDATION INC,,"""FLORES FOUNDATION INC"" Tampa FL scholarship application",Tampa,Hillsborough,592981483,34116,0,,Y,files-990PF;private-foundation:04;name:foundation,,,,,,,,,
D,40,FEEDING HOMELESS FELINES FOUNDATION,FEEDING HOMELESS FELINES FOUNDATION,,"""FEEDING HOMELESS FELINES FOUNDATION"" Sarasota FL scholarship application",Sarasota,Sarasota,823795197,29369,0,D20,Y,files-990PF;private-foundation:03;name:foundation,,,,,,,,,
D,40,THE MCINTYRE FAMILY FOUNDATION INC,THE MCINTYRE FAMILY FOUNDATION INC,,"""THE MCINTYRE FAMILY FOUNDATION INC"" Largo FL scholarship application",Largo,Pinellas,593322336,28470,0,N63,Y,files-990PF;private-foundation:04;name:foundation,,,,,,,,,
D,40,NATURE COAST EMERGENCY MEDICINE FOUNDATION INC,NATURE COAST EMERGENCY MEDICINE FOUNDATION INC,,"""NATURE COAST EMERGENCY MEDICINE FOUNDATION INC"" Odessa FL scholarship application",Odessa,Hillsborough,921225358,26462,0,S99,Y,files-990PF;private-foundation:04;name:foundation,,,,,,,,,
D,40,NATIONAL KIDNEY PARTNERS FOUNDATION INC,NATIONAL KIDNEY PARTNERS FOUNDATION INC,,"""NATIONAL KIDNEY PARTNERS FOUNDATION INC"" Hudson FL scholarship application",Hudson,Pasco,332374531,25000,0,E11,Y,files-990PF;private-foundation:04;name:foundation,,,,,,,,,
D,40,BAY TO BAY FOUNDATION INC,BAY TO BAY FOUNDATION INC,,"""BAY TO BAY FOUNDATION INC"" St Petersburg FL scholarship application",St Petersburg,Pinellas,862408535,24991,0,P12,Y,files-990PF;private-foundation:04;name:foundation,,,,,,,,,
D,40,UPPOOTTIL CHARITABLE FOUNDATION INC,UPPOOTTIL CHARITABLE FOUNDATION INC,,"""UPPOOTTIL CHARITABLE FOUNDATION INC"" Valrico FL scholarship application",Valrico,Hillsborough,883958710,23058,0,T50,Y,files-990PF;private-foundation:04;name:foundation,,,,,,,,,
D,40,PARKER FOUNDATION,PARKER FOUNDATION,,"""PARKER FOUNDATION"" Tampa FL scholarship application",Tampa,Hillsborough,541770265,22721,0,X21,Y,files-990PF;private-foundation:03;name:foundation,,,,,,,,,
D,40,GLOBAL EXPEDITIONS GROUP FOUNDATION INC,GLOBAL EXPEDITIONS GROUP FOUNDATION INC,,"""GLOBAL EXPEDITIONS GROUP FOUNDATION INC"" Sarasota FL scholarship application",Sarasota,Sarasota,596214460,21689,0,,Y,files-990PF;private-foundation:04;name:foundation,,,,,,,,,
D,40,JULIET M HANSON FOUNDATION,JULIET M HANSON FOUNDATION,,"""JULIET M HANSON FOUNDATION"" Sarasota FL scholarship application",Sarasota,Sarasota,470738977,21030,0,,Y,files-990PF;private-foundation:04;name:foundation,,,,,,,,,
D,40,OZEK FOUNDATION INC,OZEK FOUNDATION INC,,"""OZEK FOUNDATION INC"" Tampa FL scholarship application",Tampa,Hillsborough,883699190,18950,0,E70,Y,files-990PF;private-foundation:04;name:foundation,,,,,,,,,
D,40,THE ISC FOUNDATION INC,THE ISC FOUNDATION INC,,"""THE ISC FOUNDATION INC"" Wesley Chapel FL scholarship application",Wesley Chapel,Pasco,384163669,18766,0,W70,Y,files-990PF;private-foundation:04;name:foundation,,,,,,,,,
D,40,NOYES FAMILY FOUNDATION INC,NOYES FAMILY FOUNDATION INC,,"""NOYES FAMILY FOUNDATION INC"" Clearwater FL scholarship application",Clearwater,Pinellas,830751693,17322,0,T50,Y,files-990PF;private-foundation:04;name:foundation,,,,,,,,,
D,40,INTERNATIONAL BODYTALK FOUNDATION INC,INTERNATIONAL BODYTALK FOUNDATION INC,,"""INTERNATIONAL BODYTALK FOUNDATION INC"" Nokomis FL scholarship application",Nokomis,Sarasota,571185227,16428,0,H05,Y,files-990PF;private-foundation:04;name:foundation,,,,,,,,,
D,40,PRICE FOUNDATION,PRICE FOUNDATION,,"""PRICE FOUNDATION"" Sarasota FL scholarship application",Sarasota,Sarasota,436028906,16320,0,,Y,files-990PF;private-foundation:04;name:foundation,,,,,,,,,
D,40,JOHNSON-BRADDY FOUNDATION INC,JOHNSON-BRADDY FOUNDATION INC,,"""JOHNSON-BRADDY FOUNDATION INC"" Land O Lakes FL scholarship application",Land O Lakes,Pasco,920430614,15527,0,N30,Y,files-990PF;private-foundation:04;name:foundation,,,,,,,,,
D,40,CATTELLYST FOUNDATION INC,CATTELLYST FOUNDATION INC,,"""CATTELLYST FOUNDATION INC"" St Petersburg FL scholarship application",St Petersburg,Pinellas,821619394,15408,0,E21,Y,files-990PF;private-foundation:04;name:foundation,,,,,,,,,
D,40,SAINT TIMOTHY CHARITABLE FOUNDATION INC,SAINT TIMOTHY CHARITABLE FOUNDATION INC,,"""SAINT TIMOTHY CHARITABLE FOUNDATION INC"" Odessa FL scholarship application",Odessa,Hillsborough,834343675,14234,0,K12,Y,files-990PF;private-foundation:04;name:foundation,,,,,,,,,
D,40,ENTHEOS FOUNDATION,ENTHEOS FOUNDATION,,"""ENTHEOS FOUNDATION"" Tampa FL scholarship application",Tampa,Hillsborough,466994962,13694,0,X19,Y,files-990PF;private-foundation:03;name:foundation,,,,,,,,,
D,40,FLORIDA COUNSELING ASSOCIATION FOUNDATION INC,FLORIDA COUNSELING ASSOCIATION FOUNDATION INC,,"""FLORIDA COUNSELING ASSOCIATION FOUNDATION INC"" Land O Lakes FL scholarship application",Land O Lakes,Pasco,814599280,13482,0,F12,Y,files-990PF;private-foundation:04;name:foundation,,,,,,,,,
D,40,EMPOWER FOUNDATION INC,EMPOWER FOUNDATION INC,,"""EMPOWER FOUNDATION INC"" Clearwater FL scholarship application",Clearwater,Pinellas,320305243,12069,0,A68,Y,files-990PF;private-foundation:04;name:foundation,,,,,,,,,
D,40,SCHLENEKR FOUNDATION INC,SCHLENEKR FOUNDATION INC,,"""SCHLENEKR FOUNDATION INC"" Tampa FL scholarship application",Tampa,Hillsborough,881525325,12022,0,J19,Y,files-990PF;private-foundation:04;name:foundation,,,,,,,,,
D,40,100 HEARTS 1 MISSION FOUNDATION INC,100 HEARTS 1 MISSION FOUNDATION INC,,"""100 HEARTS 1 MISSION FOUNDATION INC"" Saint Petersburg FL scholarship application",Saint Petersburg,Pinellas,453971960,11087,0,P12,Y,files-990PF;private-foundation:04;name:foundation,,,,,,,,,
D,40,DOCTOR KELLEY CANCER FOUNDATION INC,DOCTOR KELLEY CANCER FOUNDATION INC,,"""DOCTOR KELLEY CANCER FOUNDATION INC"" Tampa FL scholarship application",Tampa,Hillsborough,204037520,10653,0,H30,Y,files-990PF;private-foundation:03;name:foundation,,,,,,,,,
D,40,LITA FOUNDATION CORPORATION,LITA FOUNDATION CORPORATION,,"""LITA FOUNDATION CORPORATION"" Spring Hill FL scholarship application",Spring Hill,Pasco,831547502,10304,0,T50,Y,files-990PF;private-foundation:04;name:foundation,,,,,,,,,
D,40,SPIRAL-SUN HEALTH FOUNDATION INC,SPIRAL-SUN HEALTH FOUNDATION INC,,"""SPIRAL-SUN HEALTH FOUNDATION INC"" Tampa FL scholarship application",Tampa,Hillsborough,923542628,10000,0,E70,Y,files-990PF;private-foundation:04;name:foundation,,,,,,,,,
D,40,PLASMA-THERM FOUNDATION INC,PLASMA-THERM FOUNDATION INC,,"""PLASMA-THERM FOUNDATION INC"" Lithia FL scholarship application",Lithia,Hillsborough,823000573,9442,0,P20,Y,files-990PF;private-foundation:04;name:foundation,,,,,,,,,
D,40,SOLO FOUNDATION CORP,SOLO FOUNDATION CORP,,"""SOLO FOUNDATION CORP"" Lithia FL scholarship application",Lithia,Hillsborough,872697480,8676,0,O50,Y,files-990PF;private-foundation:04;name:foundation,,,,,,,,,
D,40,TREY DESENBERG CHARITABLE FOUNDATION INC,TREY DESENBERG CHARITABLE FOUNDATION INC,,"""TREY DESENBERG CHARITABLE FOUNDATION INC"" Sarasota FL scholarship application",Sarasota,Sarasota,934865681,8635,0,P20,Y,files-990PF;private-foundation:04;name:foundation,,,,,,,,,
D,40,MICHAEL AND LORETTA RUSSO FOUNDATION INC,MICHAEL AND LORETTA RUSSO FOUNDATION INC,,"""MICHAEL AND LORETTA RUSSO FOUNDATION INC"" Sarasota FL scholarship application",Sarasota,Sarasota,823721645,8409,0,P20,Y,files-990PF;private-foundation:04;name:foundation,,,,,,,,,
D,40,THE MICHAEL G COUSIN FOUNDATION INC,THE MICHAEL G COUSIN FOUNDATION INC,,"""THE MICHAEL G COUSIN FOUNDATION INC"" Largo FL scholarship application",Largo,Pinellas,593696286,6526,0,T30,,ntee-grantmaker:T30;private-foundation:04;name:foundation,,,,,,,,,
D,40,CODE FAMILY FOUNDATION INC,CODE FAMILY FOUNDATION INC,,"""CODE FAMILY FOUNDATION INC"" Tampa FL scholarship application",Tampa,Hillsborough,593755157,6352,0,T90,Y,files-990PF;private-foundation:04;name:foundation,,,,,,,,,
D,40,SHREE CHAKRADHAR CHARITABLE FOUNDATION INC,SHREE CHAKRADHAR CHARITABLE FOUNDATION INC,,"""SHREE CHAKRADHAR CHARITABLE FOUNDATION INC"" Valrico FL scholarship application",Valrico,Hillsborough,593556069,6030,0,X99,Y,files-990PF;private-foundation:04;name:foundation,,,,,,,,,
D,40,LIBMAN FAMILY FOUNDATION 220 N SHELDON ST ARCOLA,LIBMAN FAMILY FOUNDATION 220 N SHELDON ST ARCOLA,,"""LIBMAN FAMILY FOUNDATION 220 N SHELDON ST ARCOLA"" Longboat Key FL scholarship application",Longboat Key,Sarasota,363650553,5530,0,,Y,files-990PF;private-foundation:04;name:foundation,,,,,,,,,
D,40,THE OWSLEY FOUNDATION INC,THE OWSLEY FOUNDATION INC,,"""THE OWSLEY FOUNDATION INC"" Palm Harbor FL scholarship application",Palm Harbor,Pinellas,593252540,5307,0,,Y,files-990PF;private-foundation:04;name:foundation,,,,,,,,,
D,40,J PATRICK MICHAELS JR FOUNDATION INC,J PATRICK MICHAELS JR FOUNDATION INC,,"""J PATRICK MICHAELS JR FOUNDATION INC"" Tampa FL scholarship application",Tampa,Hillsborough,593197148,4843,0,,Y,files-990PF;private-foundation:04;name:foundation,,,,,,,,,
D,40,ALL THE BUNNIES FOUNDATION INC,ALL THE BUNNIES FOUNDATION INC,,"""ALL THE BUNNIES FOUNDATION INC"" Sarasota FL scholarship application",Sarasota,Sarasota,010678905,4560,0,E70,Y,files-990PF;private-foundation:03;name:foundation,,,,,,,,,
D,40,ODDANGELS FOUNDATION,ODDANGELS FOUNDATION,,"""ODDANGELS FOUNDATION"" Longboat Key FL scholarship application",Longboat Key,Sarasota,846977087,4441,0,A20,Y,files-990PF;private-foundation:04;name:foundation,,,,,,,,,
D,40,THE SWORD AND THE TROWEL FOUNDATION INC,THE SWORD AND THE TROWEL FOUNDATION INC,,"""THE SWORD AND THE TROWEL FOUNDATION INC"" Longboat Key FL scholarship application",Longboat Key,Sarasota,993947419,4416,0,X20,Y,files-990PF;private-foundation:04;name:foundation,,,,,,,,,
D,40,NESTING SHORES FOUNDATION INC,NESTING SHORES FOUNDATION INC,,"""NESTING SHORES FOUNDATION INC"" Saint Petersburg FL scholarship application",Saint Petersburg,Pinellas,884174207,4294,0,C99,Y,files-990PF;private-foundation:03;name:foundation,,,,,,,,,
D,40,NEISSERIA MENINGITIS FOUNDATION,NEISSERIA MENINGITIS FOUNDATION,,"""NEISSERIA MENINGITIS FOUNDATION"" Tampa FL scholarship application",Tampa,Hillsborough,363552590,4002,0,,Y,files-990PF;private-foundation:04;name:foundation,,,,,,,,,
D,40,3 IN ONE FOUNDATION INC,3 IN ONE FOUNDATION INC,,"""3 IN ONE FOUNDATION INC"" St Petersburg FL scholarship application",St Petersburg,Pinellas,814676014,3537,0,P32,Y,files-990PF;private-foundation:04;name:foundation,,,,,,,,,
D,40,ROCKWELL GROUP FOUNDATION INC,ROCKWELL GROUP FOUNDATION INC,,"""ROCKWELL GROUP FOUNDATION INC"" Riverview FL scholarship application",Riverview,Hillsborough,825321376,3521,0,S01,Y,files-990PF;private-foundation:04;name:foundation,,,,,,,,,
D,40,BRINCK FAMILY FOUNDATION INC,BRINCK FAMILY FOUNDATION INC,,"""BRINCK FAMILY FOUNDATION INC"" Holmes Beach FL scholarship application",Holmes Beach,Manatee,311774144,3012,0,E400,Y,files-990PF;private-foundation:04;name:foundation,,,,,,,,,
D,40,GARRETT FAMILY FOUNDATION,GARRETT FAMILY FOUNDATION,,"""GARRETT FAMILY FOUNDATION"" Bradenton FL scholarship application",Bradenton,Manatee,460941980,2942,0,O50,Y,files-990PF;private-foundation:04;name:foundation,,,,,,,,,
D,40,CURREN FOUNDATION FOR THE DIAGNOSIS & TREATMENT OF NEURO-ONCOLOGICAL,CURREN FOUNDATION FOR THE DIAGNOSIS & TREATMENT OF NEURO-ONCOLOGICAL,,"""CURREN FOUNDATION FOR THE DIAGNOSIS & TREATMENT OF NEURO-ONCOLOGICAL"" Tampa FL scholarship application",Tampa,Hillsborough,831625577,2832,0,E99,Y,files-990PF;private-foundation:04;name:foundation,,,,,,,,,
D,40,GURRENTZ FAMILY FOUNDATION INC,GURRENTZ FAMILY FOUNDATION INC,,"""GURRENTZ FAMILY FOUNDATION INC"" Longboat Key FL scholarship application",Longboat Key,Sarasota,472786522,2752,0,X20,Y,files-990PF;private-foundation:04;name:foundation,,,,,,,,,
D,40,ARBOR CHARITABLE FOUNDATION INC,ARBOR CHARITABLE FOUNDATION INC,,"""ARBOR CHARITABLE FOUNDATION INC"" Palm Harbor FL scholarship application",Palm Harbor,Pinellas,561882080,2495,0,,Y,files-990PF;private-foundation:04;name:foundation,,,,,,,,,
D,40,FREEDOM 2000 FOUNDATION INC,FREEDOM 2000 FOUNDATION INC,,"""FREEDOM 2000 FOUNDATION INC"" Lithia FL scholarship application",Lithia,Hillsborough,593135348,2204,0,,Y,files-990PF;private-foundation:04;name:foundation,,,,,,,,,
D,40,NEIMAN FAMILY FOUNDATION,NEIMAN FAMILY FOUNDATION,,"""NEIMAN FAMILY FOUNDATION"" Bradenton FL scholarship application",Bradenton,Manatee,460556767,2183,0,X20,Y,files-990PF;private-foundation:04;name:foundation,,,,,,,,,
D,40,FRED AND LARRY FOUNDATION INC,FRED AND LARRY FOUNDATION INC,,"""FRED AND LARRY FOUNDATION INC"" Brandon FL scholarship application",Brandon,Hillsborough,853778225,1687,0,P80,Y,files-990PF;private-foundation:04;name:foundation,,,,,,,,,
D,40,CONSNEGO FOUNDATION,CONSNEGO FOUNDATION,,"""CONSNEGO FOUNDATION"" Sarasota FL scholarship application",Sarasota,Sarasota,462905076,1623,0,T11,Y,files-990PF;private-foundation:04;name:foundation,,,,,,,,,
D,40,S DENISE JOHNSON FOUNDATION,S DENISE JOHNSON FOUNDATION,,"""S DENISE JOHNSON FOUNDATION"" St Petersburg FL scholarship application",St Petersburg,Pinellas,822363269,1546,0,A23,Y,files-990PF;private-foundation:04;name:foundation,,,,,,,,,
D,40,REFUGE CARES FOUNDATION INC,REFUGE CARES FOUNDATION INC,,"""REFUGE CARES FOUNDATION INC"" Brandon FL scholarship application",Brandon,Hillsborough,923299183,1500,0,P44,Y,files-990PF;private-foundation:04;name:foundation,,,,,,,,,
D,40,HATTIE MAE KIMBLE FOUNDATION,HATTIE MAE KIMBLE FOUNDATION,,"""HATTIE MAE KIMBLE FOUNDATION"" Apollo Beach FL scholarship application",Apollo Beach,Hillsborough,884413788,1071,0,T50,Y,files-990PF;private-foundation:04;name:foundation,,,,,,,,,
D,40,RAMSAY FAMILY FOUNDATION,RAMSAY FAMILY FOUNDATION,,"""RAMSAY FAMILY FOUNDATION"" Venice FL scholarship application",Venice,Sarasota,863077455,1000,0,P99,Y,files-990PF;private-foundation:04;name:foundation,,,,,,,,,
D,40,CLEARWATER FOUNDATION FOR TOMORROW,CLEARWATER FOUNDATION FOR TOMORROW,,"""CLEARWATER FOUNDATION FOR TOMORROW"" Clearwater FL scholarship application",Clearwater,Pinellas,842857192,747,0,P30,Y,files-990PF;private-foundation:04;name:foundation,,,,,,,,,
D,40,CHARLOTTE GEYER FOUNDATION,CHARLOTTE GEYER FOUNDATION,,"""CHARLOTTE GEYER FOUNDATION"" Sarasota FL scholarship application",Sarasota,Sarasota,650281614,736,0,,Y,files-990PF;private-foundation:04;name:foundation,,,,,,,,,
D,40,BL FOUNDATION,BL FOUNDATION,,"""BL FOUNDATION"" Palm Harbor FL scholarship application",Palm Harbor,Pinellas,463242185,710,0,G30,Y,files-990PF;private-foundation:04;name:foundation,,,,,,,,,
D,40,STREET CAT RESCUE FOUNDATION INC,STREET CAT RESCUE FOUNDATION INC,,"""STREET CAT RESCUE FOUNDATION INC"" St Petersburg FL scholarship application",St Petersburg,Pinellas,932445858,100,0,D20,Y,files-990PF;private-foundation:04;name:foundation,,,,,,,,,
D,40,NINA HUGHES FAMILY FOUNDATION INC,NINA HUGHES FAMILY FOUNDATION INC,,"""NINA HUGHES FAMILY FOUNDATION INC"" Tampa FL scholarship application",Tampa,Hillsborough,873281643,32,0,T50,Y,files-990PF;private-foundation:04;name:foundation,,,,,,,,,
D,40,LIVE CREATION MUSIC & ART FOUNDATION INC,LIVE CREATION MUSIC & ART FOUNDATION INC,,"""LIVE CREATION MUSIC & ART FOUNDATION INC"" Largo FL scholarship application",Largo,Pinellas,852259561,13,0,A68,Y,files-990PF;private-foundation:04;name:foundation,,,,,,,,,
D,40,FLM FOUNDATION INC,FLM FOUNDATION INC,,"""FLM FOUNDATION INC"" Ruskin FL scholarship application",Ruskin,Hillsborough,853123515,2,0,K30,Y,files-990PF;private-foundation:04;name:foundation,,,,,,,,,
D,40,GUERRAZZI FOUNDATION INC,GUERRAZZI FOUNDATION INC,,"""GUERRAZZI FOUNDATION INC"" Lutz FL scholarship application",Lutz,Hillsborough,455571736,1,0,A68,Y,files-990PF;private-foundation:04;name:foundation,,,,,,,,,
D,40,EDNA MAY FAIRBANKS FOUNDATION INC,EDNA MAY FAIRBANKS FOUNDATION INC,,"""EDNA MAY FAIRBANKS FOUNDATION INC"" Bradenton FL scholarship application",Bradenton,Manatee,472075674,1,0,G84,Y,files-990PF;private-foundation:04;name:foundation,,,,,,,,,
D,40,BILL AND MARY LOU JOHSON FAMILY FOUNDATION INC,BILL AND MARY LOU JOHSON FAMILY FOUNDATION INC,,"""BILL AND MARY LOU JOHSON FAMILY FOUNDATION INC"" Longboat Key FL scholarship application",Longboat Key,Sarasota,593629517,1,0,,Y,files-990PF;private-foundation:04;name:foundation,,,,,,,,,
D,40,EVERLASTING FRUIT FOUNDATION INC,EVERLASTING FRUIT FOUNDATION INC,,"""EVERLASTING FRUIT FOUNDATION INC"" Tampa FL scholarship application",Tampa,Hillsborough,824622753,1,0,K25,Y,files-990PF;private-foundation:03;name:foundation,,,,,,,,,
D,40,NAGARMAL SHANTA AGARWAL FOUNDATION INC,NAGARMAL SHANTA AGARWAL FOUNDATION INC,,"""NAGARMAL SHANTA AGARWAL FOUNDATION INC"" Tampa FL scholarship application",Tampa,Hillsborough,830903912,1,0,Q12,Y,files-990PF;private-foundation:04;name:foundation,,,,,,,,,
D,40,GENESIS FOUNDATION NON PROFIT CORPORATION,GENESIS FOUNDATION NON PROFIT CORPORATION,,"""GENESIS FOUNDATION NON PROFIT CORPORATION"" St Petersburg FL scholarship application",St Petersburg,Pinellas,843975796,1,0,P20,Y,files-990PF;private-foundation:04;name:foundation,,,,,,,,,
D,40,JENNINGS FAMILY FOUNDATION INC,JENNINGS FAMILY FOUNDATION INC,,"""JENNINGS FAMILY FOUNDATION INC"" Wesley Chapel FL scholarship application",Wesley Chapel,Pasco,850901910,1,0,T50,Y,files-990PF;private-foundation:04;name:foundation,,,,,,,,,
D,40,LOCICERO HEALTH FOUNDATION INC,LOCICERO HEALTH FOUNDATION INC,,"""LOCICERO HEALTH FOUNDATION INC"" Tampa FL scholarship application",Tampa,Hillsborough,852659628,1,0,G12,Y,files-990PF;private-foundation:04;name:foundation,,,,,,,,,
D,40,GONZALEZ ART FOUNDATION,GONZALEZ ART FOUNDATION,,"""GONZALEZ ART FOUNDATION"" Tampa FL scholarship application",Tampa,Hillsborough,853702532,1,0,A20,Y,files-990PF;private-foundation:04;name:foundation,,,,,,,,,
D,40,FANNIE MAE FULTZ FOUNDATION INC,FANNIE MAE FULTZ FOUNDATION INC,,"""FANNIE MAE FULTZ FOUNDATION INC"" Tampa FL scholarship application",Tampa,Hillsborough,871326971,1,0,F30,Y,files-990PF;private-foundation:04;name:foundation,,,,,,,,,
D,40,STREETS OF GLORY FAMILY FOUNDATION,STREETS OF GLORY FAMILY FOUNDATION,,"""STREETS OF GLORY FAMILY FOUNDATION"" Bradenton FL scholarship application",Bradenton,Manatee,884100087,1,0,I11,Y,files-990PF;private-foundation:04;name:foundation,,,,,,,,,
D,40,THE YOUNG PARENT FOUNDATION INC,THE YOUNG PARENT FOUNDATION INC,,"""THE YOUNG PARENT FOUNDATION INC"" St Petersburg FL scholarship application",St Petersburg,Pinellas,921435658,1,0,P45,Y,files-990PF;private-foundation:04;name:foundation,,,,,,,,,
D,40,MAKE IT A GREAT DAY FOUNDATION INC,MAKE IT A GREAT DAY FOUNDATION INC,,"""MAKE IT A GREAT DAY FOUNDATION INC"" Tampa FL scholarship application",Tampa,Hillsborough,921821484,1,0,,Y,files-990PF;private-foundation:04;name:foundation,,,,,,,,,
D,40,COMMUNITY HOPE OF TAMPA FOUNDATION INC,COMMUNITY HOPE OF TAMPA FOUNDATION INC,,"""COMMUNITY HOPE OF TAMPA FOUNDATION INC"" Tampa FL scholarship application",Tampa,Hillsborough,922364769,1,0,K30,Y,files-990PF;private-foundation:04;name:foundation,,,,,,,,,
D,40,A HEALTHY DOSE FOUNDATION INC,A HEALTHY DOSE FOUNDATION INC,,"""A HEALTHY DOSE FOUNDATION INC"" St Petersburg FL scholarship application",St Petersburg,Pinellas,931828870,1,0,,Y,files-990PF;private-foundation:04;name:foundation,,,,,,,,,
D,40,NATURE COAST FOUNDATION FOR THRIVING FAMILIES INC,NATURE COAST FOUNDATION FOR THRIVING FAMILIES INC,,"""NATURE COAST FOUNDATION FOR THRIVING FAMILIES INC"" Spring Hill FL scholarship application",Spring Hill,Pasco,934570040,1,0,O50,Y,files-990PF;private-foundation:04;name:foundation,,,,,,,,,
D,40,URI FOUNDATION INC,URI FOUNDATION INC,,"""URI FOUNDATION INC"" Brandon FL scholarship application",Brandon,Hillsborough,992440234,1,0,P20,Y,files-990PF;private-foundation:03;name:foundation,,,,,,,,,
D,40,TILCHIN FAMILY FOUNDATION INC,TILCHIN FAMILY FOUNDATION INC,,"""TILCHIN FAMILY FOUNDATION INC"" Tampa FL scholarship application",Tampa,Hillsborough,992617979,1,0,P20,Y,files-990PF;private-foundation:03;name:foundation,,,,,,,,,
D,40,AMARI BURNEY FOUNDATION INC,AMARI BURNEY FOUNDATION INC,,"""AMARI BURNEY FOUNDATION INC"" St Petersburg FL scholarship application",St Petersburg,Pinellas,994092429,1,0,O12,Y,files-990PF;private-foundation:04;name:foundation,,,,,,,,,
D,40,SHIRLEY M SONTHEIMER FAMILY FOUNDATION UAD 06-21-2024,SHIRLEY M SONTHEIMER FAMILY FOUNDATION UAD 06-21-2024,,"""SHIRLEY M SONTHEIMER FAMILY FOUNDATION UAD 06-21-2024"" Bradenton FL scholarship application",Bradenton,Manatee,996648173,1,0,T90,Y,files-990PF;private-foundation:04;name:foundation,,,,,,,,,
D,40,FRANK J & LENORA DUPUIS CHARITABLE FOUNDATION,FRANK J & LENORA DUPUIS CHARITABLE FOUNDATION,,"""FRANK J & LENORA DUPUIS CHARITABLE FOUNDATION"" Osprey FL scholarship application",Osprey,Sarasota,332453834,0,0,P20,Y,files-990PF;private-foundation:04;name:foundation,,,,,,,,,
D,40,REVIVAL FOUNDATION,REVIVAL FOUNDATION,,"""REVIVAL FOUNDATION"" Port Richey FL scholarship application",Port Richey,Pasco,332483831,0,0,F21,Y,files-990PF;private-foundation:04;name:foundation,,,,,,,,,
D,40,DO LIKE RALEIGH ROO FOUNDATION,DO LIKE RALEIGH ROO FOUNDATION,,"""DO LIKE RALEIGH ROO FOUNDATION"" Clearwater FL scholarship application",Clearwater,Pinellas,333064517,0,0,D20,Y,files-990PF;private-foundation:03;name:foundation,,,,,,,,,
D,40,STEVEN AND ELEANOR HAUSSIER FOUNDATION INC,STEVEN AND ELEANOR HAUSSIER FOUNDATION INC,,"""STEVEN AND ELEANOR HAUSSIER FOUNDATION INC"" Longboat Key FL scholarship application",Longboat Key,Sarasota,333375135,0,0,P99,Y,files-990PF;private-foundation:04;name:foundation,,,,,,,,,
D,40,ROCKYS FOUNDATION INC,ROCKYS FOUNDATION INC,,"""ROCKYS FOUNDATION INC"" North Port FL scholarship application",North Port,Sarasota,352808066,0,0,L01,Y,files-990PF;private-foundation:04;name:foundation,,,,,,,,,
D,40,LIBBY AND RICK RENICK FOUNDATION INC,LIBBY AND RICK RENICK FOUNDATION INC,,"""LIBBY AND RICK RENICK FOUNDATION INC"" Sarasota FL scholarship application",Sarasota,Sarasota,392212892,0,0,O99,Y,files-990PF;private-foundation:04;name:foundation,,,,,,,,,
D,40,MERIDITH FOUNDATION INC,MERIDITH FOUNDATION INC,,"""MERIDITH FOUNDATION INC"" St Petersburg FL scholarship application",St Petersburg,Pinellas,392407456,0,0,E86,Y,files-990PF;private-foundation:04;name:foundation,,,,,,,,,
D,40,KEITH AND GEORGEANN LIGORI FAMILY FOUNDATION INC,KEITH AND GEORGEANN LIGORI FAMILY FOUNDATION INC,,"""KEITH AND GEORGEANN LIGORI FAMILY FOUNDATION INC"" Tampa FL scholarship application",Tampa,Hillsborough,393573283,0,0,K30,Y,files-990PF;private-foundation:04;name:foundation,,,,,,,,,
D,40,FEZA NAWAB MEMORIAL FOUNDATION INC,FEZA NAWAB MEMORIAL FOUNDATION INC,,"""FEZA NAWAB MEMORIAL FOUNDATION INC"" Plant City FL scholarship application",Plant City,Hillsborough,394993680,0,0,S20,Y,files-990PF;private-foundation:04;name:foundation,,,,,,,,,
D,40,HEART OF GIVING FOUNDATION,HEART OF GIVING FOUNDATION,,"""HEART OF GIVING FOUNDATION"" Clearwater FL scholarship application",Clearwater,Pinellas,412987912,0,0,P60,Y,files-990PF;private-foundation:04;name:foundation,,,,,,,,,
D,40,FISHIN RASTA FOUNDATION,FISHIN RASTA FOUNDATION,,"""FISHIN RASTA FOUNDATION"" St Petersburg FL scholarship application",St Petersburg,Pinellas,413374684,0,0,O52,Y,files-990PF;private-foundation:04;name:foundation,,,,,,,,,
D,40,EVERKIND FOUNDATION,EVERKIND FOUNDATION,,"""EVERKIND FOUNDATION"" Apollo Beach FL scholarship application",Apollo Beach,Hillsborough,413748844,0,0,T50,Y,files-990PF;private-foundation:04;name:foundation,,,,,,,,,
D,40,THE EAST AFRICA CHRISTIAN MISSION CHARITABLE TRUST,THE EAST AFRICA CHRISTIAN MISSION CHARITABLE TRUST,,"""THE EAST AFRICA CHRISTIAN MISSION CHARITABLE TRUST"" St Petersburg FL scholarship application",St Petersburg,Pinellas,416718097,0,0,T11,Y,files-990PF;private-foundation:04;name:foundation,,,,,,,,,
D,40,THE SCHUH FOUNDATION,THE SCHUH FOUNDATION,,"""THE SCHUH FOUNDATION"" Tampa FL scholarship application",Tampa,Hillsborough,826320831,0,0,,Y,files-990PF;private-foundation:04;name:foundation,,,,,,,,,
D,40,HAYG FOUNDATION INC,HAYG FOUNDATION INC,,"""HAYG FOUNDATION INC"" Longboat Key FL scholarship application",Longboat Key,Sarasota,841866751,0,0,Q33,Y,files-990PF;private-foundation:04;name:foundation,,,,,,,,,
D,40,ANYA ELYSE LA MAR FOUNDATION INC,ANYA ELYSE LA MAR FOUNDATION INC,,"""ANYA ELYSE LA MAR FOUNDATION INC"" Venice FL scholarship application",Venice,Sarasota,862322939,0,0,G12,Y,files-990PF;private-foundation:03;name:foundation,,,,,,,,,
D,40,LEMON BAY ATHLETICS FOUNDATION INC,LEMON BAY ATHLETICS FOUNDATION INC,,"""LEMON BAY ATHLETICS FOUNDATION INC"" Englewood FL scholarship application",Englewood,Sarasota,863874040,0,0,N12,Y,files-990PF;private-foundation:04;name:foundation,,,,,,,,,
D,40,SIGNATURE PUNCH FOUNDATION INC,SIGNATURE PUNCH FOUNDATION INC,,"""SIGNATURE PUNCH FOUNDATION INC"" Tampa FL scholarship application",Tampa,Hillsborough,883627450,0,0,O99,Y,files-990PF;private-foundation:04;name:foundation,,,,,,,,,
D,40,CLEARPATH HEALTH FOUNDATION INC,CLEARPATH HEALTH FOUNDATION INC,,"""CLEARPATH HEALTH FOUNDATION INC"" Clearwater FL scholarship application",Clearwater,Pinellas,924027100,0,0,F60,Y,files-990PF;private-foundation:04;name:foundation,,,,,,,,,
D,40,ONCC FOUNDATION INC,ONCC FOUNDATION INC,,"""ONCC FOUNDATION INC"" Sarasota FL scholarship application",Sarasota,Sarasota,931825777,0,0,T50,Y,files-990PF;private-foundation:04;name:foundation,,,,,,,,,
D,40,NEIL HUMPHREY SR FOUNDATION,NEIL HUMPHREY SR FOUNDATION,,"""NEIL HUMPHREY SR FOUNDATION"" Sarasota FL scholarship application",Sarasota,Sarasota,932243879,0,0,O12,Y,files-990PF;private-foundation:04;name:foundation,,,,,,,,,
D,40,CAREGOOD FOUNDATION INC,CAREGOOD FOUNDATION INC,,"""CAREGOOD FOUNDATION INC"" Tampa FL scholarship application",Tampa,Hillsborough,932523788,0,0,C60,Y,files-990PF;private-foundation:04;name:foundation,,,,,,,,,
D,40,GENEXERGY FOUNDATION INC,GENEXERGY FOUNDATION INC,,"""GENEXERGY FOUNDATION INC"" Tampa FL scholarship application",Tampa,Hillsborough,933547966,0,0,P02,Y,files-990PF;private-foundation:04;name:foundation,,,,,,,,,
D,40,LIV FOUNDATION INC,LIV FOUNDATION INC,,"""LIV FOUNDATION INC"" Sarasota FL scholarship application",Sarasota,Sarasota,934133207,0,0,H30,Y,files-990PF;private-foundation:04;name:foundation,,,,,,,,,
D,40,RESCUE HEALTH FOUNDATION INC,RESCUE HEALTH FOUNDATION INC,,"""RESCUE HEALTH FOUNDATION INC"" Clearwater FL scholarship application",Clearwater,Pinellas,934383149,0,0,E31,Y,files-990PF;private-foundation:04;name:foundation,,,,,,,,,
D,40,JASONS LEGASEA GELL FAMILY FOUNDATION INC,JASONS LEGASEA GELL FAMILY FOUNDATION INC,,"""JASONS LEGASEA GELL FAMILY FOUNDATION INC"" St Petersburg FL scholarship application",St Petersburg,Pinellas,934631135,0,0,G80,Y,files-990PF;private-foundation:04;name:foundation,,,,,,,,,
D,40,SINCERE CARE FOUNDATION,SINCERE CARE FOUNDATION,,"""SINCERE CARE FOUNDATION"" Bradenton FL scholarship application",Bradenton,Manatee,991225329,0,0,E11,Y,files-990PF;private-foundation:04;name:foundation,,,,,,,,,
D,40,ME AJUDA FOUNDATION INC,ME AJUDA FOUNDATION INC,,"""ME AJUDA FOUNDATION INC"" Tampa FL scholarship application",Tampa,Hillsborough,992525131,0,0,Q71,Y,files-990PF;private-foundation:04;name:foundation,,,,,,,,,
D,40,DEMARINIS FAMILY FOUNDATION,DEMARINIS FAMILY FOUNDATION,,"""DEMARINIS FAMILY FOUNDATION"" Tampa FL scholarship application",Tampa,Hillsborough,993745964,0,0,C99,Y,files-990PF;private-foundation:03;name:foundation,,,,,,,,,
D,40,JOYCE MARIE STRANGE CANCER RESEARCH FOUNDATION,JOYCE MARIE STRANGE CANCER RESEARCH FOUNDATION,,"""JOYCE MARIE STRANGE CANCER RESEARCH FOUNDATION"" Tampa FL scholarship application",Tampa,Hillsborough,993776869,0,0,H30,Y,files-990PF;private-foundation:04;name:foundation,,,,,,,,,
D,40,HYPE IT UP SPORTS FOUNDATION INC,HYPE IT UP SPORTS FOUNDATION INC,,"""HYPE IT UP SPORTS FOUNDATION INC"" Plant City FL scholarship application",Plant City,Hillsborough,994279221,0,0,N12,Y,files-990PF;private-foundation:03;name:foundation,,,,,,,,,
D,38,LESLIE P OBERLEDER PROFESSOR OF GERIATRIC MEDICINE,LESLIE P OBERLEDER PROFESSOR OF GERIATRIC MEDICINE,,"""LESLIE P OBERLEDER PROFESSOR OF GERIATRIC MEDICINE"" Venice FL scholarship application",Venice,Sarasota,656180303,464196,0,B99Z,Y,files-990PF;private-foundation:04;ntee-education:B99Z,,,,,,,,,
D,38,AMERICAN TCM ASSOCIATION CORPORATION,AMERICAN TCM ASSOCIATION CORPORATION,,"""AMERICAN TCM ASSOCIATION CORPORATION"" Largo FL scholarship application",Largo,Pinellas,811245852,248559,0,B84,Y,files-990PF;private-foundation:04;ntee-education:B84,,,,,,,,,
D,38,CYGNET SCHOOL CORPORATION,CYGNET SCHOOL CORPORATION,,"""CYGNET SCHOOL CORPORATION"" Plant City FL scholarship application",Plant City,Hillsborough,841769542,241439,0,B24,Y,files-990PF;private-foundation:04;ntee-education:B24,,,,,,,,,
D,38,GUARDIAN ASSOCIATION OF PINELLAS COUNTY INC,GUARDIAN ASSOCIATION OF PINELLAS COUNTY INC,,"""GUARDIAN ASSOCIATION OF PINELLAS COUNTY INC"" Pinellas Park FL scholarship application",Pinellas Park,Pinellas,591769588,99107,0,B60Z,Y,files-990PF;private-foundation:04;ntee-education:B60Z,,,,,,,,,
D,38,RISING TIDE CHARITIES,RISING TIDE CHARITIES,,"""RISING TIDE CHARITIES"" Tampa FL scholarship application",Tampa,Hillsborough,884083284,33664,0,B02,Y,files-990PF;private-foundation:04;ntee-education:B02,,,,,,,,,
D,38,BUCMAAA,BUCMAAA,,"""BUCMAAA"" Largo FL scholarship application",Largo,Pinellas,465401054,33555,0,B94,Y,files-990PF;private-foundation:04;ntee-education:B94,,,,,,,,,
D,38,HOLLYS HOPE OF NORTH PORT,HOLLYS HOPE OF NORTH PORT,,"""HOLLYS HOPE OF NORTH PORT"" North Port FL scholarship application",North Port,Sarasota,831919219,22401,0,B01,Y,files-990PF;private-foundation:04;ntee-education:B01,,,,,,,,,
D,38,EDUCATED HANDS INC,EDUCATED HANDS INC,,"""EDUCATED HANDS INC"" Tampa FL scholarship application",Tampa,Hillsborough,851732371,11161,0,B90,Y,files-990PF;private-foundation:04;ntee-education:B90,,,,,,,,,
D,38,SUNCOAST STARGAZERS INC,SUNCOAST STARGAZERS INC,,"""SUNCOAST STARGAZERS INC"" Largo FL scholarship application",Largo,Pinellas,880917951,4125,0,B60,Y,files-990PF;private-foundation:04;ntee-education:B60,,,,,,,,,
D,38,SPACE OF LOVE HEALTH,SPACE OF LOVE HEALTH,,"""SPACE OF LOVE HEALTH"" St Petersburg FL scholarship application",St Petersburg,Pinellas,874339072,2424,0,B99,Y,files-990PF;private-foundation:03;ntee-education:B99,,,,,,,,,
D,38,GLOBE LEADERSHIP,GLOBE LEADERSHIP,,"""GLOBE LEADERSHIP"" Bradenton FL scholarship application",Bradenton,Manatee,824074295,1720,0,B99,Y,files-990PF;private-foundation:04;ntee-education:B99,,,,,,,,,
D,38,HEART OF THE WILD INC,HEART OF THE WILD INC,,"""HEART OF THE WILD INC"" Pinellas Park FL scholarship application",Pinellas Park,Pinellas,821833581,1385,0,B99,Y,files-990PF;private-foundation:04;ntee-education:B99,,,,,,,,,
D,38,BP4K INC,BP4K INC,,"""BP4K INC"" Oldsmar FL scholarship application",Oldsmar,Pinellas,384006684,906,0,B90,Y,files-990PF;private-foundation:04;ntee-education:B90,,,,,,,,,
D,38,DAVENPORT INSTITUTE INC,DAVENPORT INSTITUTE INC,,"""DAVENPORT INSTITUTE INC"" Lutz FL scholarship application",Lutz,Hillsborough,593701511,1,0,B01,Y,files-990PF;private-foundation:04;ntee-education:B01,,,,,,,,,
D,38,HOPE 4 2DAY MINISTRIES INC,HOPE 4 2DAY MINISTRIES INC,,"""HOPE 4 2DAY MINISTRIES INC"" Tampa FL scholarship application",Tampa,Hillsborough,821148570,1,0,B20,Y,files-990PF;private-foundation:04;ntee-education:B20,,,,,,,,,
D,38,REFLECTIONS COLLECTIONS BY FELICIA OGILBY INC,REFLECTIONS COLLECTIONS BY FELICIA OGILBY INC,,"""REFLECTIONS COLLECTIONS BY FELICIA OGILBY INC"" Largo FL scholarship application",Largo,Pinellas,863094770,1,0,B99,Y,files-990PF;private-foundation:04;ntee-education:B99,,,,,,,,,
D,38,UYOYAA LLC,UYOYAA LLC,,"""UYOYAA LLC"" Tampa FL scholarship application",Tampa,Hillsborough,873203047,1,0,B19,Y,files-990PF;private-foundation:04;ntee-education:B19,,,,,,,,,
D,38,HEALING HEARTS WITH HOOVES INC,HEALING HEARTS WITH HOOVES INC,,"""HEALING HEARTS WITH HOOVES INC"" Bradenton FL scholarship application",Bradenton,Manatee,333028194,0,0,B28,Y,files-990PF;private-foundation:04;ntee-education:B28,,,,,,,,,
D,38,THE NEXT WAVE,THE NEXT WAVE,,"""THE NEXT WAVE"" Tampa FL scholarship application",Tampa,Hillsborough,415357442,0,0,B99,Y,files-990PF;private-foundation:04;ntee-education:B99,,,,,,,,,
D,38,EPSILON KAPPA CHAPTER OF THE RHO CHI SOCIETY,EPSILON KAPPA CHAPTER OF THE RHO CHI SOCIETY,,"""EPSILON KAPPA CHAPTER OF THE RHO CHI SOCIETY"" Tampa FL scholarship application",Tampa,Hillsborough,814671718,0,0,B03,Y,files-990PF;private-foundation:04;ntee-education:B03,,,,,,,,,
D,38,FLORIDA GONSTEAD CHIROPRACTIC SOCIETY INC,FLORIDA GONSTEAD CHIROPRACTIC SOCIETY INC,,"""FLORIDA GONSTEAD CHIROPRACTIC SOCIETY INC"" Sarasota FL scholarship application",Sarasota,Sarasota,883912458,0,0,B90,Y,files-990PF;private-foundation:04;ntee-education:B90,,,,,,,,,
D,38,ASSOCIATION OF CHIROPRACTIC EDUCATORS INC,ASSOCIATION OF CHIROPRACTIC EDUCATORS INC,,"""ASSOCIATION OF CHIROPRACTIC EDUCATORS INC"" Clearwater FL scholarship application",Clearwater,Pinellas,921610964,0,0,B01,Y,files-990PF;private-foundation:04;ntee-education:B01,,,,,,,,,
D,38,ASSOCIATION OF DENTAL EDUCATORS INC,ASSOCIATION OF DENTAL EDUCATORS INC,,"""ASSOCIATION OF DENTAL EDUCATORS INC"" Clearwater FL scholarship application",Clearwater,Pinellas,921611127,0,0,B01,Y,files-990PF;private-foundation:04;ntee-education:B01,,,,,,,,,
D,38,AN ALTERNATIVE WAY CORPORATION,AN ALTERNATIVE WAY CORPORATION,,"""AN ALTERNATIVE WAY CORPORATION"" Brandon FL scholarship application",Brandon,Hillsborough,922728683,0,0,B01,Y,files-990PF;private-foundation:04;ntee-education:B01,,,,,,,,,
D,38,TAMPA KIDS,TAMPA KIDS,,"""TAMPA KIDS"" Tampa FL scholarship application",Tampa,Hillsborough,932505504,0,0,B80,Y,files-990PF;private-foundation:04;ntee-education:B80,,,,,,,,,
D,38,INTERCAMBIO CULTURAL CORP,INTERCAMBIO CULTURAL CORP,,"""INTERCAMBIO CULTURAL CORP"" St Petersburg FL scholarship application",St Petersburg,Pinellas,932765005,0,0,B90,Y,files-990PF;private-foundation:04;ntee-education:B90,,,,,,,,,
D,38,REBIRTH OF HOSPITALITY INC,REBIRTH OF HOSPITALITY INC,,"""REBIRTH OF HOSPITALITY INC"" St Petersburg FL scholarship application",St Petersburg,Pinellas,933474771,0,0,B01,Y,files-990PF;private-foundation:04;ntee-education:B01,,,,,,,,,
D,38,FAMILIES FOR PUBLIC SCHOOLS INC,FAMILIES FOR PUBLIC SCHOOLS INC,,"""FAMILIES FOR PUBLIC SCHOOLS INC"" Tampa FL scholarship application",Tampa,Hillsborough,933770058,0,0,B01,Y,files-990PF;private-foundation:04;ntee-education:B01,,,,,,,,,
D,38,CASH DASHBOARD PLAN INC,CASH DASHBOARD PLAN INC,,"""CASH DASHBOARD PLAN INC"" Clearwater Beach FL scholarship application",Clearwater Beach,Pinellas,934304939,0,0,B60,Y,files-990PF;private-foundation:04;ntee-education:B60,,,,,,,,,
D,38,GOD RAISING INCREDIBLE PARENTS INC,GOD RAISING INCREDIBLE PARENTS INC,,"""GOD RAISING INCREDIBLE PARENTS INC"" Sarasota FL scholarship application",Sarasota,Sarasota,934415775,0,0,B90,Y,files-990PF;private-foundation:04;ntee-education:B90,,,,,,,,,
D,38,HULVERSON INC,HULVERSON INC,,"""HULVERSON INC"" St Petersburg FL scholarship application",St Petersburg,Pinellas,991202655,0,0,B12,Y,files-990PF;private-foundation:04;ntee-education:B12,,,,,,,,,
D,38,HELPALLVETS,HELPALLVETS,,"""HELPALLVETS"" Venice FL scholarship application",Venice,Sarasota,991603184,0,0,B12,Y,files-990PF;private-foundation:04;ntee-education:B12,,,,,,,,,
D,38,ANSE LAUREANO VIVE PARA VIVIR INC,ANSE LAUREANO VIVE PARA VIVIR INC,,"""ANSE LAUREANO VIVE PARA VIVIR INC"" Tampa FL scholarship application",Tampa,Hillsborough,991914747,0,0,B28,Y,files-990PF;private-foundation:04;ntee-education:B28,,,,,,,,,
D,38,TERRIFIC TEENS,TERRIFIC TEENS,,"""TERRIFIC TEENS"" Tampa FL scholarship application",Tampa,Hillsborough,992219824,0,0,B90,Y,files-990PF;private-foundation:04;ntee-education:B90,,,,,,,,,
D,35,FROM CRADLE TO COLLEGE FOUNDATION,FROM CRADLE TO COLLEGE FOUNDATION,,"""FROM CRADLE TO COLLEGE FOUNDATION"" Palmetto FL scholarship application",Palmetto,Manatee,815170404,194913,328000,T30,,ntee-grantmaker:T30;name:foundation;name:education,,,,,,,,,
D,35,ALEXANDER FAMILY PHILANTHROPIC EDUCATION FOUNDATION INC,ALEXANDER FAMILY PHILANTHROPIC EDUCATION FOUNDATION INC,,"""ALEXANDER FAMILY PHILANTHROPIC EDUCATION FOUNDATION INC"" Largo FL scholarship application",Largo,Pinellas,820937772,25886,25000,T22,,ntee-grantmaker:T22;name:foundation;name:education,,,,,,,,,
D,35,AUTO MOBILITY RESEARCH AND EDUCATION FOUNDATION INC,AUTO MOBILITY RESEARCH AND EDUCATION FOUNDATION INC,,"""AUTO MOBILITY RESEARCH AND EDUCATION FOUNDATION INC"" Tampa FL scholarship application",Tampa,Hillsborough,923597444,19959,199569,T30,,ntee-grantmaker:T30;name:foundation;name:education,,,,,,,,,
D,35,EL BASEBALL ACADEMY INC,EL BASEBALL ACADEMY INC,,"""EL BASEBALL ACADEMY INC"" Clearwater FL scholarship application",Clearwater,Pinellas,593658694,17407,0,O50,Y,files-990PF;private-foundation:04;name:education,,,,,,,,,
D,35,PEPIN ACADEMIES FOUNDATION INC,PEPIN ACADEMIES FOUNDATION INC,,"""PEPIN ACADEMIES FOUNDATION INC"" Lutz FL scholarship application",Lutz,Hillsborough,261710411,7346,56641,T30,,ntee-grantmaker:T30;name:foundation;name:education,,,,,,,,,
D,35,STUDENTS SERVING SENIORS TAMPA INC,STUDENTS SERVING SENIORS TAMPA INC,,"""STUDENTS SERVING SENIORS TAMPA INC"" Tampa FL scholarship application",Tampa,Hillsborough,335020520,0,0,P81,Y,files-990PF;private-foundation:04;name:education,,,,,,,,,
D,35,WHOLEHEARTED EDUCATION INC,WHOLEHEARTED EDUCATION INC,,"""WHOLEHEARTED EDUCATION INC"" Sarasota FL scholarship application",Sarasota,Sarasota,851620895,0,0,A90,Y,files-990PF;private-foundation:04;name:education,,,,,,,,,
D,30,GEHRAND FAMILY CHARITABLE TR,GEHRAND FAMILY CHARITABLE TR,,"""GEHRAND FAMILY CHARITABLE TR"" Safety Harbor FL scholarship application",Safety Harbor,Pinellas,836534769,922853,0,T50,Y,files-990PF;private-foundation:03,,,,,,,,,
D,30,VILLAGE GROUP PARTNERS INC,VILLAGE GROUP PARTNERS INC,,"""VILLAGE GROUP PARTNERS INC"" Bradenton FL scholarship application",Bradenton,Manatee,510425506,834569,0,L20,Y,files-990PF;private-foundation:04,,,,,,,,,
D,30,CHURCH BY THE SEA FOUNDATION INC,CHURCH BY THE SEA FOUNDATION INC,,"""CHURCH BY THE SEA FOUNDATION INC"" Seminole FL scholarship application",Seminole,Pinellas,593202072,819809,67366,T30J,,ntee-grantmaker:T30J;name:foundation,,,,,,,,,
D,30,CARL & CATHERINE GOERS CHARITABLE  TRUST FOR FILING 1041-A,CARL & CATHERINE GOERS CHARITABLE  TRUST FOR FILING 1041-A,,"""CARL & CATHERINE GOERS CHARITABLE  TRUST FOR FILING 1041-A"" Tampa FL scholarship application",Tampa,Hillsborough,900392374,786741,0,,Y,files-990PF;private-foundation:04,,,,,,,,,
D,30,HELEN HARPER BROWN FOUNDATION,HELEN HARPER BROWN FOUNDATION,,"""HELEN HARPER BROWN FOUNDATION"" Seminole FL scholarship application",Seminole,Pinellas,596972001,730068,53846,T20Z,,ntee-grantmaker:T20Z;name:foundation,,,,,,,,,
D,30,NEWTON IRRV TR FBO GULF COAST HERITAGE ASSOCIATION,NEWTON IRRV TR FBO GULF COAST HERITAGE ASSOCIATION,,"""NEWTON IRRV TR FBO GULF COAST HERITAGE ASSOCIATION"" Sarasota FL scholarship application",Sarasota,Sarasota,816269898,698831,0,A11,Y,files-990PF;private-foundation:04,,,,,,,,,
D,30,CHARITABLE LEGACY INC,CHARITABLE LEGACY INC,,"""CHARITABLE LEGACY INC"" Tampa FL scholarship application",Tampa,Hillsborough,331045278,667023,0,P20,Y,files-990PF;private-foundation:04,,,,,,,,,
D,30,MARGARET M WHITESIDE CHARITABE TR,MARGARET M WHITESIDE CHARITABE TR,,"""MARGARET M WHITESIDE CHARITABE TR"" Clearwater FL scholarship application",Clearwater,Pinellas,276403960,663642,0,N116,Y,files-990PF;private-foundation:04,,,,,,,,,
D,30,BETH DILLINGER FOUNDATION INCORPORATED,BETH DILLINGER FOUNDATION INCORPORATED,,"""BETH DILLINGER FOUNDATION INCORPORATED"" St Petersburg FL scholarship application",St Petersburg,Pinellas,261688132,663554,178608,T300,,ntee-grantmaker:T300;name:foundation,,,,,,,,,
D,30,TERESA TREAT STEARNS TRUST,TERESA TREAT STEARNS TRUST,,"""TERESA TREAT STEARNS TRUST"" Tampa FL scholarship application",Tampa,Hillsborough,426099826,615414,0,,Y,files-990PF;private-foundation:04,,,,,,,,,
D,30,OXMAN FAGL L & RONALD G CHARITABLE FUND TRUST,OXMAN FAGL L & RONALD G CHARITABLE FUND TRUST,,"""OXMAN FAGL L & RONALD G CHARITABLE FUND TRUST"" St Petersburg FL scholarship application",St Petersburg,Pinellas,596956061,608045,0,,Y,files-990PF;private-foundation:04,,,,,,,,,
D,30,PATH SHALA INC,PATH SHALA INC,,"""PATH SHALA INC"" Tampa FL scholarship application",Tampa,Hillsborough,593673374,584354,0,X70,Y,files-990PF;private-foundation:04,,,,,,,,,
D,30,MAKE A DIFFERENCE INC,MAKE A DIFFERENCE INC,,"""MAKE A DIFFERENCE INC"" Dade City FL scholarship application",Dade City,Pasco,260255197,577780,0,L12,Y,files-990PF;private-foundation:04,,,,,,,,,
D,30,THE LEE FAMILY FOUNDATION INC,THE LEE FAMILY FOUNDATION INC,,"""THE LEE FAMILY FOUNDATION INC"" Brandon FL scholarship application",Brandon,Hillsborough,020645251,556780,0,T20,,ntee-grantmaker:T20;name:foundation,,,,,,,,,
D,30,HERON CREEK COMMUNTIY FOUNDATION,HERON CREEK COMMUNTIY FOUNDATION,,"""HERON CREEK COMMUNTIY FOUNDATION"" North Port FL scholarship application",North Port,Sarasota,273027214,537712,137237,T31,,ntee-grantmaker:T31;name:foundation,,,,,,,,,
D,30,PARADISO CHARITABLE TR,PARADISO CHARITABLE TR,,"""PARADISO CHARITABLE TR"" St Petersburg FL scholarship application",St Petersburg,Pinellas,306616381,484415,0,T11,Y,files-990PF;private-foundation:04,,,,,,,,,
D,30,PAUL MCBETH FOUNDATION,PAUL MCBETH FOUNDATION,,"""PAUL MCBETH FOUNDATION"" Brandon FL scholarship application",Brandon,Hillsborough,854192566,481442,407025,T30,,ntee-grantmaker:T30;name:foundation,,,,,,,,,
D,30,RITA & HERBERT Z GOLD CHARITABLE TR,RITA & HERBERT Z GOLD CHARITABLE TR,,"""RITA & HERBERT Z GOLD CHARITABLE TR"" Dunedin FL scholarship application",Dunedin,Pinellas,116465852,473506,0,T70,Y,files-990PF;private-foundation:04,,,,,,,,,
D,30,LAXER FAMILY FOUNDATION INC,LAXER FAMILY FOUNDATION INC,,"""LAXER FAMILY FOUNDATION INC"" Tampa FL scholarship application",Tampa,Hillsborough,824253549,472482,992112,T30,,ntee-grantmaker:T30;name:foundation,,,,,,,,,
D,30,BETHEL COMMUNITY CHRISTIAN SCHOOLINC,BETHEL COMMUNITY CHRISTIAN SCHOOLINC,,"""BETHEL COMMUNITY CHRISTIAN SCHOOLINC"" St Petersburg FL scholarship application",St Petersburg,Pinellas,204496011,461644,0,A11,Y,files-990PF;private-foundation:04,,,,,,,,,
D,30,INSTITUTE FOR MOBILITY AND LONGEVITY,INSTITUTE FOR MOBILITY AND LONGEVITY,,"""INSTITUTE FOR MOBILITY AND LONGEVITY"" Tampa FL scholarship application",Tampa,Hillsborough,042981081,455896,0,H99Z,Y,files-990PF;private-foundation:04,,,,,,,,,
D,30,ROBERT A PATTERSON AND BARBARA M PATTERSON FAMILY MEMORIAL FDN,ROBERT A PATTERSON AND BARBARA M PATTERSON FAMILY MEMORIAL FDN,,"""ROBERT A PATTERSON AND BARBARA M PATTERSON FAMILY MEMORIAL FDN"" Tampa FL scholarship application",Tampa,Hillsborough,876199706,433970,0,,Y,files-990PF;private-foundation:04,,,,,,,,,
D,30,CANINE ESTATES INC,CANINE ESTATES INC,,"""CANINE ESTATES INC"" Safety Harbor FL scholarship application",Safety Harbor,Pinellas,383822291,428909,0,D20,Y,files-990PF;private-foundation:04,,,,,,,,,
D,30,RUTH FREJD CHARITABLE TR 12062004,RUTH FREJD CHARITABLE TR 12062004,,"""RUTH FREJD CHARITABLE TR 12062004"" St Petersburg FL scholarship application",St Petersburg,Pinellas,276597168,389267,0,Y19,Y,files-990PF;private-foundation:04,,,,,,,,,
D,30,RUNAWAYS ANIMAL RESCUE,RUNAWAYS ANIMAL RESCUE,,"""RUNAWAYS ANIMAL RESCUE"" Port Richey FL scholarship application",Port Richey,Pasco,844580695,385027,0,D99,Y,files-990PF;private-foundation:03,,,,,,,,,
D,30,POLONIA INC,POLONIA INC,,"""POLONIA INC"" St Petersburg FL scholarship application",St Petersburg,Pinellas,650342088,359911,0,P20,Y,files-990PF;private-foundation:04,,,,,,,,,
D,30,DRS KIRAN & PALLAVI PATEL FOUNDATION FOR GLOBAL,DRS KIRAN & PALLAVI PATEL FOUNDATION FOR GLOBAL,,"""DRS KIRAN & PALLAVI PATEL FOUNDATION FOR GLOBAL"" Tampa FL scholarship application",Tampa,Hillsborough,200020142,340702,4787,T30,,ntee-grantmaker:T30;name:foundation,,,,,,,,,
D,30,THE REFUGE OF CLEARWATER INC,THE REFUGE OF CLEARWATER INC,,"""THE REFUGE OF CLEARWATER INC"" Clearwater FL scholarship application",Clearwater,Pinellas,474786802,322138,0,X01,Y,files-990PF;private-foundation:04,,,,,,,,,
D,30,GTIA WORLD WIDE MISSION FDN INC,GTIA WORLD WIDE MISSION FDN INC,,"""GTIA WORLD WIDE MISSION FDN INC"" Wesley Chapel FL scholarship application",Wesley Chapel,Pasco,815448579,310825,0,X20,Y,files-990PF;private-foundation:04,,,,,,,,,
D,30,GRAMATICA FAMILY FOUNDATION INC,GRAMATICA FAMILY FOUNDATION INC,,"""GRAMATICA FAMILY FOUNDATION INC"" Tampa FL scholarship application",Tampa,Hillsborough,460809270,304898,45000,T30,,ntee-grantmaker:T30;name:foundation,,,,,,,,,
D,30,WECARE FAMILY CONNECTIONS INC,WECARE FAMILY CONNECTIONS INC,,"""WECARE FAMILY CONNECTIONS INC"" Tampa FL scholarship application",Tampa,Hillsborough,852894697,302194,0,P32,Y,files-990PF;private-foundation:04,,,,,,,,,
D,30,DORA L FOSTER TR AGREEMENT 06191987 AS AMENDED,DORA L FOSTER TR AGREEMENT 06191987 AS AMENDED,,"""DORA L FOSTER TR AGREEMENT 06191987 AS AMENDED"" Clearwater FL scholarship application",Clearwater,Pinellas,597256023,297938,0,T90,Y,files-990PF;private-foundation:04,,,,,,,,,
D,30,PSCU EMPLOYEE HARDSHIP FOUNDATION INC,PSCU EMPLOYEE HARDSHIP FOUNDATION INC,,"""PSCU EMPLOYEE HARDSHIP FOUNDATION INC"" St Petersburg FL scholarship application",St Petersburg,Pinellas,264300493,296799,132423,T21,,ntee-grantmaker:T21;name:foundation,,,,,,,,,
D,30,ANDOR AND JUDITH SZENTIVANYI CHARITABLE TR,ANDOR AND JUDITH SZENTIVANYI CHARITABLE TR,,"""ANDOR AND JUDITH SZENTIVANYI CHARITABLE TR"" Tampa FL scholarship application",Tampa,Hillsborough,886618241,292643,0,P20,Y,files-990PF;private-foundation:04,,,,,,,,,
D,30,13 UGLY MEN FOUNDATION INC,13 UGLY MEN FOUNDATION INC,,"""13 UGLY MEN FOUNDATION INC"" Tampa FL scholarship application",Tampa,Hillsborough,593605715,289773,715935,T20,,ntee-grantmaker:T20;name:foundation,,,,,,,,,
D,30,GHADAN FOUNDATION,GHADAN FOUNDATION,,"""GHADAN FOUNDATION"" Trinity FL scholarship application",Trinity,Pasco,332145448,284963,277303,T30,,ntee-grantmaker:T30;name:foundation,,,,,,,,,
D,30,BAY AREA CHAMBER FOUNDATION INC,BAY AREA CHAMBER FOUNDATION INC,,"""BAY AREA CHAMBER FOUNDATION INC"" St Petersburg FL scholarship application",St Petersburg,Pinellas,760848045,276135,185200,T30,,ntee-grantmaker:T30;name:foundation,,,,,,,,,
D,30,MORNING STAR TAMPA FOUNDATION INC,MORNING STAR TAMPA FOUNDATION INC,,"""MORNING STAR TAMPA FOUNDATION INC"" Tampa FL scholarship application",Tampa,Hillsborough,593363777,269084,68784,T30Z,,ntee-grantmaker:T30Z;name:foundation,,,,,,,,,
D,30,MY KIND ANGELS CORP,MY KIND ANGELS CORP,,"""MY KIND ANGELS CORP"" Plant City FL scholarship application",Plant City,Hillsborough,934014877,268087,0,P82,Y,files-990PF;private-foundation:04,,,,,,,,,
D,30,ST MARK VILLAGE FOUNDATION INC,ST MARK VILLAGE FOUNDATION INC,,"""ST MARK VILLAGE FOUNDATION INC"" Palm Harbor FL scholarship application",Palm Harbor,Pinellas,922097378,267198,56080,T30,,ntee-grantmaker:T30;name:foundation,,,,,,,,,
D,30,BUILDING BASKETS INC,BUILDING BASKETS INC,,"""BUILDING BASKETS INC"" Oldsmar FL scholarship application",Oldsmar,Pinellas,993007582,248628,0,X11,Y,files-990PF;private-foundation:03,,,,,,,,,
D,30,FIVE TALENT FUND,FIVE TALENT FUND,,"""FIVE TALENT FUND"" Bradenton FL scholarship application",Bradenton,Manatee,043166031,244908,0,,Y,files-990PF;private-foundation:04,,,,,,,,,
D,30,FIFTH C FOUNDATION INC,FIFTH C FOUNDATION INC,,"""FIFTH C FOUNDATION INC"" Clearwater FL scholarship application",Clearwater,Pinellas,843324880,243917,355328,T99,,ntee-grantmaker:T99;name:foundation,,,,,,,,,
D,30,SEMINOLE MASTERS INC,SEMINOLE MASTERS INC,,"""SEMINOLE MASTERS INC"" Tampa FL scholarship application",Tampa,Hillsborough,854282061,242474,0,N6A,Y,files-990PF;private-foundation:04,,,,,,,,,
D,30,SEVA NON PROFIT INC,SEVA NON PROFIT INC,,"""SEVA NON PROFIT INC"" St Petersburg FL scholarship application",St Petersburg,Pinellas,814745755,231514,0,X99,Y,files-990PF;private-foundation:04,,,,,,,,,
D,30,E J BICKLEY MEMORIAL TRUST,E J BICKLEY MEMORIAL TRUST,,"""E J BICKLEY MEMORIAL TRUST"" Seminole FL scholarship application",Seminole,Pinellas,596685618,229344,0,,Y,files-990PF;private-foundation:04,,,,,,,,,
D,30,NEW SPRINGS DEVELOPMENT CORPORATION,NEW SPRINGS DEVELOPMENT CORPORATION,,"""NEW SPRINGS DEVELOPMENT CORPORATION"" Tampa FL scholarship application",Tampa,Hillsborough,813798337,228658,0,L50,Y,files-990PF;private-foundation:04,,,,,,,,,
D,30,AFRITERRA INC,AFRITERRA INC,,"""AFRITERRA INC"" St Petersburg FL scholarship application",St Petersburg,Pinellas,593342285,224966,0,A50,Y,files-990PF;private-foundation:04,,,,,,,,,
D,30,MIKE EVANS FAMILY FOUNDATION INC,MIKE EVANS FAMILY FOUNDATION INC,,"""MIKE EVANS FAMILY FOUNDATION INC"" Tampa FL scholarship application",Tampa,Hillsborough,823418387,218093,434277,T30,,ntee-grantmaker:T30;name:foundation,,,,,,,,,
D,30,MY TRIBUTE GIFT FOUNDATION INC,MY TRIBUTE GIFT FOUNDATION INC,,"""MY TRIBUTE GIFT FOUNDATION INC"" Land O Lakes FL scholarship application",Land O Lakes,Pasco,460963475,213650,1090837,T12,,ntee-grantmaker:T12;name:foundation,,,,,,,,,
D,30,FLORIDA AQUARIUM FOUNDATION INC,FLORIDA AQUARIUM FOUNDATION INC,,"""FLORIDA AQUARIUM FOUNDATION INC"" Tampa FL scholarship application",Tampa,Hillsborough,593406946,208130,0,T20,,ntee-grantmaker:T20;name:foundation,,,,,,,,,
D,30,RASM REALTORS CHARITABLE FOUNDATION INC,RASM REALTORS CHARITABLE FOUNDATION INC,,"""RASM REALTORS CHARITABLE FOUNDATION INC"" Sarasota FL scholarship application",Sarasota,Sarasota,854232393,195249,311543,T12,,ntee-grantmaker:T12;name:foundation,,,,,,,,,
D,30,PINELLAS REALTOR FOUNDATION INC,PINELLAS REALTOR FOUNDATION INC,,"""PINELLAS REALTOR FOUNDATION INC"" Clearwater FL scholarship application",Clearwater,Pinellas,316638773,192798,236306,T30,,ntee-grantmaker:T30;name:foundation,,,,,,,,,
D,30,ST PETERSBURG SAILING CENTER INC,ST PETERSBURG SAILING CENTER INC,,"""ST PETERSBURG SAILING CENTER INC"" St Petersburg FL scholarship application",St Petersburg,Pinellas,934866180,183336,0,N67,Y,files-990PF;private-foundation:03,,,,,,,,,
D,30,LIEBERMAN JAY M & JOAN K CHARITABLE FUND,LIEBERMAN JAY M & JOAN K CHARITABLE FUND,,"""LIEBERMAN JAY M & JOAN K CHARITABLE FUND"" Longboat Key FL scholarship application",Longboat Key,Sarasota,391686098,177563,0,,Y,files-990PF;private-foundation:04,,,,,,,,,
D,30,CETERA INC,CETERA INC,,"""CETERA INC"" St Petersburg FL scholarship application",St Petersburg,Pinellas,824878828,175900,0,P01,Y,files-990PF;private-foundation:03,,,,,,,,,
D,30,HILLSBOROUGH COUNTY MEDICAL ASSOCIATION FOUNDATION INC,HILLSBOROUGH COUNTY MEDICAL ASSOCIATION FOUNDATION INC,,"""HILLSBOROUGH COUNTY MEDICAL ASSOCIATION FOUNDATION INC"" Tampa FL scholarship application",Tampa,Hillsborough,593470072,174505,68232,T20,,ntee-grantmaker:T20;name:foundation,,,,,,,,,
D,30,DENISE AMBER LEE FOUNDATION INC,DENISE AMBER LEE FOUNDATION INC,,"""DENISE AMBER LEE FOUNDATION INC"" Englewood FL scholarship application",Englewood,Sarasota,272372559,167379,1025289,T20,,ntee-grantmaker:T20;name:foundation,,,,,,,,,
D,30,WAYNNE WILLIAM JOHNSON CHARITABLE TR,WAYNNE WILLIAM JOHNSON CHARITABLE TR,,"""WAYNNE WILLIAM JOHNSON CHARITABLE TR"" Sarasota FL scholarship application",Sarasota,Sarasota,596848598,166453,0,,Y,files-990PF;private-foundation:04,,,,,,,,,
D,30,THE PALMETTO HISTORICAL COMMISSION INC,THE PALMETTO HISTORICAL COMMISSION INC,,"""THE PALMETTO HISTORICAL COMMISSION INC"" Palmetto FL scholarship application",Palmetto,Manatee,592345073,163212,0,A80,Y,files-990PF;private-foundation:03,,,,,,,,,
D,30,VERROCHI FAM CHARITABLE TR UDT 082193,VERROCHI FAM CHARITABLE TR UDT 082193,,"""VERROCHI FAM CHARITABLE TR UDT 082193"" Sarasota FL scholarship application",Sarasota,Sarasota,046740855,163211,0,,Y,files-990PF;private-foundation:04,,,,,,,,,
D,30,WORKFORCE DEVELOPMENT PARTNERS CORPORATION,WORKFORCE DEVELOPMENT PARTNERS CORPORATION,,"""WORKFORCE DEVELOPMENT PARTNERS CORPORATION"" Plant City FL scholarship application",Plant City,Hillsborough,831560696,159037,0,J20,Y,files-990PF;private-foundation:04,,,,,,,,,
D,30,PATER USA INC,PATER USA INC,,"""PATER USA INC"" Palm Harbor FL scholarship application",Palm Harbor,Pinellas,880714584,157679,0,X22,Y,files-990PF;private-foundation:03,,,,,,,,,
D,30,VACANT LOT FARMS INC,VACANT LOT FARMS INC,,"""VACANT LOT FARMS INC"" St Petersburg FL scholarship application",St Petersburg,Pinellas,843080136,150000,0,C30,Y,files-990PF;private-foundation:04,,,,,,,,,
D,30,GENESIS AMERICA INC,GENESIS AMERICA INC,,"""GENESIS AMERICA INC"" St Petersburg FL scholarship application",St Petersburg,Pinellas,300246732,148357,0,A126,Y,files-990PF;private-foundation:04,,,,,,,,,
D,30,JEWISH BENEVOLENT SOCIETY OF GREATER TAMPA INC,JEWISH BENEVOLENT SOCIETY OF GREATER TAMPA INC,,"""JEWISH BENEVOLENT SOCIETY OF GREATER TAMPA INC"" Tampa FL scholarship application",Tampa,Hillsborough,593015382,125379,0,P60,Y,files-990PF;private-foundation:04,,,,,,,,,
D,30,ERIN KAY FLATLEY MEMORIAL FOUNDATION,ERIN KAY FLATLEY MEMORIAL FOUNDATION,,"""ERIN KAY FLATLEY MEMORIAL FOUNDATION"" Palm Harbor FL scholarship application",Palm Harbor,Pinellas,466727459,100251,2000,T30,,ntee-grantmaker:T30;name:foundation,,,,,,,,,
D,30,GFWC NORTH PINELLAS WOMANS CLUB FOUNDATION INC,GFWC NORTH PINELLAS WOMANS CLUB FOUNDATION INC,,"""GFWC NORTH PINELLAS WOMANS CLUB FOUNDATION INC"" Clearwater FL scholarship application",Clearwater,Pinellas,204020105,97361,77387,T30,,ntee-grantmaker:T30;name:foundation,,,,,,,,,
D,30,LEE & BOB PETERSON FOUNDATION INC,LEE & BOB PETERSON FOUNDATION INC,,"""LEE & BOB PETERSON FOUNDATION INC"" Sarasota FL scholarship application",Sarasota,Sarasota,833723361,89266,0,T30,,ntee-grantmaker:T30;name:foundation,,,,,,,,,
D,30,GULF COAST SPORTS GROUP INCORPORATED,GULF COAST SPORTS GROUP INCORPORATED,,"""GULF COAST SPORTS GROUP INCORPORATED"" Sarasota FL scholarship application",Sarasota,Sarasota,863080810,84700,0,,Y,files-990PF;private-foundation:04,,,,,,,,,
D,30,BLS MINISTRIES CHARITABLE TR,BLS MINISTRIES CHARITABLE TR,,"""BLS MINISTRIES CHARITABLE TR"" Venice FL scholarship application",Venice,Sarasota,846465601,83084,0,X20,Y,files-990PF;private-foundation:04,,,,,,,,,
D,30,GLOBAL HELP MINISTRY INC,GLOBAL HELP MINISTRY INC,,"""GLOBAL HELP MINISTRY INC"" Palmetto FL scholarship application",Palmetto,Manatee,844063238,82687,0,X12,Y,files-990PF;private-foundation:04,,,,,,,,,
D,30,THE MANASOTA THEATRE ORGAN SOCIETY INC,THE MANASOTA THEATRE ORGAN SOCIETY INC,,"""THE MANASOTA THEATRE ORGAN SOCIETY INC"" Sarasota FL scholarship application",Sarasota,Sarasota,650297084,81596,0,,Y,files-990PF;private-foundation:04,,,,,,,,,
D,30,FAY-GENSTONE FOUNDATION INC,FAY-GENSTONE FOUNDATION INC,,"""FAY-GENSTONE FOUNDATION INC"" Tampa FL scholarship application",Tampa,Hillsborough,832028998,80152,127160,T99,,ntee-grantmaker:T99;name:foundation,,,,,,,,,
D,30,SPANISH EVANGELICAL PUBLISHERS ASSOCIATION SEPA INC,SPANISH EVANGELICAL PUBLISHERS ASSOCIATION SEPA INC,,"""SPANISH EVANGELICAL PUBLISHERS ASSOCIATION SEPA INC"" Clearwater FL scholarship application",Clearwater,Pinellas,273328335,78724,0,X20,Y,files-990PF;private-foundation:03,,,,,,,,,
D,30,ARONSON FAMILY TRUST,ARONSON FAMILY TRUST,,"""ARONSON FAMILY TRUST"" Sarasota FL scholarship application",Sarasota,Sarasota,046048445,72865,0,,Y,files-990PF;private-foundation:04,,,,,,,,,
D,30,NATIONAL TAX RESEARCH COMMITTEE,NATIONAL TAX RESEARCH COMMITTEE,,"""NATIONAL TAX RESEARCH COMMITTEE"" Clearwater FL scholarship application",Clearwater,Pinellas,760052457,71391,0,W22,Y,files-990PF;private-foundation:04,,,,,,,,,
D,30,COMMUNITY EFX INC,COMMUNITY EFX INC,,"""COMMUNITY EFX INC"" Tampa FL scholarship application",Tampa,Hillsborough,320275750,67617,0,O50,Y,files-990PF;private-foundation:04,,,,,,,,,
D,30,LITTLE LEAGUE BASEBALL INC,LITTLE LEAGUE BASEBALL INC,,"""LITTLE LEAGUE BASEBALL INC"" Safety Harbor FL scholarship application",Safety Harbor,Pinellas,593048243,58047,0,N63,Y,files-990PF;private-foundation:04,,,,,,,,,
D,30,I9 SPORTS ASSOCIATION INC,I9 SPORTS ASSOCIATION INC,,"""I9 SPORTS ASSOCIATION INC"" Riverview FL scholarship application",Riverview,Hillsborough,203150304,55435,0,N12,Y,files-990PF;private-foundation:04,,,,,,,,,
D,30,MIGUEL AGUILA MEMORIAL GOLF TOURNAMENT INC,MIGUEL AGUILA MEMORIAL GOLF TOURNAMENT INC,,"""MIGUEL AGUILA MEMORIAL GOLF TOURNAMENT INC"" Riverview FL scholarship application",Riverview,Hillsborough,854026109,50399,0,E12,Y,files-990PF;private-foundation:04,,,,,,,,,
D,30,CAMBODIAN CHRISTIAN FELLOWSHIP INC,CAMBODIAN CHRISTIAN FELLOWSHIP INC,,"""CAMBODIAN CHRISTIAN FELLOWSHIP INC"" St Petersburg FL scholarship application",St Petersburg,Pinellas,833618219,49784,0,X20,Y,files-990PF;private-foundation:04,,,,,,,,,
D,30,SCOTTISH RITE VALLEY OF TAMPA CHARITABLE FOUNDATION INC,SCOTTISH RITE VALLEY OF TAMPA CHARITABLE FOUNDATION INC,,"""SCOTTISH RITE VALLEY OF TAMPA CHARITABLE FOUNDATION INC"" Tampa FL scholarship application",Tampa,Hillsborough,815150434,49281,3705,T30,,ntee-grantmaker:T30;name:foundation,,,,,,,,,
D,30,DEREK TEELE FOUNDATION INC,DEREK TEELE FOUNDATION INC,,"""DEREK TEELE FOUNDATION INC"" Palm Harbor FL scholarship application",Palm Harbor,Pinellas,900462618,48172,64843,T31,,ntee-grantmaker:T31;name:foundation,,,,,,,,,
D,30,CENTER FOR TRANSPERSONAL PSYCHIATRY,CENTER FOR TRANSPERSONAL PSYCHIATRY,,"""CENTER FOR TRANSPERSONAL PSYCHIATRY"" Sarasota FL scholarship application",Sarasota,Sarasota,850580517,47441,0,E32,Y,files-990PF;private-foundation:04,,,,,,,,,
D,30,LA CASA CUBA DE TAMPA INC,LA CASA CUBA DE TAMPA INC,,"""LA CASA CUBA DE TAMPA INC"" Tampa FL scholarship application",Tampa,Hillsborough,593186242,46767,0,P20,Y,files-990PF;private-foundation:04,,,,,,,,,
D,30,REMEMBERING LITVAKS INC,REMEMBERING LITVAKS INC,,"""REMEMBERING LITVAKS INC"" St Petersburg FL scholarship application",St Petersburg,Pinellas,455311983,44252,0,A23,Y,files-990PF;private-foundation:03,,,,,,,,,
D,30,HOPE FOR THE CHILDREN FOUNDATIONINC,HOPE FOR THE CHILDREN FOUNDATIONINC,,"""HOPE FOR THE CHILDREN FOUNDATIONINC"" Dade City FL scholarship application",Dade City,Pasco,260255233,42536,0,L12,Y,files-990PF;private-foundation:04,,,,,,,,,
D,30,TINY HANDS FOUNDATION INC,TINY HANDS FOUNDATION INC,,"""TINY HANDS FOUNDATION INC"" Nokomis FL scholarship application",Nokomis,Sarasota,203530145,42042,16827,T30,,ntee-grantmaker:T30;name:foundation,,,,,,,,,
D,30,RIVERVIEW ICE SHARKS,RIVERVIEW ICE SHARKS,,"""RIVERVIEW ICE SHARKS"" Riverview FL scholarship application",Riverview,Hillsborough,853485873,40578,0,N68,Y,files-990PF;private-foundation:04,,,,,,,,,
D,30,WEST COAST CONFERENCE WMS,WEST COAST CONFERENCE WMS,,"""WEST COAST CONFERENCE WMS"" Sarasota FL scholarship application",Sarasota,Sarasota,872658045,35556,0,X21,Y,files-990PF;private-foundation:04,,,,,,,,,
D,30,PIECEMAKERS QUILT GUILD OF BRANDON,PIECEMAKERS QUILT GUILD OF BRANDON,,"""PIECEMAKERS QUILT GUILD OF BRANDON"" Brandon FL scholarship application",Brandon,Hillsborough,593035215,34981,0,A99,Y,files-990PF;private-foundation:04,,,,,,,,,
D,30,IT WORKS GIVES BACK FOUNDATION INC,IT WORKS GIVES BACK FOUNDATION INC,,"""IT WORKS GIVES BACK FOUNDATION INC"" Palmetto FL scholarship application",Palmetto,Manatee,464384553,34808,41400,T12,,ntee-grantmaker:T12;name:foundation,,,,,,,,,
D,30,BEATS FOR BUB,BEATS FOR BUB,,"""BEATS FOR BUB"" Parrish FL scholarship application",Parrish,Manatee,872342376,34598,0,E60,Y,files-990PF;private-foundation:03,,,,,,,,,
D,30,HEART STRINGS FOR HEROES CORP,HEART STRINGS FOR HEROES CORP,,"""HEART STRINGS FOR HEROES CORP"" Largo FL scholarship application",Largo,Pinellas,364739294,31352,0,A99,Y,files-990PF;private-foundation:04,,,,,,,,,
D,30,WOMENADE OF TAMPA,WOMENADE OF TAMPA,,"""WOMENADE OF TAMPA"" Tampa FL scholarship application",Tampa,Hillsborough,473675747,30565,0,P60,Y,files-990PF;private-foundation:03,,,,,,,,,
D,30,D-ONE SPORTS YOUTH EMPOWERMENT GROUP,D-ONE SPORTS YOUTH EMPOWERMENT GROUP,,"""D-ONE SPORTS YOUTH EMPOWERMENT GROUP"" Ruskin FL scholarship application",Ruskin,Hillsborough,920775224,28000,0,O50,Y,files-990PF;private-foundation:04,,,,,,,,,
D,30,STEVIE LADUE FIREFIGHTERS FOUNDATION INC,STEVIE LADUE FIREFIGHTERS FOUNDATION INC,,"""STEVIE LADUE FIREFIGHTERS FOUNDATION INC"" Lutz FL scholarship application",Lutz,Hillsborough,824483118,26809,96,T30,,ntee-grantmaker:T30;name:foundation,,,,,,,,,
D,30,CLEARWATER CHAPTER OF THE MILITARY OFFICERS ASSOCIATION OF AMERICA,CLEARWATER CHAPTER OF THE MILITARY OFFICERS ASSOCIATION OF AMERICA,,"""CLEARWATER CHAPTER OF THE MILITARY OFFICERS ASSOCIATION OF AMERICA"" Palm Harbor FL scholarship application",Palm Harbor,Pinellas,352691533,26615,0,W30,Y,files-990PF;private-foundation:04,,,,,,,,,
D,30,ANTHONY GAGLIARDI MEMORIAL FOUNDATION INC,ANTHONY GAGLIARDI MEMORIAL FOUNDATION INC,,"""ANTHONY GAGLIARDI MEMORIAL FOUNDATION INC"" Clearwater FL scholarship application",Clearwater,Pinellas,812231120,26163,14231,T12,,ntee-grantmaker:T12;name:foundation,,,,,,,,,
D,30,OUR PLACE COMMUNITY RECREATION AND TRAINING SUPPORTS SERVICES INC,OUR PLACE COMMUNITY RECREATION AND TRAINING SUPPORTS SERVICES INC,,"""OUR PLACE COMMUNITY RECREATION AND TRAINING SUPPORTS SERVICES INC"" North Port FL scholarship application",North Port,Sarasota,463991832,25489,0,P82,Y,files-990PF;private-foundation:04,,,,,,,,,
D,30,PROJECT PHOENIX INCORPORATED,PROJECT PHOENIX INCORPORATED,,"""PROJECT PHOENIX INCORPORATED"" Englewood FL scholarship application",Englewood,Sarasota,461410308,25011,0,Z99,Y,files-990PF;private-foundation:03,,,,,,,,,
D,30,MINORITY BUSINESS ASSOCIATION INC,MINORITY BUSINESS ASSOCIATION INC,,"""MINORITY BUSINESS ASSOCIATION INC"" Tampa FL scholarship application",Tampa,Hillsborough,833455693,25000,0,R20,Y,files-990PF;private-foundation:03,,,,,,,,,
D,30,NEW AND BRIGHTER BEGINNING INC,NEW AND BRIGHTER BEGINNING INC,,"""NEW AND BRIGHTER BEGINNING INC"" Lutz FL scholarship application",Lutz,Hillsborough,882441100,24479,0,P20,Y,files-990PF;private-foundation:03,,,,,,,,,
D,30,TAMPA WOMEN STARS,TAMPA WOMEN STARS,,"""TAMPA WOMEN STARS"" Tampa FL scholarship application",Tampa,Hillsborough,824182432,24064,0,S81,Y,files-990PF;private-foundation:04,,,,,,,,,
D,30,CULTURAL CRETE USA INC,CULTURAL CRETE USA INC,,"""CULTURAL CRETE USA INC"" Dunedin FL scholarship application",Dunedin,Pinellas,352403890,23193,0,A23,Y,files-990PF;private-foundation:04,,,,,,,,,
D,30,CODY BYRNS MINISTRIES INC,CODY BYRNS MINISTRIES INC,,"""CODY BYRNS MINISTRIES INC"" Brandon FL scholarship application",Brandon,Hillsborough,812550208,22278,0,X90,Y,files-990PF;private-foundation:03,,,,,,,,,
D,30,ZETA PHI FOUNDATION INC,ZETA PHI FOUNDATION INC,,"""ZETA PHI FOUNDATION INC"" Bradenton FL scholarship application",Bradenton,Manatee,814354743,21727,3870,T12,,ntee-grantmaker:T12;name:foundation,,,,,,,,,
D,30,RIVERS OF PROVISION,RIVERS OF PROVISION,,"""RIVERS OF PROVISION"" Seffner FL scholarship application",Seffner,Hillsborough,473168066,21600,0,X20,Y,files-990PF;private-foundation:04,,,,,,,,,
D,30,TAMPA BAY LATIN-AMERICAN MEDICAL SOCIETY INC,TAMPA BAY LATIN-AMERICAN MEDICAL SOCIETY INC,,"""TAMPA BAY LATIN-AMERICAN MEDICAL SOCIETY INC"" Tampa FL scholarship application",Tampa,Hillsborough,592270261,21067,0,A23,Y,files-990PF;private-foundation:03,,,,,,,,,
D,30,SUNCOAST SCOTS INC,SUNCOAST SCOTS INC,,"""SUNCOAST SCOTS INC"" Nokomis FL scholarship application",Nokomis,Sarasota,922461179,19795,0,N52,Y,files-990PF;private-foundation:04,,,,,,,,,
D,30,AMERICAN FRIENDS OF THE FATHER BASH FOUNDATION INC,AMERICAN FRIENDS OF THE FATHER BASH FOUNDATION INC,,"""AMERICAN FRIENDS OF THE FATHER BASH FOUNDATION INC"" Spring Hill FL scholarship application",Spring Hill,Pasco,813728884,19316,268142,T31,,ntee-grantmaker:T31;name:foundation,,,,,,,,,
D,30,PORT RICHEY VOLUNTEER FIREFIGHTERS INC,PORT RICHEY VOLUNTEER FIREFIGHTERS INC,,"""PORT RICHEY VOLUNTEER FIREFIGHTERS INC"" Port Richey FL scholarship application",Port Richey,Pasco,593084995,18602,0,M24,Y,files-990PF;private-foundation:04,,,,,,,,,
D,30,NORTH PORT SENIOR CENTER INC,NORTH PORT SENIOR CENTER INC,,"""NORTH PORT SENIOR CENTER INC"" North Port FL scholarship application",North Port,Sarasota,591934386,18305,0,P20,Y,files-990PF;private-foundation:03,,,,,,,,,
D,30,FRIENDS OF SLEEPY LAGOON INC,FRIENDS OF SLEEPY LAGOON INC,,"""FRIENDS OF SLEEPY LAGOON INC"" Holiday FL scholarship application",Holiday,Pasco,825185462,16660,0,C12,Y,files-990PF;private-foundation:04,,,,,,,,,
D,30,MINORITY BUSINESS ALLIANCE INC,MINORITY BUSINESS ALLIANCE INC,,"""MINORITY BUSINESS ALLIANCE INC"" Tampa FL scholarship application",Tampa,Hillsborough,834168090,15791,0,R22,Y,files-990PF;private-foundation:04,,,,,,,,,
D,30,PALM AIRE WOMEN S CLUB INC,PALM AIRE WOMEN S CLUB INC,,"""PALM AIRE WOMEN S CLUB INC"" Bradenton FL scholarship application",Bradenton,Manatee,463784363,15431,0,W12,Y,files-990PF;private-foundation:04,,,,,,,,,
D,30,VICTORY FOR VENEZUELA INC,VICTORY FOR VENEZUELA INC,,"""VICTORY FOR VENEZUELA INC"" St Petersburg FL scholarship application",St Petersburg,Pinellas,830987368,15324,0,X19,Y,files-990PF;private-foundation:04,,,,,,,,,
D,30,FANDANGO SANCTUARY INC,FANDANGO SANCTUARY INC,,"""FANDANGO SANCTUARY INC"" Englewood FL scholarship application",Englewood,Sarasota,843425595,15177,0,D20,Y,files-990PF;private-foundation:03,,,,,,,,,
D,30,SAVE OUR BAY,SAVE OUR BAY,,"""SAVE OUR BAY"" Tampa FL scholarship application",Tampa,Hillsborough,923076351,15039,0,C30,Y,files-990PF;private-foundation:04,,,,,,,,,
D,30,DYNAMITE CARES INC,DYNAMITE CARES INC,,"""DYNAMITE CARES INC"" Odessa FL scholarship application",Odessa,Hillsborough,871630775,14837,0,N11,Y,files-990PF;private-foundation:04,,,,,,,,,
D,30,NICKELS FOR NIPPLES,NICKELS FOR NIPPLES,,"""NICKELS FOR NIPPLES"" Spring Hill FL scholarship application",Spring Hill,Pasco,852941343,14191,0,P99,Y,files-990PF;private-foundation:04,,,,,,,,,
D,30,SHELTERING THE UNSHELTERED CORP,SHELTERING THE UNSHELTERED CORP,,"""SHELTERING THE UNSHELTERED CORP"" Tampa FL scholarship application",Tampa,Hillsborough,932762924,12351,0,T50,Y,files-990PF;private-foundation:04,,,,,,,,,
D,30,USA4RSA INC,USA4RSA INC,,"""USA4RSA INC"" Clearwater FL scholarship application",Clearwater,Pinellas,813553164,11992,0,,Y,files-990PF;private-foundation:04,,,,,,,,,
D,30,SUPPORT 4 CHILDREN FLORIDA INC,SUPPORT 4 CHILDREN FLORIDA INC,,"""SUPPORT 4 CHILDREN FLORIDA INC"" Tampa FL scholarship application",Tampa,Hillsborough,820688008,11783,0,E12,Y,files-990PF;private-foundation:03,,,,,,,,,
D,30,COVID COMPLIANT CORPORATION,COVID COMPLIANT CORPORATION,,"""COVID COMPLIANT CORPORATION"" Tampa FL scholarship application",Tampa,Hillsborough,850873509,11500,0,G01,Y,files-990PF;private-foundation:04,,,,,,,,,
D,30,CREATIVE KIDS SRQ,CREATIVE KIDS SRQ,,"""CREATIVE KIDS SRQ"" Sarasota FL scholarship application",Sarasota,Sarasota,991189217,11311,0,A25,Y,files-990PF;private-foundation:04,,,,,,,,,
D,30,JUST 4 KIDS FOUNDATION INC,JUST 4 KIDS FOUNDATION INC,,"""JUST 4 KIDS FOUNDATION INC"" Parrish FL scholarship application",Parrish,Manatee,223198097,10472,0,T30Z,,ntee-grantmaker:T30Z;name:foundation,,,,,,,,,
D,30,NEHEMIAH INSTITUTE INC,NEHEMIAH INSTITUTE INC,,"""NEHEMIAH INSTITUTE INC"" Sarasota FL scholarship application",Sarasota,Sarasota,611093858,10248,0,X01,Y,files-990PF;private-foundation:04,,,,,,,,,
D,30,MANATEE WILDCATS YOUTH SPORTS INC,MANATEE WILDCATS YOUTH SPORTS INC,,"""MANATEE WILDCATS YOUTH SPORTS INC"" Bradenton FL scholarship application",Bradenton,Manatee,873117135,9926,0,N60,Y,files-990PF;private-foundation:04,,,,,,,,,
D,30,RIDE THE BEACHES INC,RIDE THE BEACHES INC,,"""RIDE THE BEACHES INC"" Nokomis FL scholarship application",Nokomis,Sarasota,455076119,9439,0,W19,Y,files-990PF;private-foundation:04,,,,,,,,,
D,30,PINELLAS COUNTY TRIAL LAWYERS ASSOCIATION INC,PINELLAS COUNTY TRIAL LAWYERS ASSOCIATION INC,,"""PINELLAS COUNTY TRIAL LAWYERS ASSOCIATION INC"" Largo FL scholarship application",Largo,Pinellas,833789441,8784,0,I03,Y,files-990PF;private-foundation:04,,,,,,,,,
D,30,UNLEASHING UNTAPPED TALENTS CORP,UNLEASHING UNTAPPED TALENTS CORP,,"""UNLEASHING UNTAPPED TALENTS CORP"" Tampa FL scholarship application",Tampa,Hillsborough,991459262,8410,0,N70,Y,files-990PF;private-foundation:03,,,,,,,,,
D,30,NICKYS ANGELS INC,NICKYS ANGELS INC,,"""NICKYS ANGELS INC"" Odessa FL scholarship application",Odessa,Hillsborough,812868749,8319,0,D40,Y,files-990PF;private-foundation:04,,,,,,,,,
D,30,ZOES ANIMALS HAVE SOUL INC,ZOES ANIMALS HAVE SOUL INC,,"""ZOES ANIMALS HAVE SOUL INC"" Tampa FL scholarship application",Tampa,Hillsborough,933457319,8139,0,D20,Y,files-990PF;private-foundation:04,,,,,,,,,
D,30,ORIGINAL DOGS CORP,ORIGINAL DOGS CORP,,"""ORIGINAL DOGS CORP"" Nokomis FL scholarship application",Nokomis,Sarasota,934090824,8004,0,W99,Y,files-990PF;private-foundation:04,,,,,,,,,
D,30,TURNING WITH A VISION CORP,TURNING WITH A VISION CORP,,"""TURNING WITH A VISION CORP"" Bradenton FL scholarship application",Bradenton,Manatee,834390156,7673,0,G41,Y,files-990PF;private-foundation:03,,,,,,,,,
D,30,SANBURN MINISTRIES,SANBURN MINISTRIES,,"""SANBURN MINISTRIES"" Plant City FL scholarship application",Plant City,Hillsborough,851142203,7350,0,X20,Y,files-990PF;private-foundation:04,,,,,,,,,
D,30,BENEFIEL GLOBAL MINISTRIES,BENEFIEL GLOBAL MINISTRIES,,"""BENEFIEL GLOBAL MINISTRIES"" Largo FL scholarship application",Largo,Pinellas,844920761,7042,0,X11,Y,files-990PF;private-foundation:04,,,,,,,,,
D,30,PINELLAS ASSOCIATION OF CRIMINAL DEFENSE LAWYERS,PINELLAS ASSOCIATION OF CRIMINAL DEFENSE LAWYERS,,"""PINELLAS ASSOCIATION OF CRIMINAL DEFENSE LAWYERS"" Clearwater FL scholarship application",Clearwater,Pinellas,843973057,6876,0,I03,Y,files-990PF;private-foundation:04,,,,,,,,,
D,30,INSPIRING WOMEN OF PINELLAS INC,INSPIRING WOMEN OF PINELLAS INC,,"""INSPIRING WOMEN OF PINELLAS INC"" Palm Harbor FL scholarship application",Palm Harbor,Pinellas,862859778,6776,0,T50,Y,files-990PF;private-foundation:04,,,,,,,,,
D,30,MERFOLK MEDIA ALLIANCE INC,MERFOLK MEDIA ALLIANCE INC,,"""MERFOLK MEDIA ALLIANCE INC"" St Petersburg FL scholarship application",St Petersburg,Pinellas,883001442,6674,0,A20,Y,files-990PF;private-foundation:04,,,,,,,,,
D,30,RAYS THE MARK FOUNDATION INC,RAYS THE MARK FOUNDATION INC,,"""RAYS THE MARK FOUNDATION INC"" Spring Hill FL scholarship application",Spring Hill,Pasco,874063157,6422,25602,T12,,ntee-grantmaker:T12;name:foundation,,,,,,,,,
D,30,FOR FINLEY,FOR FINLEY,,"""FOR FINLEY"" Tampa FL scholarship application",Tampa,Hillsborough,883596079,6269,0,X12,Y,files-990PF;private-foundation:04,,,,,,,,,
D,30,BROADWAY ARTS THERAPY LLC,BROADWAY ARTS THERAPY LLC,,"""BROADWAY ARTS THERAPY LLC"" St Petersburg FL scholarship application",St Petersburg,Pinellas,932917275,6122,0,A6E,Y,files-990PF;private-foundation:04,,,,,,,,,
D,30,ONE MERE BRANCH INC,ONE MERE BRANCH INC,,"""ONE MERE BRANCH INC"" Seminole FL scholarship application",Seminole,Pinellas,933238252,5801,0,P50,Y,files-990PF;private-foundation:04,,,,,,,,,
D,30,SEED OF OPPORTUNITY AND SUCCESS INCORPORATED,SEED OF OPPORTUNITY AND SUCCESS INCORPORATED,,"""SEED OF OPPORTUNITY AND SUCCESS INCORPORATED"" Wimauma FL scholarship application",Wimauma,Hillsborough,850663709,5515,0,P20,Y,files-990PF;private-foundation:04,,,,,,,,,
D,30,VOC MANATEE INC,VOC MANATEE INC,,"""VOC MANATEE INC"" Bradenton FL scholarship application",Bradenton,Manatee,932166720,5065,0,,Y,files-990PF;private-foundation:04,,,,,,,,,
D,30,TFANA INC,TFANA INC,,"""TFANA INC"" Tampa FL scholarship application",Tampa,Hillsborough,991320533,4930,0,F20,Y,files-990PF;private-foundation:04,,,,,,,,,
D,30,MALONE FAMILY FOUNDATION INC,MALONE FAMILY FOUNDATION INC,,"""MALONE FAMILY FOUNDATION INC"" Tampa FL scholarship application",Tampa,Hillsborough,612125290,4900,19601,T22,,ntee-grantmaker:T22;name:foundation,,,,,,,,,
D,30,SKIPBO MUSIC FESTIVAL,SKIPBO MUSIC FESTIVAL,,"""SKIPBO MUSIC FESTIVAL"" Tampa FL scholarship application",Tampa,Hillsborough,862019380,4515,0,A68,Y,files-990PF;private-foundation:04,,,,,,,,,
D,30,MEN OF YESTERDAY TODAY AND THE FUTURE,MEN OF YESTERDAY TODAY AND THE FUTURE,,"""MEN OF YESTERDAY TODAY AND THE FUTURE"" St Petersburg FL scholarship application",St Petersburg,Pinellas,812817346,4386,0,S20,Y,files-990PF;private-foundation:04,,,,,,,,,
D,30,TEAM SPEIGHTS 2027 INC,TEAM SPEIGHTS 2027 INC,,"""TEAM SPEIGHTS 2027 INC"" St Petersburg FL scholarship application",St Petersburg,Pinellas,923559370,3788,0,N11,Y,files-990PF;private-foundation:04,,,,,,,,,
D,30,TAMCO FOUNDATION INC,TAMCO FOUNDATION INC,,"""TAMCO FOUNDATION INC"" Tampa FL scholarship application",Tampa,Hillsborough,261130612,3780,15000,T30,,ntee-grantmaker:T30;name:foundation,,,,,,,,,
D,30,FEMTO RESEARCH INC,FEMTO RESEARCH INC,,"""FEMTO RESEARCH INC"" Sarasota FL scholarship application",Sarasota,Sarasota,824568899,3723,0,U40,Y,files-990PF;private-foundation:03,,,,,,,,,
D,30,COMPASS OF HUMANITY INC,COMPASS OF HUMANITY INC,,"""COMPASS OF HUMANITY INC"" Palm Harbor FL scholarship application",Palm Harbor,Pinellas,884062844,3647,0,X12,Y,files-990PF;private-foundation:04,,,,,,,,,
D,30,FIRST RESPONDERS FOR DEMOCRACY,FIRST RESPONDERS FOR DEMOCRACY,,"""FIRST RESPONDERS FOR DEMOCRACY"" Bradenton FL scholarship application",Bradenton,Manatee,922218436,3512,0,R05,Y,files-990PF;private-foundation:04,,,,,,,,,
D,30,HIVE INCLUSIVE COMMUNITY INC,HIVE INCLUSIVE COMMUNITY INC,,"""HIVE INCLUSIVE COMMUNITY INC"" Valrico FL scholarship application",Valrico,Hillsborough,873767306,3315,0,,Y,files-990PF;private-foundation:04,,,,,,,,,
D,30,BROADER THAN BROADWAY INC,BROADER THAN BROADWAY INC,,"""BROADER THAN BROADWAY INC"" Tampa FL scholarship application",Tampa,Hillsborough,992170116,3132,0,A12,Y,files-990PF;private-foundation:03,,,,,,,,,
D,30,WINNING AT HOME TAMPA BAY INC,WINNING AT HOME TAMPA BAY INC,,"""WINNING AT HOME TAMPA BAY INC"" St Petersburg FL scholarship application",St Petersburg,Pinellas,922623493,2655,0,P11,Y,files-990PF;private-foundation:04,,,,,,,,,
D,30,DINGERS FOR DIANN INC,DINGERS FOR DIANN INC,,"""DINGERS FOR DIANN INC"" Wimauma FL scholarship application",Wimauma,Hillsborough,873592178,2565,0,G12,Y,files-990PF;private-foundation:04,,,,,,,,,
D,30,GLORIOUS GOSPEL MINISTRIES,GLORIOUS GOSPEL MINISTRIES,,"""GLORIOUS GOSPEL MINISTRIES"" Ellenton FL scholarship application",Ellenton,Manatee,333371634,2307,0,X20,Y,files-990PF;private-foundation:04,,,,,,,,,
D,30,TB AFFORDABLE HOUSING INC,TB AFFORDABLE HOUSING INC,,"""TB AFFORDABLE HOUSING INC"" Tampa FL scholarship application",Tampa,Hillsborough,822148522,2138,0,L20,Y,files-990PF;private-foundation:03,,,,,,,,,
D,30,LIFELINE COUNSELING INC,LIFELINE COUNSELING INC,,"""LIFELINE COUNSELING INC"" Largo FL scholarship application",Largo,Pinellas,853523709,2085,0,F60,Y,files-990PF;private-foundation:04,,,,,,,,,
D,30,LEAH AND LIV REHAB ADDICTS INC,LEAH AND LIV REHAB ADDICTS INC,,"""LEAH AND LIV REHAB ADDICTS INC"" Clearwater FL scholarship application",Clearwater,Pinellas,920310516,2039,0,P12,Y,files-990PF;private-foundation:04,,,,,,,,,
D,30,ST PETERSBURG PELICANS YOUTH FOOTBALL CORPORATION,ST PETERSBURG PELICANS YOUTH FOOTBALL CORPORATION,,"""ST PETERSBURG PELICANS YOUTH FOOTBALL CORPORATION"" St Petersburg FL scholarship application",St Petersburg,Pinellas,923636053,1960,0,N65,Y,files-990PF;private-foundation:04,,,,,,,,,
D,30,100 COMMUNITY DEVELOPMENT CENTER,100 COMMUNITY DEVELOPMENT CENTER,,"""100 COMMUNITY DEVELOPMENT CENTER"" North Port FL scholarship application",North Port,Sarasota,992508513,1949,0,P20,Y,files-990PF;private-foundation:04,,,,,,,,,
D,30,TAMPA BAY TECHIES,TAMPA BAY TECHIES,,"""TAMPA BAY TECHIES"" Tampa FL scholarship application",Tampa,Hillsborough,923796104,1837,0,U40,Y,files-990PF;private-foundation:04,,,,,,,,,
D,30,LOCALLY GROWN INC,LOCALLY GROWN INC,,"""LOCALLY GROWN INC"" Tampa FL scholarship application",Tampa,Hillsborough,873864176,1749,0,K20,Y,files-990PF;private-foundation:04,,,,,,,,,
D,30,SENIORS ONE WISH INC,SENIORS ONE WISH INC,,"""SENIORS ONE WISH INC"" Holiday FL scholarship application",Holiday,Pasco,462596870,1677,0,P75,Y,files-990PF;private-foundation:03,,,,,,,,,
D,30,SHAMBOOGIE,SHAMBOOGIE,,"""SHAMBOOGIE"" Wesley Chapel FL scholarship application",Wesley Chapel,Pasco,873955903,1549,0,N63,Y,files-990PF;private-foundation:04,,,,,,,,,
D,30,UMWIZERO INC,UMWIZERO INC,,"""UMWIZERO INC"" St Petersburg FL scholarship application",St Petersburg,Pinellas,831977883,1468,0,P20,Y,files-990PF;private-foundation:04,,,,,,,,,
D,30,UEG PRODUCTIONS INC,UEG PRODUCTIONS INC,,"""UEG PRODUCTIONS INC"" Tampa FL scholarship application",Tampa,Hillsborough,932563130,1411,0,A68,Y,files-990PF;private-foundation:04,,,,,,,,,
D,30,BRINGING INTIMACY BACK INC,BRINGING INTIMACY BACK INC,,"""BRINGING INTIMACY BACK INC"" Sarasota FL scholarship application",Sarasota,Sarasota,871519859,1372,0,F11,Y,files-990PF;private-foundation:04,,,,,,,,,
D,30,BEYOND BRAVENLY GLOBAL INC,BEYOND BRAVENLY GLOBAL INC,,"""BEYOND BRAVENLY GLOBAL INC"" Seminole FL scholarship application",Seminole,Pinellas,861825161,1247,0,P12,Y,files-990PF;private-foundation:04,,,,,,,,,
D,30,HIS CHILDREN OF THE LIGHT MINISTRIES INC,HIS CHILDREN OF THE LIGHT MINISTRIES INC,,"""HIS CHILDREN OF THE LIGHT MINISTRIES INC"" Bradenton FL scholarship application",Bradenton,Manatee,611913004,1178,0,M20,Y,files-990PF;private-foundation:04,,,,,,,,,
D,30,CHS DRIVES INC,CHS DRIVES INC,,"""CHS DRIVES INC"" Tampa FL scholarship application",Tampa,Hillsborough,472068977,1156,0,E01,Y,files-990PF;private-foundation:04,,,,,,,,,
D,30,PAA FOUNDATION INC,PAA FOUNDATION INC,,"""PAA FOUNDATION INC"" Clearwater FL scholarship application",Clearwater,Pinellas,261260775,1088,88279,T30,,ntee-grantmaker:T30;name:foundation,,,,,,,,,
D,30,BROKEN VESSELS MINISTRIES,BROKEN VESSELS MINISTRIES,,"""BROKEN VESSELS MINISTRIES"" St Petersburg FL scholarship application",St Petersburg,Pinellas,832353532,1024,0,A11,Y,files-990PF;private-foundation:04,,,,,,,,,
D,30,REGIONAL COOPERATIVE ALLIANCE INC,REGIONAL COOPERATIVE ALLIANCE INC,,"""REGIONAL COOPERATIVE ALLIANCE INC"" Pinellas Park FL scholarship application",Pinellas Park,Pinellas,660033581,1003,0,S20,Y,files-990PF;private-foundation:04,,,,,,,,,
D,30,WHISTLING OAKS THERAPEUTIC RANCH INC,WHISTLING OAKS THERAPEUTIC RANCH INC,,"""WHISTLING OAKS THERAPEUTIC RANCH INC"" Zephyrhills FL scholarship application",Zephyrhills,Pasco,863687510,951,0,D99,Y,files-990PF;private-foundation:04,,,,,,,,,
D,30,LETS QUEST,LETS QUEST,,"""LETS QUEST"" Hudson FL scholarship application",Hudson,Pasco,934828525,863,0,A20,Y,files-990PF;private-foundation:04,,,,,,,,,
D,30,MANGROVE MISSION INC,MANGROVE MISSION INC,,"""MANGROVE MISSION INC"" Bradenton FL scholarship application",Bradenton,Manatee,883438614,858,0,C40,Y,files-990PF;private-foundation:04,,,,,,,,,
D,30,WOMENS CROQUET ASSOCIATION INC,WOMENS CROQUET ASSOCIATION INC,,"""WOMENS CROQUET ASSOCIATION INC"" Venice FL scholarship application",Venice,Sarasota,920334179,800,0,N99,Y,files-990PF;private-foundation:04,,,,,,,,,
D,30,HURRICANE VARSITY VOLLEYBALL,HURRICANE VARSITY VOLLEYBALL,,"""HURRICANE VARSITY VOLLEYBALL"" Tampa FL scholarship application",Tampa,Hillsborough,931498468,782,0,N70,Y,files-990PF;private-foundation:03,,,,,,,,,
D,30,SWFL INTERGROUP INC,SWFL INTERGROUP INC,,"""SWFL INTERGROUP INC"" Tampa FL scholarship application",Tampa,Hillsborough,933483894,764,0,F01,Y,files-990PF;private-foundation:04,,,,,,,,,
D,30,WEE MACREE CORP,WEE MACREE CORP,,"""WEE MACREE CORP"" Tampa FL scholarship application",Tampa,Hillsborough,922223662,687,0,O12,Y,files-990PF;private-foundation:04,,,,,,,,,
D,30,WOMEN VETERANS OF THE SUN COAST INC,WOMEN VETERANS OF THE SUN COAST INC,,"""WOMEN VETERANS OF THE SUN COAST INC"" Bradenton FL scholarship application",Bradenton,Manatee,994148100,600,0,W30,Y,files-990PF;private-foundation:04,,,,,,,,,
D,30,SK GLOBAL ALLIANCE INC,SK GLOBAL ALLIANCE INC,,"""SK GLOBAL ALLIANCE INC"" St Petersburg FL scholarship application",St Petersburg,Pinellas,934748593,500,0,E21,Y,files-990PF;private-foundation:03,,,,,,,,,
D,30,FULL GOSPEL BIBLE TEACHING FELLOWSHIP INC,FULL GOSPEL BIBLE TEACHING FELLOWSHIP INC,,"""FULL GOSPEL BIBLE TEACHING FELLOWSHIP INC"" Port Richey FL scholarship application",Port Richey,Pasco,592869833,348,0,,Y,files-990PF;private-foundation:04,,,,,,,,,
D,30,ABACODE CARES INC,ABACODE CARES INC,,"""ABACODE CARES INC"" Tampa FL scholarship application",Tampa,Hillsborough,871956458,307,0,,Y,files-990PF;private-foundation:04,,,,,,,,,
D,30,CARSONE KIDS INC,CARSONE KIDS INC,,"""CARSONE KIDS INC"" Lithia FL scholarship application",Lithia,Hillsborough,931913793,272,0,E50,Y,files-990PF;private-foundation:04,,,,,,,,,
D,30,FLORIDA CONCEALED CARRY LEAGUE CORPORATION,FLORIDA CONCEALED CARRY LEAGUE CORPORATION,,"""FLORIDA CONCEALED CARRY LEAGUE CORPORATION"" Wesley Chapel FL scholarship application",Wesley Chapel,Pasco,991866109,162,0,N70,Y,files-990PF;private-foundation:04,,,,,,,,,
D,30,INSTITUTE FOR ADAPTIVE OPTICS IN HUMAN VISION,INSTITUTE FOR ADAPTIVE OPTICS IN HUMAN VISION,,"""INSTITUTE FOR ADAPTIVE OPTICS IN HUMAN VISION"" Sarasota FL scholarship application",Sarasota,Sarasota,475389469,110,0,U40,Y,files-990PF;private-foundation:04,,,,,,,,,
D,30,JOB GRACE VETS INC,JOB GRACE VETS INC,,"""JOB GRACE VETS INC"" Ruskin FL scholarship application",Ruskin,Hillsborough,460672593,100,0,L41,Y,files-990PF;private-foundation:04,,,,,,,,,
D,30,FRIENDS OF TRAILS CROSSING INC,FRIENDS OF TRAILS CROSSING INC,,"""FRIENDS OF TRAILS CROSSING INC"" St Petersburg FL scholarship application",St Petersburg,Pinellas,874466046,97,0,C50,Y,files-990PF;private-foundation:04,,,,,,,,,
D,30,EIO RESCUE RANCH CORP,EIO RESCUE RANCH CORP,,"""EIO RESCUE RANCH CORP"" Myakka City FL scholarship application",Myakka City,Manatee,301405767,1,0,D20,Y,files-990PF;private-foundation:04,,,,,,,,,
D,30,SEIKO SPORT SRQ CORP,SEIKO SPORT SRQ CORP,,"""SEIKO SPORT SRQ CORP"" Sarasota FL scholarship application",Sarasota,Sarasota,332180862,1,0,N99,Y,files-990PF;private-foundation:04,,,,,,,,,
D,30,WHIPPLE FAMILY CHARITABLE TR,WHIPPLE FAMILY CHARITABLE TR,,"""WHIPPLE FAMILY CHARITABLE TR"" Bradenton FL scholarship application",Bradenton,Manatee,336628714,1,0,D20,Y,files-990PF;private-foundation:04,,,,,,,,,
D,30,EXOTIC CAR THERAPY INC,EXOTIC CAR THERAPY INC,,"""EXOTIC CAR THERAPY INC"" Port Richey FL scholarship application",Port Richey,Pasco,384068758,1,0,F12,Y,files-990PF;private-foundation:04,,,,,,,,,
D,30,T R U S T MENTORING CORP,T R U S T MENTORING CORP,,"""T R U S T MENTORING CORP"" Riverview FL scholarship application",Riverview,Hillsborough,455172410,1,0,O99,Y,files-990PF;private-foundation:04,,,,,,,,,
D,30,MISION GLOBAL REMANSO DE PAZ INC,MISION GLOBAL REMANSO DE PAZ INC,,"""MISION GLOBAL REMANSO DE PAZ INC"" Zephyrhills FL scholarship application",Zephyrhills,Pasco,471829989,1,0,P20,Y,files-990PF;private-foundation:04,,,,,,,,,
D,30,INKWELL COMMUNITY ARTS PROJECT,INKWELL COMMUNITY ARTS PROJECT,,"""INKWELL COMMUNITY ARTS PROJECT"" Tampa FL scholarship application",Tampa,Hillsborough,475574398,1,0,A60,Y,files-990PF;private-foundation:04,,,,,,,,,
D,30,WEST HERNANDO YOUTH ATHLETIC CLUB INC,WEST HERNANDO YOUTH ATHLETIC CLUB INC,,"""WEST HERNANDO YOUTH ATHLETIC CLUB INC"" Spring Hill FL scholarship application",Spring Hill,Pasco,592995102,1,0,N30,Y,files-990PF;private-foundation:04,,,,,,,,,
D,30,CENTER FOR FAMILY ENRICHMENT INC,CENTER FOR FAMILY ENRICHMENT INC,,"""CENTER FOR FAMILY ENRICHMENT INC"" Odessa FL scholarship application",Odessa,Hillsborough,593628864,1,0,O99,Y,files-990PF;private-foundation:04,,,,,,,,,
D,30,ARIES ANGEL HOUSE INC,ARIES ANGEL HOUSE INC,,"""ARIES ANGEL HOUSE INC"" Riverview FL scholarship application",Riverview,Hillsborough,811199524,1,0,L41,Y,files-990PF;private-foundation:04,,,,,,,,,
D,30,SAYEORG INC,SAYEORG INC,,"""SAYEORG INC"" Palm Harbor FL scholarship application",Palm Harbor,Pinellas,813208941,1,0,P20,Y,files-990PF;private-foundation:03,,,,,,,,,
D,30,ANAVENUSA INC,ANAVENUSA INC,,"""ANAVENUSA INC"" Tampa FL scholarship application",Tampa,Hillsborough,814662360,1,0,X99,Y,files-990PF;private-foundation:04,,,,,,,,,
D,30,WILDLANDS FOREVER TRUST INCORPORATED,WILDLANDS FOREVER TRUST INCORPORATED,,"""WILDLANDS FOREVER TRUST INCORPORATED"" Tampa FL scholarship application",Tampa,Hillsborough,820575594,1,0,C27,Y,files-990PF;private-foundation:03,,,,,,,,,
D,30,FESTIVAL DE BOMBA Y PLENA EN TAMPA INC,FESTIVAL DE BOMBA Y PLENA EN TAMPA INC,,"""FESTIVAL DE BOMBA Y PLENA EN TAMPA INC"" Tampa FL scholarship application",Tampa,Hillsborough,822074826,1,0,P12,Y,files-990PF;private-foundation:04,,,,,,,,,
D,30,ENWB INC,ENWB INC,,"""ENWB INC"" Port Richey FL scholarship application",Port Richey,Pasco,824559349,1,0,X81,Y,files-990PF;private-foundation:04,,,,,,,,,
D,30,PUSH 2 INSPIRE,PUSH 2 INSPIRE,,"""PUSH 2 INSPIRE"" Sarasota FL scholarship application",Sarasota,Sarasota,831196196,1,0,P20,Y,files-990PF;private-foundation:04,,,,,,,,,
D,30,VIVIENDO CON ANGELES SRQ INC,VIVIENDO CON ANGELES SRQ INC,,"""VIVIENDO CON ANGELES SRQ INC"" Sarasota FL scholarship application",Sarasota,Sarasota,831832393,1,0,A20,Y,files-990PF;private-foundation:04,,,,,,,,,
D,30,RAY OF HOPE FAMILY FOUNDATION,RAY OF HOPE FAMILY FOUNDATION,,"""RAY OF HOPE FAMILY FOUNDATION"" Tampa FL scholarship application",Tampa,Hillsborough,832332322,1,0,T99,,ntee-grantmaker:T99;name:foundation,,,,,,,,,
D,30,M&M MISSION INC,M&M MISSION INC,,"""M&M MISSION INC"" Palmetto FL scholarship application",Palmetto,Manatee,833271790,1,0,T50,Y,files-990PF;private-foundation:04,,,,,,,,,
D,30,GRACE RECOVERY WOMANS HOME INC,GRACE RECOVERY WOMANS HOME INC,,"""GRACE RECOVERY WOMANS HOME INC"" Bradenton FL scholarship application",Bradenton,Manatee,833681023,1,0,F20,Y,files-990PF;private-foundation:04,,,,,,,,,
D,30,WELLNESS OUTREACH INC,WELLNESS OUTREACH INC,,"""WELLNESS OUTREACH INC"" Tampa FL scholarship application",Tampa,Hillsborough,834060331,1,0,T50,Y,files-990PF;private-foundation:04,,,,,,,,,
D,30,WELCOMING EMPOWERED ADOLESCENT LIVING THROUGH TRANSITIONAL HOUSIN,WELCOMING EMPOWERED ADOLESCENT LIVING THROUGH TRANSITIONAL HOUSIN,,"""WELCOMING EMPOWERED ADOLESCENT LIVING THROUGH TRANSITIONAL HOUSIN"" St Petersburg FL scholarship application",St Petersburg,Pinellas,834595141,1,0,O50,Y,files-990PF;private-foundation:04,,,,,,,,,
D,30,VITAL MINISTRIES,VITAL MINISTRIES,,"""VITAL MINISTRIES"" Valrico FL scholarship application",Valrico,Hillsborough,844634114,1,0,X20,Y,files-990PF;private-foundation:04,,,,,,,,,
D,30,HIS CALL INTERNATIONAL INC,HIS CALL INTERNATIONAL INC,,"""HIS CALL INTERNATIONAL INC"" St Petersburg FL scholarship application",St Petersburg,Pinellas,851158400,1,0,Q33,Y,files-990PF;private-foundation:03,,,,,,,,,
D,30,WEST TAMPA SKI,WEST TAMPA SKI,,"""WEST TAMPA SKI"" Tampa FL scholarship application",Tampa,Hillsborough,851479908,1,0,N68,Y,files-990PF;private-foundation:04,,,,,,,,,
D,30,PLAYFUL PAWS ANIMAL RESCUE INC,PLAYFUL PAWS ANIMAL RESCUE INC,,"""PLAYFUL PAWS ANIMAL RESCUE INC"" Riverview FL scholarship application",Riverview,Hillsborough,851577782,1,0,D20,Y,files-990PF;private-foundation:04,,,,,,,,,
D,30,ARK LIFE WE FREE INC,ARK LIFE WE FREE INC,,"""ARK LIFE WE FREE INC"" Spring Hill FL scholarship application",Spring Hill,Pasco,861425121,1,0,P99,Y,files-990PF;private-foundation:04,,,,,,,,,
D,30,THE DROP LIGHT PROJECT INC,THE DROP LIGHT PROJECT INC,,"""THE DROP LIGHT PROJECT INC"" Odessa FL scholarship application",Odessa,Hillsborough,871358710,1,0,A12,Y,files-990PF;private-foundation:04,,,,,,,,,
D,30,FAMILIES SERVING TIME,FAMILIES SERVING TIME,,"""FAMILIES SERVING TIME"" Tampa FL scholarship application",Tampa,Hillsborough,882931620,1,0,X20,Y,files-990PF;private-foundation:04,,,,,,,,,
D,30,STARS IN THE FOREST ANIMAL SANCTUARY INC,STARS IN THE FOREST ANIMAL SANCTUARY INC,,"""STARS IN THE FOREST ANIMAL SANCTUARY INC"" North Port FL scholarship application",North Port,Sarasota,882961901,1,0,D34,Y,files-990PF;private-foundation:03,,,,,,,,,
D,30,COASTAL WILDLIFE ADVOCACY GROUP INC,COASTAL WILDLIFE ADVOCACY GROUP INC,,"""COASTAL WILDLIFE ADVOCACY GROUP INC"" St Pete Beach FL scholarship application",St Pete Beach,Pinellas,883808222,1,0,D30,Y,files-990PF;private-foundation:04,,,,,,,,,
D,30,A FIGHTERS CHANCE,A FIGHTERS CHANCE,,"""A FIGHTERS CHANCE"" Brandon FL scholarship application",Brandon,Hillsborough,884352664,1,0,O50,Y,files-990PF;private-foundation:04,,,,,,,,,
D,30,ARROW PSYCHOLOGICAL AND CONSULTING SERVICES INC,ARROW PSYCHOLOGICAL AND CONSULTING SERVICES INC,,"""ARROW PSYCHOLOGICAL AND CONSULTING SERVICES INC"" St Petersburg FL scholarship application",St Petersburg,Pinellas,920434167,1,0,F30,Y,files-990PF;private-foundation:04,,,,,,,,,
D,30,813 HAWKS INC,813 HAWKS INC,,"""813 HAWKS INC"" Tampa FL scholarship application",Tampa,Hillsborough,921440136,1,0,N65,Y,files-990PF;private-foundation:04,,,,,,,,,
D,30,LUCKYS TATTOO MUSEUM,LUCKYS TATTOO MUSEUM,,"""LUCKYS TATTOO MUSEUM"" Largo FL scholarship application",Largo,Pinellas,922018586,1,0,A50,Y,files-990PF;private-foundation:04,,,,,,,,,
D,30,SORAYA CARES INC,SORAYA CARES INC,,"""SORAYA CARES INC"" Valrico FL scholarship application",Valrico,Hillsborough,922266359,1,0,P30,Y,files-990PF;private-foundation:04,,,,,,,,,
D,30,SONS OF VALOR INC,SONS OF VALOR INC,,"""SONS OF VALOR INC"" Dunedin FL scholarship application",Dunedin,Pinellas,923231378,1,0,W30,Y,files-990PF;private-foundation:04,,,,,,,,,
D,30,LUCKY STARS LONGSHOTS,LUCKY STARS LONGSHOTS,,"""LUCKY STARS LONGSHOTS"" Tampa FL scholarship application",Tampa,Hillsborough,923513883,1,0,D20,Y,files-990PF;private-foundation:04,,,,,,,,,
D,30,DEAFSTOCK INC,DEAFSTOCK INC,,"""DEAFSTOCK INC"" Clearwater FL scholarship application",Clearwater,Pinellas,931622589,1,0,A68,Y,files-990PF;private-foundation:04,,,,,,,,,
D,30,MARCUS BOYS INC,MARCUS BOYS INC,,"""MARCUS BOYS INC"" Clearwater FL scholarship application",Clearwater,Pinellas,931692850,1,0,P20,Y,files-990PF;private-foundation:03,,,,,,,,,
D,30,BRAVE BEGINNINGS INC,BRAVE BEGINNINGS INC,,"""BRAVE BEGINNINGS INC"" Tampa FL scholarship application",Tampa,Hillsborough,934048883,1,0,P84,Y,files-990PF;private-foundation:04,,,,,,,,,
D,30,SEAWEED INNOVATIONS INC,SEAWEED INNOVATIONS INC,,"""SEAWEED INNOVATIONS INC"" Tampa FL scholarship application",Tampa,Hillsborough,934205375,1,0,C30,Y,files-990PF;private-foundation:04,,,,,,,,,
D,30,CARING HANDS COALITION,CARING HANDS COALITION,,"""CARING HANDS COALITION"" Palm Harbor FL scholarship application",Palm Harbor,Pinellas,994992470,1,0,P60,Y,files-990PF;private-foundation:03,,,,,,,,,
D,30,VETERAN RADIO MINISTRY,VETERAN RADIO MINISTRY,,"""VETERAN RADIO MINISTRY"" Zephyrhills FL scholarship application",Zephyrhills,Pasco,994996218,1,0,X80,Y,files-990PF;private-foundation:04,,,,,,,,,
D,30,DUBOSE MCLEOD FOUNDATION INC,DUBOSE MCLEOD FOUNDATION INC,,"""DUBOSE MCLEOD FOUNDATION INC"" Lutz FL scholarship application",Lutz,Hillsborough,201119070,0,0,T30,,ntee-grantmaker:T30;name:foundation,,,,,,,,,
D,30,PREMIER PLAYERS SPORTS FOUNDATION INC,PREMIER PLAYERS SPORTS FOUNDATION INC,,"""PREMIER PLAYERS SPORTS FOUNDATION INC"" Tampa FL scholarship application",Tampa,Hillsborough,201529781,0,0,T12,,ntee-grantmaker:T12;name:foundation,,,,,,,,,
D,30,YE MYSTIC KREWE OF SANTA MARGARITA FOUNDATION INC,YE MYSTIC KREWE OF SANTA MARGARITA FOUNDATION INC,,"""YE MYSTIC KREWE OF SANTA MARGARITA FOUNDATION INC"" Clearwater FL scholarship application",Clearwater,Pinellas,201579328,0,0,T30,,ntee-grantmaker:T30;name:foundation,,,,,,,,,
D,30,HILLSBOROUGH COUNTY SCHOOLS-BROWARD ELEM,HILLSBOROUGH COUNTY SCHOOLS-BROWARD ELEM,,"""HILLSBOROUGH COUNTY SCHOOLS-BROWARD ELEM"" Tampa FL scholarship application",Tampa,Hillsborough,237102343,0,0,E01,Y,files-990PF;private-foundation:04,,,,,,,,,
D,30,PAUL SCHULTE FOUNDATION INC,PAUL SCHULTE FOUNDATION INC,,"""PAUL SCHULTE FOUNDATION INC"" Oneco FL scholarship application",Oneco,Manatee,261201470,0,0,T30,,ntee-grantmaker:T30;name:foundation,,,,,,,,,
D,30,BILLY TURNEY FOUNDATION INC,BILLY TURNEY FOUNDATION INC,,"""BILLY TURNEY FOUNDATION INC"" Tampa FL scholarship application",Tampa,Hillsborough,261796644,0,0,T30,,ntee-grantmaker:T30;name:foundation,,,,,,,,,
D,30,CHRISTOPHER SERVICES FOUNDATION INC,CHRISTOPHER SERVICES FOUNDATION INC,,"""CHRISTOPHER SERVICES FOUNDATION INC"" Valrico FL scholarship application",Valrico,Hillsborough,263145648,0,0,T30,,ntee-grantmaker:T30;name:foundation,,,,,,,,,
D,30,LIFT HEALTH ORGANIZATION,LIFT HEALTH ORGANIZATION,,"""LIFT HEALTH ORGANIZATION"" Tampa FL scholarship application",Tampa,Hillsborough,263343850,0,0,P40,Y,files-990PF;private-foundation:04,,,,,,,,,
D,30,CHILDRENS BOARD FOUNDATION INC,CHILDRENS BOARD FOUNDATION INC,,"""CHILDRENS BOARD FOUNDATION INC"" Tampa FL scholarship application",Tampa,Hillsborough,263822469,0,0,T30,,ntee-grantmaker:T30;name:foundation,,,,,,,,,
D,30,SAVE A LEG SAVE A LIFE FOUNDATION INC,SAVE A LEG SAVE A LIFE FOUNDATION INC,,"""SAVE A LEG SAVE A LIFE FOUNDATION INC"" Bradenton FL scholarship application",Bradenton,Manatee,320467696,0,0,T30,,ntee-grantmaker:T30;name:foundation,,,,,,,,,
D,30,RHAPSODY OF EXPERIENCES YOUTH & WOMEN EMPOWERMENT FOUNDATION INC,RHAPSODY OF EXPERIENCES YOUTH & WOMEN EMPOWERMENT FOUNDATION INC,,"""RHAPSODY OF EXPERIENCES YOUTH & WOMEN EMPOWERMENT FOUNDATION INC"" St Petersburg FL scholarship application",St Petersburg,Pinellas,320752989,0,0,T30,,ntee-grantmaker:T30;name:foundation,,,,,,,,,
D,30,PINNACLE FAMILY RESTORATION ADVENTURE INC,PINNACLE FAMILY RESTORATION ADVENTURE INC,,"""PINNACLE FAMILY RESTORATION ADVENTURE INC"" Zephyrhills FL scholarship application",Zephyrhills,Pasco,331524406,0,0,M20,Y,files-990PF;private-foundation:04,,,,,,,,,
D,30,DAUGHTERS OF FATBACK INITIATIVE,DAUGHTERS OF FATBACK INITIATIVE,,"""DAUGHTERS OF FATBACK INITIATIVE"" Wesley Chapel FL scholarship application",Wesley Chapel,Pasco,331768302,0,0,E60,Y,files-990PF;private-foundation:04,,,,,,,,,
D,30,MOTHER TERESA OUTREACH INC,MOTHER TERESA OUTREACH INC,,"""MOTHER TERESA OUTREACH INC"" Brandon FL scholarship application",Brandon,Hillsborough,332343753,0,0,P30,Y,files-990PF;private-foundation:04,,,,,,,,,
D,30,ASHES TO EXODUS CORPORATION,ASHES TO EXODUS CORPORATION,,"""ASHES TO EXODUS CORPORATION"" Odessa FL scholarship application",Odessa,Hillsborough,332491581,0,0,P43,Y,files-990PF;private-foundation:04,,,,,,,,,
D,30,IMPERIAL ELITE ATHLETICS INC,IMPERIAL ELITE ATHLETICS INC,,"""IMPERIAL ELITE ATHLETICS INC"" Tampa FL scholarship application",Tampa,Hillsborough,332636682,0,0,O51,Y,files-990PF;private-foundation:04,,,,,,,,,
D,30,THE THOMAS SCOTT CAWLEY FOUNDATION,THE THOMAS SCOTT CAWLEY FOUNDATION,,"""THE THOMAS SCOTT CAWLEY FOUNDATION"" Tampa FL scholarship application",Tampa,Hillsborough,332821687,0,0,T30,,ntee-grantmaker:T30;name:foundation,,,,,,,,,
D,30,OTO ANGELS INC,OTO ANGELS INC,,"""OTO ANGELS INC"" Pinellas Park FL scholarship application",Pinellas Park,Pinellas,333086433,0,0,E99,Y,files-990PF;private-foundation:04,,,,,,,,,
D,30,SUAREZ LOYALTY FOUNDATION INC,SUAREZ LOYALTY FOUNDATION INC,,"""SUAREZ LOYALTY FOUNDATION INC"" Safety Harbor FL scholarship application",Safety Harbor,Pinellas,333183106,0,0,T12,,ntee-grantmaker:T12;name:foundation,,,,,,,,,
D,30,CHOSEN BY GODS GRACE INC,CHOSEN BY GODS GRACE INC,,"""CHOSEN BY GODS GRACE INC"" Riverview FL scholarship application",Riverview,Hillsborough,333252163,0,0,X99,Y,files-990PF;private-foundation:04,,,,,,,,,
D,30,DO GOOD & SHINE BRIGHTLY FOUNDATION,DO GOOD & SHINE BRIGHTLY FOUNDATION,,"""DO GOOD & SHINE BRIGHTLY FOUNDATION"" St Petersburg FL scholarship application",St Petersburg,Pinellas,333457274,0,0,T20,,ntee-grantmaker:T20;name:foundation,,,,,,,,,
D,30,GEODE FOUNDATION,GEODE FOUNDATION,,"""GEODE FOUNDATION"" Clearwater FL scholarship application",Clearwater,Pinellas,333511060,0,0,T22,,ntee-grantmaker:T22;name:foundation,,,,,,,,,
D,30,DONOVANS 2ND CHANCE RANCH INCORPORATED,DONOVANS 2ND CHANCE RANCH INCORPORATED,,"""DONOVANS 2ND CHANCE RANCH INCORPORATED"" Hudson FL scholarship application",Hudson,Pasco,333725897,0,0,D20,Y,files-990PF;private-foundation:04,,,,,,,,,
D,30,PHRIENDLY HELPING EMERGENCY MUTUAL AID INC,PHRIENDLY HELPING EMERGENCY MUTUAL AID INC,,"""PHRIENDLY HELPING EMERGENCY MUTUAL AID INC"" Saint Pete Beach FL scholarship application",Saint Pete Beach,Pinellas,333808907,0,0,P20,Y,files-990PF;private-foundation:04,,,,,,,,,
D,30,BOOKS WITHOUT BORDERS,BOOKS WITHOUT BORDERS,,"""BOOKS WITHOUT BORDERS"" Tampa FL scholarship application",Tampa,Hillsborough,333887959,0,0,Q30,Y,files-990PF;private-foundation:04,,,,,,,,,
D,30,TAMPA SHIPBUILDERS FC,TAMPA SHIPBUILDERS FC,,"""TAMPA SHIPBUILDERS FC"" Land O Lakes FL scholarship application",Land O Lakes,Pasco,333990869,0,0,N64,Y,files-990PF;private-foundation:04,,,,,,,,,
D,30,PAUL AND BRENDA FINORA FAMILY FOUNDATION INC,PAUL AND BRENDA FINORA FAMILY FOUNDATION INC,,"""PAUL AND BRENDA FINORA FAMILY FOUNDATION INC"" San Antonio FL scholarship application",San Antonio,Pasco,334058115,0,0,T12,,ntee-grantmaker:T12;name:foundation,,,,,,,,,
D,30,SEMINOLE SEAHAWKS FOOTBALL AND CHEER,SEMINOLE SEAHAWKS FOOTBALL AND CHEER,,"""SEMINOLE SEAHAWKS FOOTBALL AND CHEER"" Seminole FL scholarship application",Seminole,Pinellas,334626761,0,0,N65,Y,files-990PF;private-foundation:04,,,,,,,,,
D,30,LA GENTE DEL BARRIO FOUNDATION,LA GENTE DEL BARRIO FOUNDATION,,"""LA GENTE DEL BARRIO FOUNDATION"" Odessa FL scholarship application",Odessa,Hillsborough,334650476,0,0,T12,,ntee-grantmaker:T12;name:foundation,,,,,,,,,
D,30,GLOBAL HARVEST & REVIVAL MINISTRIES INC,GLOBAL HARVEST & REVIVAL MINISTRIES INC,,"""GLOBAL HARVEST & REVIVAL MINISTRIES INC"" Ruskin FL scholarship application",Ruskin,Hillsborough,334797464,0,0,X20,Y,files-990PF;private-foundation:04,,,,,,,,,
D,30,CREATING POSSIBILITIES INC,CREATING POSSIBILITIES INC,,"""CREATING POSSIBILITIES INC"" St Petersburg FL scholarship application",St Petersburg,Pinellas,372185000,0,0,S30,Y,files-990PF;private-foundation:04,,,,,,,,,
D,30,SURE AND STEADFAST FOUNDATION INCORPORATED,SURE AND STEADFAST FOUNDATION INCORPORATED,,"""SURE AND STEADFAST FOUNDATION INCORPORATED"" Sarasota FL scholarship application",Sarasota,Sarasota,392119860,0,0,T99,,ntee-grantmaker:T99;name:foundation,,,,,,,,,
D,30,ETERNAL COVENANT FOOD PANTRY,ETERNAL COVENANT FOOD PANTRY,,"""ETERNAL COVENANT FOOD PANTRY"" Parrish FL scholarship application",Parrish,Manatee,392184826,0,0,K31,Y,files-990PF;private-foundation:03,,,,,,,,,
D,30,FRANKENBERRY FAMILY RESCUE INCORPORATED,FRANKENBERRY FAMILY RESCUE INCORPORATED,,"""FRANKENBERRY FAMILY RESCUE INCORPORATED"" Odessa FL scholarship application",Odessa,Hillsborough,392484304,0,0,D20,Y,files-990PF;private-foundation:04,,,,,,,,,
D,30,CLEATS2PLAY INC,CLEATS2PLAY INC,,"""CLEATS2PLAY INC"" Seminole FL scholarship application",Seminole,Pinellas,392715813,0,0,P30,Y,files-990PF;private-foundation:04,,,,,,,,,
D,30,LIVING STONE HOMES,LIVING STONE HOMES,,"""LIVING STONE HOMES"" Parrish FL scholarship application",Parrish,Manatee,393318448,0,0,L20,Y,files-990PF;private-foundation:04,,,,,,,,,
D,30,THE GOOD FIGHT MISSION INC,THE GOOD FIGHT MISSION INC,,"""THE GOOD FIGHT MISSION INC"" St Petersburg FL scholarship application",St Petersburg,Pinellas,393843568,0,0,X20,Y,files-990PF;private-foundation:04,,,,,,,,,
D,30,PINELLAS COUNTY FIREFIGHTER SURVIVA L & RESCUE TRAINING INC,PINELLAS COUNTY FIREFIGHTER SURVIVA L & RESCUE TRAINING INC,,"""PINELLAS COUNTY FIREFIGHTER SURVIVA L & RESCUE TRAINING INC"" Land O Lakes FL scholarship application",Land O Lakes,Pasco,394404124,0,0,M40,Y,files-990PF;private-foundation:04,,,,,,,,,
D,30,HEART OF JUNIPER INC,HEART OF JUNIPER INC,,"""HEART OF JUNIPER INC"" Sarasota FL scholarship application",Sarasota,Sarasota,394473442,0,0,O20,Y,files-990PF;private-foundation:04,,,,,,,,,
D,30,EVERY TRIBE INC,EVERY TRIBE INC,,"""EVERY TRIBE INC"" Hudson FL scholarship application",Hudson,Pasco,395101442,0,0,X20,Y,files-990PF;private-foundation:04,,,,,,,,,
D,30,H R & K A DOMBROWSKI CHAR FDN TR 10 02 2024,H R & K A DOMBROWSKI CHAR FDN TR 10 02 2024,,"""H R & K A DOMBROWSKI CHAR FDN TR 10 02 2024"" Sarasota FL scholarship application",Sarasota,Sarasota,396820793,0,0,,Y,files-990PF;private-foundation:04,,,,,,,,,
D,30,TBF FOUNDATION CORP,TBF FOUNDATION CORP,,"""TBF FOUNDATION CORP"" Wimauma FL scholarship application",Wimauma,Hillsborough,412599202,0,0,T23,,ntee-grantmaker:T23;name:foundation,,,,,,,,,
D,30,KATHRYN J MEREDITH CHARITABLE FOUND ATION INC,KATHRYN J MEREDITH CHARITABLE FOUND ATION INC,,"""KATHRYN J MEREDITH CHARITABLE FOUND ATION INC"" Palmetto FL scholarship application",Palmetto,Manatee,412954071,0,0,P20,Y,files-990PF;private-foundation:04,,,,,,,,,
D,30,DUNEDIN YOUTH BOWLING CLUB,DUNEDIN YOUTH BOWLING CLUB,,"""DUNEDIN YOUTH BOWLING CLUB"" Dunedin FL scholarship application",Dunedin,Pinellas,413816759,0,0,N60,Y,files-990PF;private-foundation:04,,,,,,,,,
D,30,TECO OUTAGE AND PROJECT MANAGEMENT,TECO OUTAGE AND PROJECT MANAGEMENT,,"""TECO OUTAGE AND PROJECT MANAGEMENT"" Gibsonton FL scholarship application",Gibsonton,Hillsborough,413876471,0,0,W11,Y,files-990PF;private-foundation:04,,,,,,,,,
D,30,JUSTNELF,JUSTNELF,,"""JUSTNELF"" Venice FL scholarship application",Venice,Sarasota,413933229,0,0,P33,Y,files-990PF;private-foundation:04,,,,,,,,,
D,30,COME GET YOU SOME JOY FOUNDATION IN C,COME GET YOU SOME JOY FOUNDATION IN C,,"""COME GET YOU SOME JOY FOUNDATION IN C"" Brandon FL scholarship application",Brandon,Hillsborough,414377942,0,0,T12,,ntee-grantmaker:T12;name:foundation,,,,,,,,,
D,30,CHANGE THE CULTURE INC,CHANGE THE CULTURE INC,,"""CHANGE THE CULTURE INC"" Tampa FL scholarship application",Tampa,Hillsborough,414652437,0,0,S20,Y,files-990PF;private-foundation:04,,,,,,,,,
D,30,CURECRUNCH INC,CURECRUNCH INC,,"""CURECRUNCH INC"" St Petersburg FL scholarship application",St Petersburg,Pinellas,415264908,0,0,H30,Y,files-990PF;private-foundation:04,,,,,,,,,
D,30,CHARITABLE FOUNDATION OF AMERICANS OF ITALIAN HERITAGE CLUB,CHARITABLE FOUNDATION OF AMERICANS OF ITALIAN HERITAGE CLUB,,"""CHARITABLE FOUNDATION OF AMERICANS OF ITALIAN HERITAGE CLUB"" San Antonio FL scholarship application",San Antonio,Pasco,452019257,0,0,T12,,ntee-grantmaker:T12;name:foundation,,,,,,,,,
D,30,MATTATHIL CHARITABLE FOUNDATION INC,MATTATHIL CHARITABLE FOUNDATION INC,,"""MATTATHIL CHARITABLE FOUNDATION INC"" Valrico FL scholarship application",Valrico,Hillsborough,453555636,0,0,T20,,ntee-grantmaker:T20;name:foundation,,,,,,,,,
D,30,FLORIDA FEDERATION OF HIDALGUENSES CORP,FLORIDA FEDERATION OF HIDALGUENSES CORP,,"""FLORIDA FEDERATION OF HIDALGUENSES CORP"" Clearwater FL scholarship application",Clearwater,Pinellas,455117504,0,0,V01,Y,files-990PF;private-foundation:04,,,,,,,,,
D,30,SUZANNE CIANI BRAIN CANCER FOUNDATION INC,SUZANNE CIANI BRAIN CANCER FOUNDATION INC,,"""SUZANNE CIANI BRAIN CANCER FOUNDATION INC"" Spring Hill FL scholarship application",Spring Hill,Pasco,460668131,0,0,T12,,ntee-grantmaker:T12;name:foundation,,,,,,,,,
D,30,LEPHAN FOUNDATION INC,LEPHAN FOUNDATION INC,,"""LEPHAN FOUNDATION INC"" Tampa FL scholarship application",Tampa,Hillsborough,460976127,0,0,T20,,ntee-grantmaker:T20;name:foundation,,,,,,,,,
D,30,CLIFFORD OJERIAKHI IMUDIA MEMORIAL FOUNDATION INC,CLIFFORD OJERIAKHI IMUDIA MEMORIAL FOUNDATION INC,,"""CLIFFORD OJERIAKHI IMUDIA MEMORIAL FOUNDATION INC"" Tampa FL scholarship application",Tampa,Hillsborough,463659935,0,0,T31,,ntee-grantmaker:T31;name:foundation,,,,,,,,,
D,30,MICHAEL A HANO FAMILY FOUNDATION INC,MICHAEL A HANO FAMILY FOUNDATION INC,,"""MICHAEL A HANO FAMILY FOUNDATION INC"" St Petersburg FL scholarship application",St Petersburg,Pinellas,471886950,0,0,T99,,ntee-grantmaker:T99;name:foundation,,,,,,,,,
D,30,BILL MEADOWS FOUNDATION INC,BILL MEADOWS FOUNDATION INC,,"""BILL MEADOWS FOUNDATION INC"" Venice FL scholarship application",Venice,Sarasota,474517627,0,0,T30,,ntee-grantmaker:T30;name:foundation,,,,,,,,,
D,30,MANATEE COUNTY MEDICAL SOCIETY FOUNDATION INC,MANATEE COUNTY MEDICAL SOCIETY FOUNDATION INC,,"""MANATEE COUNTY MEDICAL SOCIETY FOUNDATION INC"" Bradenton FL scholarship application",Bradenton,Manatee,474848400,0,0,T30,,ntee-grantmaker:T30;name:foundation,,,,,,,,,
D,30,COMMITTEE ORGANIZING ASSISTANCE AND COMMUNITY HELP FOUNDATION INC,COMMITTEE ORGANIZING ASSISTANCE AND COMMUNITY HELP FOUNDATION INC,,"""COMMITTEE ORGANIZING ASSISTANCE AND COMMUNITY HELP FOUNDATION INC"" Tampa FL scholarship application",Tampa,Hillsborough,592168415,0,0,T31,,ntee-grantmaker:T31;name:foundation,,,,,,,,,
D,30,THE COUNCIL FOR EXCEPTIONAL CHILDREN SARASOTA SUNSET CHAPTER,THE COUNCIL FOR EXCEPTIONAL CHILDREN SARASOTA SUNSET CHAPTER,,"""THE COUNCIL FOR EXCEPTIONAL CHILDREN SARASOTA SUNSET CHAPTER"" Sarasota FL scholarship application",Sarasota,Sarasota,592500493,0,0,P20,Y,files-990PF;private-foundation:04,,,,,,,,,
D,30,AYLESWORTH FOUNDATION FOR ADVANCEMENT OF MARINE SCIENCES INC,AYLESWORTH FOUNDATION FOR ADVANCEMENT OF MARINE SCIENCES INC,,"""AYLESWORTH FOUNDATION FOR ADVANCEMENT OF MARINE SCIENCES INC"" St Petersburg FL scholarship application",St Petersburg,Pinellas,592623744,0,0,T30,,ntee-grantmaker:T30;name:foundation,,,,,,,,,
D,30,SAFETY HARBOR LIONS FOUNDATION INC,SAFETY HARBOR LIONS FOUNDATION INC,,"""SAFETY HARBOR LIONS FOUNDATION INC"" Safety Harbor FL scholarship application",Safety Harbor,Pinellas,592963637,0,0,T30,,ntee-grantmaker:T30;name:foundation,,,,,,,,,
D,30,HAITIAN ASSOCIATION FOUNDATION OF TAMPA BAY INC,HAITIAN ASSOCIATION FOUNDATION OF TAMPA BAY INC,,"""HAITIAN ASSOCIATION FOUNDATION OF TAMPA BAY INC"" Wimauma FL scholarship application",Wimauma,Hillsborough,593390448,0,0,T30,,ntee-grantmaker:T30;name:foundation,,,,,,,,,
D,30,TAMPA BAY CHAMPIONSHIP RODEO DADE CITY LLC,TAMPA BAY CHAMPIONSHIP RODEO DADE CITY LLC,,"""TAMPA BAY CHAMPIONSHIP RODEO DADE CITY LLC"" Dade City FL scholarship application",Dade City,Pasco,593680963,0,0,T12,,ntee-grantmaker:T12;private-foundation:04,,,,,,,,,
D,30,A SECOND CHANCE AT LIFE INC,A SECOND CHANCE AT LIFE INC,,"""A SECOND CHANCE AT LIFE INC"" Sarasota FL scholarship application",Sarasota,Sarasota,612263757,0,0,D20,Y,files-990PF;private-foundation:04,,,,,,,,,
D,30,NATIONAL SENIOR GAMES ASSOCIATION FOUNDATION,NATIONAL SENIOR GAMES ASSOCIATION FOUNDATION,,"""NATIONAL SENIOR GAMES ASSOCIATION FOUNDATION"" Clearwater FL scholarship application",Clearwater,Pinellas,721428483,0,0,T12,,ntee-grantmaker:T12;name:foundation,,,,,,,,,
D,30,INDO-AMERICAN FOUNDATION OF TAMPA BAY,INDO-AMERICAN FOUNDATION OF TAMPA BAY,,"""INDO-AMERICAN FOUNDATION OF TAMPA BAY"" St Petersburg FL scholarship application",St Petersburg,Pinellas,811323639,0,0,T12,,ntee-grantmaker:T12;name:foundation,,,,,,,,,
D,30,FIGHTER FOUNDATION,FIGHTER FOUNDATION,,"""FIGHTER FOUNDATION"" Tampa FL scholarship application",Tampa,Hillsborough,811495271,0,0,T12,,ntee-grantmaker:T12;name:foundation,,,,,,,,,
D,30,ZINZOW LAW FOUNDATION INC,ZINZOW LAW FOUNDATION INC,,"""ZINZOW LAW FOUNDATION INC"" Trinity FL scholarship application",Trinity,Pasco,812905916,0,0,T30,,ntee-grantmaker:T30;name:foundation,,,,,,,,,
D,30,SUNCOAST YOUTH FOUNDATION INCORPORATED,SUNCOAST YOUTH FOUNDATION INCORPORATED,,"""SUNCOAST YOUTH FOUNDATION INCORPORATED"" Sarasota FL scholarship application",Sarasota,Sarasota,812956324,0,0,T31,,ntee-grantmaker:T31;name:foundation,,,,,,,,,
D,30,GINA MARIE REY FOUNDATION INC,GINA MARIE REY FOUNDATION INC,,"""GINA MARIE REY FOUNDATION INC"" Tampa FL scholarship application",Tampa,Hillsborough,813254255,0,0,T20,,ntee-grantmaker:T20;name:foundation,,,,,,,,,
D,30,SANANDO FOUNDATION INCORPORATED,SANANDO FOUNDATION INCORPORATED,,"""SANANDO FOUNDATION INCORPORATED"" Pinellas Park FL scholarship application",Pinellas Park,Pinellas,814175824,0,0,T30,,ntee-grantmaker:T30;name:foundation,,,,,,,,,
D,30,VETERANS HOSPITAL SUPPORT FOUNDATION INC,VETERANS HOSPITAL SUPPORT FOUNDATION INC,,"""VETERANS HOSPITAL SUPPORT FOUNDATION INC"" Seminole FL scholarship application",Seminole,Pinellas,821516372,0,0,T30,,ntee-grantmaker:T30;name:foundation,,,,,,,,,
D,30,GIVE A HOOP FOUNDATION INC,GIVE A HOOP FOUNDATION INC,,"""GIVE A HOOP FOUNDATION INC"" Parrish FL scholarship application",Parrish,Manatee,822294660,0,0,T30,,ntee-grantmaker:T30;name:foundation,,,,,,,,,
D,30,CARLOS CARRASCO FOUNDATION INC,CARLOS CARRASCO FOUNDATION INC,,"""CARLOS CARRASCO FOUNDATION INC"" Palm Harbor FL scholarship application",Palm Harbor,Pinellas,822528296,0,0,T30,,ntee-grantmaker:T30;name:foundation,,,,,,,,,
D,30,ST ANDREWS PIPES AND DRUMS OF TAMPA BAY INCORPORATED,ST ANDREWS PIPES AND DRUMS OF TAMPA BAY INCORPORATED,,"""ST ANDREWS PIPES AND DRUMS OF TAMPA BAY INCORPORATED"" Seminole FL scholarship application",Seminole,Pinellas,822699313,0,0,A20,Y,files-990PF;private-foundation:04,,,,,,,,,
D,30,SKYRA FOUNDATION INC,SKYRA FOUNDATION INC,,"""SKYRA FOUNDATION INC"" St Petersburg FL scholarship application",St Petersburg,Pinellas,822858441,0,0,T30,,ntee-grantmaker:T30;name:foundation,,,,,,,,,
D,30,SAME TEAM MINISTRIES,SAME TEAM MINISTRIES,,"""SAME TEAM MINISTRIES"" Spring Hill FL scholarship application",Spring Hill,Pasco,824503196,0,0,P20,Y,files-990PF;private-foundation:04,,,,,,,,,
D,30,FORWARD FREE FOUNDATION,FORWARD FREE FOUNDATION,,"""FORWARD FREE FOUNDATION"" Odessa FL scholarship application",Odessa,Hillsborough,830621253,0,0,T30,,ntee-grantmaker:T30;name:foundation,,,,,,,,,
D,30,BLADE FOUNDATION,BLADE FOUNDATION,,"""BLADE FOUNDATION"" Apollo Beach FL scholarship application",Apollo Beach,Hillsborough,831434063,0,0,T99,,ntee-grantmaker:T99;name:foundation,,,,,,,,,
D,30,KARRY CARRASCO FOUNDATION,KARRY CARRASCO FOUNDATION,,"""KARRY CARRASCO FOUNDATION"" Palm Harbor FL scholarship application",Palm Harbor,Pinellas,832072399,0,0,T30,,ntee-grantmaker:T30;name:foundation,,,,,,,,,
D,30,MONGOLIAN AMERICAN CULTURAL ORGANIZATION INC,MONGOLIAN AMERICAN CULTURAL ORGANIZATION INC,,"""MONGOLIAN AMERICAN CULTURAL ORGANIZATION INC"" Palm Harbor FL scholarship application",Palm Harbor,Pinellas,832461030,0,0,A27,Y,files-990PF;private-foundation:04,,,,,,,,,
D,30,GRACE RELIEF FOUNDATION INC,GRACE RELIEF FOUNDATION INC,,"""GRACE RELIEF FOUNDATION INC"" Wesley Chapel FL scholarship application",Wesley Chapel,Pasco,832503335,0,0,T30,,ntee-grantmaker:T30;name:foundation,,,,,,,,,
D,30,CONNERS LEGACY FOUNDATION INC,CONNERS LEGACY FOUNDATION INC,,"""CONNERS LEGACY FOUNDATION INC"" Sarasota FL scholarship application",Sarasota,Sarasota,832869728,0,0,T23,,ntee-grantmaker:T23;name:foundation,,,,,,,,,
D,30,JACKFRUIT FOUNDATION INC,JACKFRUIT FOUNDATION INC,,"""JACKFRUIT FOUNDATION INC"" Plant City FL scholarship application",Plant City,Hillsborough,833868773,0,0,T30,,ntee-grantmaker:T30;name:foundation,,,,,,,,,
D,30,GARTH E FEENEY MEMORIAL FOUNDATION INC,GARTH E FEENEY MEMORIAL FOUNDATION INC,,"""GARTH E FEENEY MEMORIAL FOUNDATION INC"" Pinellas Park FL scholarship application",Pinellas Park,Pinellas,841721419,0,0,T12,,ntee-grantmaker:T12;name:foundation,,,,,,,,,
D,30,CALTA FAMILY FOUNDATION,CALTA FAMILY FOUNDATION,,"""CALTA FAMILY FOUNDATION"" Lutz FL scholarship application",Lutz,Hillsborough,843192637,0,0,T30,,ntee-grantmaker:T30;name:foundation,,,,,,,,,
D,30,AINSLEY MARIE ROBERTS FOUNDATION,AINSLEY MARIE ROBERTS FOUNDATION,,"""AINSLEY MARIE ROBERTS FOUNDATION"" Tampa FL scholarship application",Tampa,Hillsborough,844012313,0,0,T22,,ntee-grantmaker:T22;name:foundation,,,,,,,,,
D,30,VICTORY IN DELEVERANCE CHRISTIAN CENTER,VICTORY IN DELEVERANCE CHRISTIAN CENTER,,"""VICTORY IN DELEVERANCE CHRISTIAN CENTER"" Tampa FL scholarship application",Tampa,Hillsborough,850551285,0,0,S20,Y,files-990PF;private-foundation:04,,,,,,,,,
D,30,I AM CREATIVE ZAKE,I AM CREATIVE ZAKE,,"""I AM CREATIVE ZAKE"" Wesley Chapel FL scholarship application",Wesley Chapel,Pasco,850848302,0,0,P22,Y,files-990PF;private-foundation:04,,,,,,,,,
D,30,AWAKE COALITION INC,AWAKE COALITION INC,,"""AWAKE COALITION INC"" Riverview FL scholarship application",Riverview,Hillsborough,852557648,0,0,L80,Y,files-990PF;private-foundation:04,,,,,,,,,
D,30,MASTER MASON ASSOCIATION OF HILLSBOROUGH COUNTY,MASTER MASON ASSOCIATION OF HILLSBOROUGH COUNTY,,"""MASTER MASON ASSOCIATION OF HILLSBOROUGH COUNTY"" Temple Terrace FL scholarship application",Temple Terrace,Hillsborough,853476853,0,0,Y40,Y,files-990PF;private-foundation:04,,,,,,,,,
D,30,RESTORED HOME,RESTORED HOME,,"""RESTORED HOME"" Valrico FL scholarship application",Valrico,Hillsborough,863193657,0,0,P83,Y,files-990PF;private-foundation:04,,,,,,,,,
D,30,EMILY ROSE EMPWR FOUNDATION,EMILY ROSE EMPWR FOUNDATION,,"""EMILY ROSE EMPWR FOUNDATION"" Odessa FL scholarship application",Odessa,Hillsborough,871761939,0,0,T30,,ntee-grantmaker:T30;name:foundation,,,,,,,,,
D,30,ROGAI FAMILY FOUNDATION INC,ROGAI FAMILY FOUNDATION INC,,"""ROGAI FAMILY FOUNDATION INC"" Tampa FL scholarship application",Tampa,Hillsborough,872806277,0,0,T12,,ntee-grantmaker:T12;name:foundation,,,,,,,,,
D,30,NORTH TAMPA BAY CHAMBER FOUNDATION INC,NORTH TAMPA BAY CHAMBER FOUNDATION INC,,"""NORTH TAMPA BAY CHAMBER FOUNDATION INC"" Wesley Chapel FL scholarship application",Wesley Chapel,Pasco,873442720,0,0,T30,,ntee-grantmaker:T30;name:foundation,,,,,,,,,
D,30,ATELIER TISAKSUK INC,ATELIER TISAKSUK INC,,"""ATELIER TISAKSUK INC"" Tampa FL scholarship application",Tampa,Hillsborough,873660904,0,0,W12,Y,files-990PF;private-foundation:04,,,,,,,,,
D,30,RAVENALA INC,RAVENALA INC,,"""RAVENALA INC"" Saint Petersburg FL scholarship application",Saint Petersburg,Pinellas,874064310,0,0,P50,Y,files-990PF;private-foundation:04,,,,,,,,,
D,30,BEAUTIFUL FEET,BEAUTIFUL FEET,,"""BEAUTIFUL FEET"" Lithia FL scholarship application",Lithia,Hillsborough,874224590,0,0,,Y,files-990PF;private-foundation:04,,,,,,,,,
D,30,MCDIVOTS FOUNDATION INC,MCDIVOTS FOUNDATION INC,,"""MCDIVOTS FOUNDATION INC"" Tampa FL scholarship application",Tampa,Hillsborough,881482498,0,0,T21,,ntee-grantmaker:T21;name:foundation,,,,,,,,,
D,30,CHEERBOOSTER INC,CHEERBOOSTER INC,,"""CHEERBOOSTER INC"" Largo FL scholarship application",Largo,Pinellas,881900914,0,0,N60,Y,files-990PF;private-foundation:04,,,,,,,,,
D,30,MCALX CORP NFP,MCALX CORP NFP,,"""MCALX CORP NFP"" Wesley Chapel FL scholarship application",Wesley Chapel,Pasco,882168750,0,0,A99,Y,files-990PF;private-foundation:03,,,,,,,,,
D,30,LIGA DEPORTIVA SOCIAL Y CULTURAL ECUADOR DE TAMPA BAY INC,LIGA DEPORTIVA SOCIAL Y CULTURAL ECUADOR DE TAMPA BAY INC,,"""LIGA DEPORTIVA SOCIAL Y CULTURAL ECUADOR DE TAMPA BAY INC"" Tampa FL scholarship application",Tampa,Hillsborough,883016226,0,0,N31,Y,files-990PF;private-foundation:04,,,,,,,,,
D,30,EMMANUEL CATHEDRAL CHURCH OF GOD INC,EMMANUEL CATHEDRAL CHURCH OF GOD INC,,"""EMMANUEL CATHEDRAL CHURCH OF GOD INC"" Seffner FL scholarship application",Seffner,Hillsborough,900789166,0,0,X20,Y,files-990PF;private-foundation:04,,,,,,,,,
D,30,WALL OF FIRE GLOBAL HEALING MINISTRY,WALL OF FIRE GLOBAL HEALING MINISTRY,,"""WALL OF FIRE GLOBAL HEALING MINISTRY"" Tampa FL scholarship application",Tampa,Hillsborough,920449472,0,0,R20,Y,files-990PF;private-foundation:04,,,,,,,,,
D,30,BREATH OF KINDNESS FOUNDATION INC,BREATH OF KINDNESS FOUNDATION INC,,"""BREATH OF KINDNESS FOUNDATION INC"" Seffner FL scholarship application",Seffner,Hillsborough,920686957,0,0,T30,,ntee-grantmaker:T30;name:foundation,,,,,,,,,
D,30,AWFULLY GOOD GUILD,AWFULLY GOOD GUILD,,"""AWFULLY GOOD GUILD"" Tampa FL scholarship application",Tampa,Hillsborough,920838625,0,0,T50,Y,files-990PF;private-foundation:04,,,,,,,,,
D,30,JUST HELP OUT FOUNDATION INC,JUST HELP OUT FOUNDATION INC,,"""JUST HELP OUT FOUNDATION INC"" Brandon FL scholarship application",Brandon,Hillsborough,921122153,0,0,T12,,ntee-grantmaker:T12;name:foundation,,,,,,,,,
D,30,WEBBER LEGACY FOUNDATION INC,WEBBER LEGACY FOUNDATION INC,,"""WEBBER LEGACY FOUNDATION INC"" Apollo Beach FL scholarship application",Apollo Beach,Hillsborough,921709690,0,0,T99,,ntee-grantmaker:T99;name:foundation,,,,,,,,,
D,30,EMPOWERMENT AND PREVENTION CORPORATION,EMPOWERMENT AND PREVENTION CORPORATION,,"""EMPOWERMENT AND PREVENTION CORPORATION"" Tampa FL scholarship application",Tampa,Hillsborough,921853629,0,0,G81,Y,files-990PF;private-foundation:04,,,,,,,,,
D,30,BENEDICTION HEALTH CARE INC,BENEDICTION HEALTH CARE INC,,"""BENEDICTION HEALTH CARE INC"" Brandon FL scholarship application",Brandon,Hillsborough,921878363,0,0,E21,Y,files-990PF;private-foundation:04,,,,,,,,,
D,30,REACH 1 TEACH 1 SAVE 1 TAYLOR FOUNDATION INC,REACH 1 TEACH 1 SAVE 1 TAYLOR FOUNDATION INC,,"""REACH 1 TEACH 1 SAVE 1 TAYLOR FOUNDATION INC"" Tampa FL scholarship application",Tampa,Hillsborough,921968312,0,0,T30,,ntee-grantmaker:T30;name:foundation,,,,,,,,,
D,30,BOOST FOUNDATION,BOOST FOUNDATION,,"""BOOST FOUNDATION"" Tampa FL scholarship application",Tampa,Hillsborough,922003067,0,0,T30,,ntee-grantmaker:T30;name:foundation,,,,,,,,,
D,30,RHINO BASEBALL INC,RHINO BASEBALL INC,,"""RHINO BASEBALL INC"" Palmetto FL scholarship application",Palmetto,Manatee,922055807,0,0,N63,Y,files-990PF;private-foundation:04,,,,,,,,,
D,30,GERMANY DIAMOND FOUNDATION,GERMANY DIAMOND FOUNDATION,,"""GERMANY DIAMOND FOUNDATION"" Tampa FL scholarship application",Tampa,Hillsborough,922114878,0,0,T12,,ntee-grantmaker:T12;name:foundation,,,,,,,,,
D,30,KIDS IN DIAPERS,KIDS IN DIAPERS,,"""KIDS IN DIAPERS"" Tampa FL scholarship application",Tampa,Hillsborough,922145205,0,0,P30,Y,files-990PF;private-foundation:04,,,,,,,,,
D,30,BURG BLAZERS ATHLETICS INC,BURG BLAZERS ATHLETICS INC,,"""BURG BLAZERS ATHLETICS INC"" St Petersburg FL scholarship application",St Petersburg,Pinellas,922738079,0,0,N60,Y,files-990PF;private-foundation:04,,,,,,,,,
D,30,SWEET FRIEND FOUNDATION,SWEET FRIEND FOUNDATION,,"""SWEET FRIEND FOUNDATION"" St Petersburg FL scholarship application",St Petersburg,Pinellas,922934042,0,0,T12,,ntee-grantmaker:T12;name:foundation,,,,,,,,,
D,30,DELANIES LEMONADE STAND INC,DELANIES LEMONADE STAND INC,,"""DELANIES LEMONADE STAND INC"" Tampa FL scholarship application",Tampa,Hillsborough,923031461,0,0,D12,Y,files-990PF;private-foundation:04,,,,,,,,,
D,30,813 TAMPA RAVENS,813 TAMPA RAVENS,,"""813 TAMPA RAVENS"" Tampa FL scholarship application",Tampa,Hillsborough,923103654,0,0,N65,Y,files-990PF;private-foundation:04,,,,,,,,,
D,30,IABS PUBLISHING CORP,IABS PUBLISHING CORP,,"""IABS PUBLISHING CORP"" Holiday FL scholarship application",Holiday,Pasco,923136999,0,0,A03,Y,files-990PF;private-foundation:04,,,,,,,,,
D,30,WESTSHORE DISTRICT FOUNDATION INC,WESTSHORE DISTRICT FOUNDATION INC,,"""WESTSHORE DISTRICT FOUNDATION INC"" Tampa FL scholarship application",Tampa,Hillsborough,923142926,0,0,T31,,ntee-grantmaker:T31;name:foundation,,,,,,,,,
D,30,HILLS OF SUCCESS,HILLS OF SUCCESS,,"""HILLS OF SUCCESS"" Saint Petersburg FL scholarship application",Saint Petersburg,Pinellas,923148308,0,0,A11,Y,files-990PF;private-foundation:04,,,,,,,,,
D,30,GODS - ANTZ,GODS - ANTZ,,"""GODS - ANTZ"" Wesley Chapel FL scholarship application",Wesley Chapel,Pasco,923616670,0,0,P01,Y,files-990PF;private-foundation:04,,,,,,,,,
D,30,FENCING FOR A PURPOSE INC,FENCING FOR A PURPOSE INC,,"""FENCING FOR A PURPOSE INC"" Tampa FL scholarship application",Tampa,Hillsborough,931506142,0,0,A12,Y,files-990PF;private-foundation:04,,,,,,,,,
D,30,INDIGENOUS IN MUSIC & ARTS USA INC,INDIGENOUS IN MUSIC & ARTS USA INC,,"""INDIGENOUS IN MUSIC & ARTS USA INC"" Bradenton FL scholarship application",Bradenton,Manatee,931601581,0,0,A20,Y,files-990PF;private-foundation:04,,,,,,,,,
D,30,CARDINAL CARES FOUNDATION,CARDINAL CARES FOUNDATION,,"""CARDINAL CARES FOUNDATION"" Wesley Chapel FL scholarship application",Wesley Chapel,Pasco,931705329,0,0,T31,,ntee-grantmaker:T31;name:foundation,,,,,,,,,
D,30,SRFU FOUNDATION CORPORATION,SRFU FOUNDATION CORPORATION,,"""SRFU FOUNDATION CORPORATION"" Tampa FL scholarship application",Tampa,Hillsborough,931734981,0,0,T30,,ntee-grantmaker:T30;name:foundation,,,,,,,,,
D,30,PORCHES OF LOVE INC,PORCHES OF LOVE INC,,"""PORCHES OF LOVE INC"" Lutz FL scholarship application",Lutz,Hillsborough,931935244,0,0,T50,Y,files-990PF;private-foundation:04,,,,,,,,,
D,30,OUR LIGHT HOUSE INC,OUR LIGHT HOUSE INC,,"""OUR LIGHT HOUSE INC"" Clearwater FL scholarship application",Clearwater,Pinellas,931937584,0,0,P40,Y,files-990PF;private-foundation:04,,,,,,,,,
D,30,CAITEYS CLOSET INC,CAITEYS CLOSET INC,,"""CAITEYS CLOSET INC"" Gulfport FL scholarship application",Gulfport,Pinellas,932207410,0,0,P30,Y,files-990PF;private-foundation:04,,,,,,,,,
D,30,CW MOVIE INC,CW MOVIE INC,,"""CW MOVIE INC"" Tampa FL scholarship application",Tampa,Hillsborough,932235651,0,0,X81,Y,files-990PF;private-foundation:04,,,,,,,,,
D,30,ENGLEWOOD YOUNG PROFESSIONALS SOCIAL CLUB INC,ENGLEWOOD YOUNG PROFESSIONALS SOCIAL CLUB INC,,"""ENGLEWOOD YOUNG PROFESSIONALS SOCIAL CLUB INC"" Englewood FL scholarship application",Englewood,Sarasota,932255708,0,0,P27,Y,files-990PF;private-foundation:04,,,,,,,,,
D,30,WHIRLWIND DREAMERS INC,WHIRLWIND DREAMERS INC,,"""WHIRLWIND DREAMERS INC"" Port Richey FL scholarship application",Port Richey,Pasco,932256841,0,0,A20,Y,files-990PF;private-foundation:04,,,,,,,,,
D,30,CHANAS LIGHT INC,CHANAS LIGHT INC,,"""CHANAS LIGHT INC"" Odessa FL scholarship application",Odessa,Hillsborough,932262309,0,0,K31,Y,files-990PF;private-foundation:04,,,,,,,,,
D,30,RMC FOUNDATION INC,RMC FOUNDATION INC,,"""RMC FOUNDATION INC"" Bradenton FL scholarship application",Bradenton,Manatee,932313612,0,0,T99,,ntee-grantmaker:T99;name:foundation,,,,,,,,,
D,30,CHAD DAYTON FOUNDATION INCORPORATED,CHAD DAYTON FOUNDATION INCORPORATED,,"""CHAD DAYTON FOUNDATION INCORPORATED"" Seminole FL scholarship application",Seminole,Pinellas,932331535,0,0,T12,,ntee-grantmaker:T12;name:foundation,,,,,,,,,
D,30,DAEDALIANS SUNCOAST FLIGHT,DAEDALIANS SUNCOAST FLIGHT,,"""DAEDALIANS SUNCOAST FLIGHT"" Tampa FL scholarship application",Tampa,Hillsborough,932354657,0,0,W30,Y,files-990PF;private-foundation:04,,,,,,,,,
D,30,DBU INC,DBU INC,,"""DBU INC"" Wesley Chapel FL scholarship application",Wesley Chapel,Pasco,932442600,0,0,,Y,files-990PF;private-foundation:04,,,,,,,,,
D,30,ALKAPPS FOUNDATION INC,ALKAPPS FOUNDATION INC,,"""ALKAPPS FOUNDATION INC"" Safety Harbor FL scholarship application",Safety Harbor,Pinellas,932538637,0,0,T30,,ntee-grantmaker:T30;name:foundation,,,,,,,,,
D,30,QUEENS IN PINK INC,QUEENS IN PINK INC,,"""QUEENS IN PINK INC"" Tampa FL scholarship application",Tampa,Hillsborough,932640844,0,0,A19,Y,files-990PF;private-foundation:04,,,,,,,,,
D,30,941 HOOPS INC,941 HOOPS INC,,"""941 HOOPS INC"" Venice FL scholarship application",Venice,Sarasota,932641514,0,0,N62,Y,files-990PF;private-foundation:04,,,,,,,,,
D,30,CHRIST CHILD SOCIETY OF SARASOTA-BRADENTON,CHRIST CHILD SOCIETY OF SARASOTA-BRADENTON,,"""CHRIST CHILD SOCIETY OF SARASOTA-BRADENTON"" Sarasota FL scholarship application",Sarasota,Sarasota,932728941,0,0,P30,Y,files-990PF;private-foundation:04,,,,,,,,,
D,30,SUN BASH TOURNAMENTS EVENTS CORP,SUN BASH TOURNAMENTS EVENTS CORP,,"""SUN BASH TOURNAMENTS EVENTS CORP"" Tampa FL scholarship application",Tampa,Hillsborough,932817550,0,0,N62,Y,files-990PF;private-foundation:04,,,,,,,,,
D,30,REGION 6 COUNCIL FOR DIASPORA AFFAIRS INC,REGION 6 COUNCIL FOR DIASPORA AFFAIRS INC,,"""REGION 6 COUNCIL FOR DIASPORA AFFAIRS INC"" Tampa FL scholarship application",Tampa,Hillsborough,932895733,0,0,Q32,Y,files-990PF;private-foundation:04,,,,,,,,,
D,30,LARKS NEST INC,LARKS NEST INC,,"""LARKS NEST INC"" Dade City FL scholarship application",Dade City,Pasco,932971974,0,0,A25,Y,files-990PF;private-foundation:04,,,,,,,,,
D,30,MINDFUL PATHS CENTER INC,MINDFUL PATHS CENTER INC,,"""MINDFUL PATHS CENTER INC"" Sarasota FL scholarship application",Sarasota,Sarasota,933148489,0,0,F30,Y,files-990PF;private-foundation:04,,,,,,,,,
D,30,FLORIDA PREMIER BASKETBALL LLC,FLORIDA PREMIER BASKETBALL LLC,,"""FLORIDA PREMIER BASKETBALL LLC"" Tampa FL scholarship application",Tampa,Hillsborough,933195302,0,0,N62,Y,files-990PF;private-foundation:04,,,,,,,,,
D,30,CURE GUARDIANS INC,CURE GUARDIANS INC,,"""CURE GUARDIANS INC"" Tampa FL scholarship application",Tampa,Hillsborough,933233455,0,0,H01,Y,files-990PF;private-foundation:04,,,,,,,,,
D,30,ROOTED DOOR ORGANIZATION INC,ROOTED DOOR ORGANIZATION INC,,"""ROOTED DOOR ORGANIZATION INC"" Lutz FL scholarship application",Lutz,Hillsborough,933269181,0,0,P50,Y,files-990PF;private-foundation:04,,,,,,,,,
D,30,ROSENWALD DOCUMENTARY PC,ROSENWALD DOCUMENTARY PC,,"""ROSENWALD DOCUMENTARY PC"" Riverview FL scholarship application",Riverview,Hillsborough,933411944,0,0,A23,Y,files-990PF;private-foundation:04,,,,,,,,,
D,30,A LEGACY OF PEARLFECTION FOUNDATION,A LEGACY OF PEARLFECTION FOUNDATION,,"""A LEGACY OF PEARLFECTION FOUNDATION"" Wesley Chapel FL scholarship application",Wesley Chapel,Pasco,933535874,0,0,T31,,ntee-grantmaker:T31;name:foundation,,,,,,,,,
D,30,ST PETERSBURG FL CHAPTER SPEBSQSA INC,ST PETERSBURG FL CHAPTER SPEBSQSA INC,,"""ST PETERSBURG FL CHAPTER SPEBSQSA INC"" St Petersburg FL scholarship application",St Petersburg,Pinellas,933537490,0,0,A60,Y,files-990PF;private-foundation:04,,,,,,,,,
D,30,HEALING HEARTS AND MINDS INITIATIVE INC,HEALING HEARTS AND MINDS INITIATIVE INC,,"""HEALING HEARTS AND MINDS INITIATIVE INC"" Wesley Chapel FL scholarship application",Wesley Chapel,Pasco,933618917,0,0,P99,Y,files-990PF;private-foundation:04,,,,,,,,,
D,30,DAILY STRENGTH,DAILY STRENGTH,,"""DAILY STRENGTH"" Tampa FL scholarship application",Tampa,Hillsborough,933704456,0,0,F01,Y,files-990PF;private-foundation:04,,,,,,,,,
D,30,PRESHAE PROJECT INC,PRESHAE PROJECT INC,,"""PRESHAE PROJECT INC"" Land O Lakes FL scholarship application",Land O Lakes,Pasco,933790673,0,0,O50,Y,files-990PF;private-foundation:04,,,,,,,,,
D,30,WALK GROUP DEVELOPMENT INC,WALK GROUP DEVELOPMENT INC,,"""WALK GROUP DEVELOPMENT INC"" Lutz FL scholarship application",Lutz,Hillsborough,933873246,0,0,P20,Y,files-990PF;private-foundation:04,,,,,,,,,
D,30,ELIZABETH HOLLAND BEST DRESSED FOUNDATION CORP,ELIZABETH HOLLAND BEST DRESSED FOUNDATION CORP,,"""ELIZABETH HOLLAND BEST DRESSED FOUNDATION CORP"" Clearwater FL scholarship application",Clearwater,Pinellas,933922472,0,0,T30,,ntee-grantmaker:T30;name:foundation,,,,,,,,,
D,30,HOPE CHEST CORP,HOPE CHEST CORP,,"""HOPE CHEST CORP"" Wesley Chapel FL scholarship application",Wesley Chapel,Pasco,933949944,0,0,P12,Y,files-990PF;private-foundation:04,,,,,,,,,
D,30,SATURDAY BOWLING WITH FRIENDS INC,SATURDAY BOWLING WITH FRIENDS INC,,"""SATURDAY BOWLING WITH FRIENDS INC"" St Petersburg FL scholarship application",St Petersburg,Pinellas,933968261,0,0,N60,Y,files-990PF;private-foundation:04,,,,,,,,,
D,30,FIGHTER FOR FATHERS,FIGHTER FOR FATHERS,,"""FIGHTER FOR FATHERS"" Bradenton FL scholarship application",Bradenton,Manatee,934051264,0,0,R01,Y,files-990PF;private-foundation:04,,,,,,,,,
D,30,BAY AREA BUCKEYES FOOTBALL INC,BAY AREA BUCKEYES FOOTBALL INC,,"""BAY AREA BUCKEYES FOOTBALL INC"" Tampa FL scholarship application",Tampa,Hillsborough,934091259,0,0,N65,Y,files-990PF;private-foundation:04,,,,,,,,,
D,30,LADY VIPERS SOFTBALL INC,LADY VIPERS SOFTBALL INC,,"""LADY VIPERS SOFTBALL INC"" Tampa FL scholarship application",Tampa,Hillsborough,934290193,0,0,N63,Y,files-990PF;private-foundation:04,,,,,,,,,
D,30,BLAZIN RAVENZ PERFORMANCE,BLAZIN RAVENZ PERFORMANCE,,"""BLAZIN RAVENZ PERFORMANCE"" Clearwater FL scholarship application",Clearwater,Pinellas,934359078,0,0,N02,Y,files-990PF;private-foundation:04,,,,,,,,,
D,30,ANOTHER MANS TREASURE RESCUE INCOPORATED,ANOTHER MANS TREASURE RESCUE INCOPORATED,,"""ANOTHER MANS TREASURE RESCUE INCOPORATED"" Tampa FL scholarship application",Tampa,Hillsborough,934381150,0,0,D20,Y,files-990PF;private-foundation:04,,,,,,,,,
D,30,SUNSHINE HOPE INC,SUNSHINE HOPE INC,,"""SUNSHINE HOPE INC"" Bradenton FL scholarship application",Bradenton,Manatee,934410778,0,0,C12,Y,files-990PF;private-foundation:04,,,,,,,,,
D,30,PALMER RANCH SINGERS INC,PALMER RANCH SINGERS INC,,"""PALMER RANCH SINGERS INC"" Sarasota FL scholarship application",Sarasota,Sarasota,934509191,0,0,A6B,Y,files-990PF;private-foundation:03,,,,,,,,,
D,30,FUELING FEMALE CHAMPIONS,FUELING FEMALE CHAMPIONS,,"""FUELING FEMALE CHAMPIONS"" Wesley Chapel FL scholarship application",Wesley Chapel,Pasco,934628613,0,0,F02,Y,files-990PF;private-foundation:04,,,,,,,,,
D,30,BUCKINGHAM FARM ANIMAL RESCUE,BUCKINGHAM FARM ANIMAL RESCUE,,"""BUCKINGHAM FARM ANIMAL RESCUE"" Dover FL scholarship application",Dover,Hillsborough,934676090,0,0,D20,Y,files-990PF;private-foundation:04,,,,,,,,,
D,30,FIRECRACKERS MUELLER 26 27 SOFTBALL INC,FIRECRACKERS MUELLER 26 27 SOFTBALL INC,,"""FIRECRACKERS MUELLER 26 27 SOFTBALL INC"" Plant City FL scholarship application",Plant City,Hillsborough,934844642,0,0,N60,Y,files-990PF;private-foundation:04,,,,,,,,,
D,30,TRIGGERS AND TREASURE,TRIGGERS AND TREASURE,,"""TRIGGERS AND TREASURE"" Port Richey FL scholarship application",Port Richey,Pasco,934868478,0,0,K30,Y,files-990PF;private-foundation:04,,,,,,,,,
D,30,JOURNEY TO LIVEWELL INC,JOURNEY TO LIVEWELL INC,,"""JOURNEY TO LIVEWELL INC"" St Petersburg FL scholarship application",St Petersburg,Pinellas,934877932,0,0,P83,Y,files-990PF;private-foundation:04,,,,,,,,,
D,30,PRISSYS PANTRY,PRISSYS PANTRY,,"""PRISSYS PANTRY"" Brandon FL scholarship application",Brandon,Hillsborough,934902929,0,0,P20,Y,files-990PF;private-foundation:04,,,,,,,,,
D,30,PEACEFUL PAWZ HAVEN,PEACEFUL PAWZ HAVEN,,"""PEACEFUL PAWZ HAVEN"" Dade City FL scholarship application",Dade City,Pasco,934903123,0,0,D20,Y,files-990PF;private-foundation:04,,,,,,,,,
D,30,TRIGGERED TREASURE,TRIGGERED TREASURE,,"""TRIGGERED TREASURE"" Port Richey FL scholarship application",Port Richey,Pasco,934910794,0,0,F30,Y,files-990PF;private-foundation:04,,,,,,,,,
D,30,KAFFIL EL-YATIM FOUNDATION,KAFFIL EL-YATIM FOUNDATION,,"""KAFFIL EL-YATIM FOUNDATION"" Seffner FL scholarship application",Seffner,Hillsborough,934933898,0,0,T30,,ntee-grantmaker:T30;name:foundation,,,,,,,,,
D,30,TAMPA PITTIE KREWE CORP,TAMPA PITTIE KREWE CORP,,"""TAMPA PITTIE KREWE CORP"" Tampa FL scholarship application",Tampa,Hillsborough,990569727,0,0,D01,Y,files-990PF;private-foundation:04,,,,,,,,,
D,30,CEO PROJECT,CEO PROJECT,,"""CEO PROJECT"" Tampa FL scholarship application",Tampa,Hillsborough,990637276,0,0,O50,Y,files-990PF;private-foundation:04,,,,,,,,,
D,30,TAMPA BAY TAR HEELS YOUTH SPORTS CORP,TAMPA BAY TAR HEELS YOUTH SPORTS CORP,,"""TAMPA BAY TAR HEELS YOUTH SPORTS CORP"" Wesley Chapel FL scholarship application",Wesley Chapel,Pasco,990833484,0,0,A11,Y,files-990PF;private-foundation:04,,,,,,,,,
D,30,TAMPA BAY BALL HOCKEY LEAGUE,TAMPA BAY BALL HOCKEY LEAGUE,,"""TAMPA BAY BALL HOCKEY LEAGUE"" Ruskin FL scholarship application",Ruskin,Hillsborough,991021630,0,0,N60,Y,files-990PF;private-foundation:04,,,,,,,,,
D,30,TIMELESS FRAMES FOUNDATION CORP,TIMELESS FRAMES FOUNDATION CORP,,"""TIMELESS FRAMES FOUNDATION CORP"" Tampa FL scholarship application",Tampa,Hillsborough,991127030,0,0,T99,,ntee-grantmaker:T99;name:foundation,,,,,,,,,
D,30,BAY AREA BUCS,BAY AREA BUCS,,"""BAY AREA BUCS"" Tampa FL scholarship application",Tampa,Hillsborough,991140920,0,0,A11,Y,files-990PF;private-foundation:04,,,,,,,,,
D,30,ACUTIENAMEDSTEWIE INC,ACUTIENAMEDSTEWIE INC,,"""ACUTIENAMEDSTEWIE INC"" St Petersburg FL scholarship application",St Petersburg,Pinellas,991498304,0,0,D12,Y,files-990PF;private-foundation:04,,,,,,,,,
D,30,YANA MINISTRIES INC,YANA MINISTRIES INC,,"""YANA MINISTRIES INC"" St Petersburg FL scholarship application",St Petersburg,Pinellas,991586816,0,0,P99,Y,files-990PF;private-foundation:04,,,,,,,,,
D,30,BEEP BEEP ROADRUNNER TRANSPORTATION,BEEP BEEP ROADRUNNER TRANSPORTATION,,"""BEEP BEEP ROADRUNNER TRANSPORTATION"" Brandon FL scholarship application",Brandon,Hillsborough,991599056,0,0,P20,Y,files-990PF;private-foundation:04,,,,,,,,,
D,30,COASTAL CRUSADERS FLORIDA INC,COASTAL CRUSADERS FLORIDA INC,,"""COASTAL CRUSADERS FLORIDA INC"" St Petersburg FL scholarship application",St Petersburg,Pinellas,991924933,0,0,C32,Y,files-990PF;private-foundation:04,,,,,,,,,
D,30,VASH RE INVESTMENTSSARA INC,VASH RE INVESTMENTSSARA INC,,"""VASH RE INVESTMENTSSARA INC"" Sarasota FL scholarship application",Sarasota,Sarasota,991997958,0,0,P30,Y,files-990PF;private-foundation:04,,,,,,,,,
D,30,AWAKEN DREAMS FOUNDATION INC,AWAKEN DREAMS FOUNDATION INC,,"""AWAKEN DREAMS FOUNDATION INC"" Clearwater FL scholarship application",Clearwater,Pinellas,992054276,0,0,T30,,ntee-grantmaker:T30;name:foundation,,,,,,,,,
D,30,MAKE A DIFFERENCE MINISTRIES INC,MAKE A DIFFERENCE MINISTRIES INC,,"""MAKE A DIFFERENCE MINISTRIES INC"" Dunedin FL scholarship application",Dunedin,Pinellas,992365779,0,0,X20,Y,files-990PF;private-foundation:04,,,,,,,,,
D,30,SUPPORTIVE EMPOWERMENT HOUSE,SUPPORTIVE EMPOWERMENT HOUSE,,"""SUPPORTIVE EMPOWERMENT HOUSE"" St Petersburg FL scholarship application",St Petersburg,Pinellas,992478693,0,0,F20,Y,files-990PF;private-foundation:04,,,,,,,,,
D,30,COMMISSION TABLE,COMMISSION TABLE,,"""COMMISSION TABLE"" Clearwater FL scholarship application",Clearwater,Pinellas,992511331,0,0,T50,Y,files-990PF;private-foundation:04,,,,,,,,,
D,30,NATIONAL JROTC LEADERSHIP FOUNDATION INC,NATIONAL JROTC LEADERSHIP FOUNDATION INC,,"""NATIONAL JROTC LEADERSHIP FOUNDATION INC"" St Petersburg FL scholarship application",St Petersburg,Pinellas,992687879,0,0,T30,,ntee-grantmaker:T30;name:foundation,,,,,,,,,
D,30,THE TAYLOR KOULOURIS FOUNDATION INC,THE TAYLOR KOULOURIS FOUNDATION INC,,"""THE TAYLOR KOULOURIS FOUNDATION INC"" Tampa FL scholarship application",Tampa,Hillsborough,992840102,0,0,T30,,ntee-grantmaker:T30;name:foundation,,,,,,,,,
D,30,BATTISTON LYONGA FOUNDATION,BATTISTON LYONGA FOUNDATION,,"""BATTISTON LYONGA FOUNDATION"" Riverview FL scholarship application",Riverview,Hillsborough,993027176,0,0,T30,,ntee-grantmaker:T30;name:foundation,,,,,,,,,
D,30,LASE INC,LASE INC,,"""LASE INC"" Sun City Center FL scholarship application",Sun City Center,Hillsborough,993099364,0,0,N60,Y,files-990PF;private-foundation:04,,,,,,,,,
D,30,BRICKHOUSE FAMILY FOUNDATION INC,BRICKHOUSE FAMILY FOUNDATION INC,,"""BRICKHOUSE FAMILY FOUNDATION INC"" Sarasota FL scholarship application",Sarasota,Sarasota,993330606,0,0,T12,,ntee-grantmaker:T12;name:foundation,,,,,,,,,
D,30,WE CARE-FL CORP,WE CARE-FL CORP,,"""WE CARE-FL CORP"" Palm Harbor FL scholarship application",Palm Harbor,Pinellas,993421510,0,0,D20,Y,files-990PF;private-foundation:04,,,,,,,,,
D,30,SCOVILLESTRONG FOUNDATION INC,SCOVILLESTRONG FOUNDATION INC,,"""SCOVILLESTRONG FOUNDATION INC"" Trinity FL scholarship application",Trinity,Pasco,993952040,0,0,T12,,ntee-grantmaker:T12;name:foundation,,,,,,,,,
D,30,CHESTER RED WILSON CHARITABLE FOUNDATION INC,CHESTER RED WILSON CHARITABLE FOUNDATION INC,,"""CHESTER RED WILSON CHARITABLE FOUNDATION INC"" Venice FL scholarship application",Venice,Sarasota,994358262,0,0,T31,,ntee-grantmaker:T31;name:foundation,,,,,,,,,
D,30,LATIN CONNECTZ INC,LATIN CONNECTZ INC,,"""LATIN CONNECTZ INC"" St Petersburg FL scholarship application",St Petersburg,Pinellas,994449968,0,0,I21,Y,files-990PF;private-foundation:04,,,,,,,,,
D,30,KINGDOM 1ST MINISTRIES INC,KINGDOM 1ST MINISTRIES INC,,"""KINGDOM 1ST MINISTRIES INC"" Clearwater FL scholarship application",Clearwater,Pinellas,994640676,0,0,X12,Y,files-990PF;private-foundation:04,,,,,,,,,
D,30,GLORIAS PLEDGE,GLORIAS PLEDGE,,"""GLORIAS PLEDGE"" Riverview FL scholarship application",Riverview,Hillsborough,994723893,0,0,P20,Y,files-990PF;private-foundation:03,,,,,,,,,
D,25,HILLSBOROUGH CONSORTIUM FOR TECHNOLOGY AND EDUCATION INC,HILLSBOROUGH CONSORTIUM FOR TECHNOLOGY AND EDUCATION INC,,"""HILLSBOROUGH CONSORTIUM FOR TECHNOLOGY AND EDUCATION INC"" Tampa FL scholarship application",Tampa,Hillsborough,311579966,843237,199659,T30,,ntee-grantmaker:T30;name:education,,,,,,,,,
D,23,FOUNDATION FOR DENTAL HEALTH EDUCATION,FOUNDATION FOR DENTAL HEALTH EDUCATION,,"""FOUNDATION FOR DENTAL HEALTH EDUCATION"" Brandon FL scholarship application",Brandon,Hillsborough,363713046,262017,46076,B12,,name:foundation;ntee-education:B12;name:education,,,,,,,,,
D,23,KREWE OF THE KNIGHTS OF SANT YAGO EDUCATION FOUNDATION INC,KREWE OF THE KNIGHTS OF SANT YAGO EDUCATION FOUNDATION INC,,"""KREWE OF THE KNIGHTS OF SANT YAGO EDUCATION FOUNDATION INC"" Oldsmar FL scholarship application",Oldsmar,Pinellas,311467827,259329,359648,B82Z,,name:foundation;ntee-education:B82Z;name:education,,,,,,,,,
D,23,BOOKER HIGH SCHOOL FOUNDATION FOR ARTS & EDUCATION INC,BOOKER HIGH SCHOOL FOUNDATION FOR ARTS & EDUCATION INC,,"""BOOKER HIGH SCHOOL FOUNDATION FOR ARTS & EDUCATION INC"" Sarasota FL scholarship application",Sarasota,Sarasota,043674332,206750,184049,B11,,name:foundation;ntee-education:B11;name:education,,,,,,,,,
D,23,MANATEE TECHNICAL COLLEGE FOUNDATION,MANATEE TECHNICAL COLLEGE FOUNDATION,,"""MANATEE TECHNICAL COLLEGE FOUNDATION"" Bradenton FL scholarship application",Bradenton,Manatee,300096001,158363,62532,B112,,name:foundation;ntee-education:B112;name:education,,,,,,,,,
D,23,SHRINERS INTERNATIONAL EDUCATION FOUNDATION,SHRINERS INTERNATIONAL EDUCATION FOUNDATION,,"""SHRINERS INTERNATIONAL EDUCATION FOUNDATION"" Tampa FL scholarship application",Tampa,Hillsborough,813788196,49274,277070,B12,,name:foundation;ntee-education:B12;name:education,,,,,,,,,
D,23,INTERNATIONAL ACADEMY OF HEALTH PREFERENCE RESEARCH FOUNDATION,INTERNATIONAL ACADEMY OF HEALTH PREFERENCE RESEARCH FOUNDATION,,"""INTERNATIONAL ACADEMY OF HEALTH PREFERENCE RESEARCH FOUNDATION"" Tampa FL scholarship application",Tampa,Hillsborough,464730583,22306,46074,B03,,name:foundation;ntee-education:B03;name:education,,,,,,,,,
D,23,MORNINGSTAR EDUCATIONAL FOUNDATION INC,MORNINGSTAR EDUCATIONAL FOUNDATION INC,,"""MORNINGSTAR EDUCATIONAL FOUNDATION INC"" Sarasota FL scholarship application",Sarasota,Sarasota,991238212,19006,738890,B99,,name:foundation;ntee-education:B99;name:education,,,,,,,,,
D,23,HILLSBOROUGH COMMUNITY COLLEGE DEVELOPMENT FOUNDATION INC,HILLSBOROUGH COMMUNITY COLLEGE DEVELOPMENT FOUNDATION INC,,"""HILLSBOROUGH COMMUNITY COLLEGE DEVELOPMENT FOUNDATION INC"" Tampa FL scholarship application",Tampa,Hillsborough,203507499,1,0,B12,,name:foundation;ntee-education:B12;name:education,,,,,,,,,
D,23,RECRUITING EDUCATION FOUNDATION INC,RECRUITING EDUCATION FOUNDATION INC,,"""RECRUITING EDUCATION FOUNDATION INC"" Tampa FL scholarship application",Tampa,Hillsborough,272759574,1,1500,B90,,name:foundation;ntee-education:B90;name:education,,,,,,,,,
D,23,EAST MANATEE EDUCATIONAL FOUNDATION INC,EAST MANATEE EDUCATIONAL FOUNDATION INC,,"""EAST MANATEE EDUCATIONAL FOUNDATION INC"" Sarasota FL scholarship application",Sarasota,Sarasota,205266819,0,0,B112,,name:foundation;ntee-education:B112;name:education,,,,,,,,,
D,23,UPPER TAMPA BAY CHAMBER EDUCATION FOUNDATION,UPPER TAMPA BAY CHAMBER EDUCATION FOUNDATION,,"""UPPER TAMPA BAY CHAMBER EDUCATION FOUNDATION"" Oldsmar FL scholarship application",Oldsmar,Pinellas,260134033,0,0,B90,,name:foundation;ntee-education:B90;name:education,,,,,,,,,
D,23,COUCH MUSIC EDUCATION FOUNDATION INC,COUCH MUSIC EDUCATION FOUNDATION INC,,"""COUCH MUSIC EDUCATION FOUNDATION INC"" Palmetto FL scholarship application",Palmetto,Manatee,271759668,0,0,B28,,name:foundation;ntee-education:B28;name:education,,,,,,,,,
D,23,DR MELVIN C TERRELL EDUCATIONAL FOUNDATION INC,DR MELVIN C TERRELL EDUCATIONAL FOUNDATION INC,,"""DR MELVIN C TERRELL EDUCATIONAL FOUNDATION INC"" Tampa FL scholarship application",Tampa,Hillsborough,300363978,0,0,B80,,name:foundation;ntee-education:B80;name:education,,,,,,,,,
D,23,DR MARY LINDSEY EDUCATIONAL FOUNDATION INC,DR MARY LINDSEY EDUCATIONAL FOUNDATION INC,,"""DR MARY LINDSEY EDUCATIONAL FOUNDATION INC"" Tampa FL scholarship application",Tampa,Hillsborough,393126606,0,0,B20,,name:foundation;ntee-education:B20;name:education,,,,,,,,,
D,23,EDUCATION FOUNDATION FOR INNOVATION INC,EDUCATION FOUNDATION FOR INNOVATION INC,,"""EDUCATION FOUNDATION FOR INNOVATION INC"" Tampa FL scholarship application",Tampa,Hillsborough,453790619,0,0,B11,,name:foundation;ntee-education:B11;name:education,,,,,,,,,
D,23,BLOOMINGDALE HIGH SCHOOL ACADEMIC FOUNDATION INC,BLOOMINGDALE HIGH SCHOOL ACADEMIC FOUNDATION INC,,"""BLOOMINGDALE HIGH SCHOOL ACADEMIC FOUNDATION INC"" Valrico FL scholarship application",Valrico,Hillsborough,471054620,0,0,B90,,name:foundation;ntee-education:B90;name:education,,,,,,,,,
D,23,FLORIDA ENRICHMENT ACADEMY FOUNDATION INC,FLORIDA ENRICHMENT ACADEMY FOUNDATION INC,,"""FLORIDA ENRICHMENT ACADEMY FOUNDATION INC"" Sarasota FL scholarship application",Sarasota,Sarasota,471612002,0,0,B90,,name:foundation;ntee-education:B90;name:education,,,,,,,,,
D,23,NATIVE INDIAN AMERICAN EDUCATIONAL FOUNDATION INC,NATIVE INDIAN AMERICAN EDUCATIONAL FOUNDATION INC,,"""NATIVE INDIAN AMERICAN EDUCATIONAL FOUNDATION INC"" St Petersburg FL scholarship application",St Petersburg,Pinellas,593401644,0,0,B80,,name:foundation;ntee-education:B80;name:education,,,,,,,,,
D,23,ALIENA J SHEA LEARNING FOUNDATION INC,ALIENA J SHEA LEARNING FOUNDATION INC,,"""ALIENA J SHEA LEARNING FOUNDATION INC"" Sarasota FL scholarship application",Sarasota,Sarasota,810835561,0,0,B20,,name:foundation;ntee-education:B20;name:education,,,,,,,,,
D,23,ELECTUS LIFE EDUCATION FOUNDATION INC,ELECTUS LIFE EDUCATION FOUNDATION INC,,"""ELECTUS LIFE EDUCATION FOUNDATION INC"" Tampa FL scholarship application",Tampa,Hillsborough,810901829,0,0,B99,,name:foundation;ntee-education:B99;name:education,,,,,,,,,
D,23,JACKSON EDUCATIONAL FOUNDATION,JACKSON EDUCATIONAL FOUNDATION,,"""JACKSON EDUCATIONAL FOUNDATION"" Tampa FL scholarship application",Tampa,Hillsborough,811193047,0,0,B99,,name:foundation;ntee-education:B99;name:education,,,,,,,,,
D,23,MADDA EDUCATIONAL FOUNDATION INC,MADDA EDUCATIONAL FOUNDATION INC,,"""MADDA EDUCATIONAL FOUNDATION INC"" Bradenton FL scholarship application",Bradenton,Manatee,812503348,0,0,B99,,name:foundation;ntee-education:B99;name:education,,,,,,,,,
D,23,VIETNAM WALL EDUCATION FOUNDATION INC,VIETNAM WALL EDUCATION FOUNDATION INC,,"""VIETNAM WALL EDUCATION FOUNDATION INC"" North Port FL scholarship application",North Port,Sarasota,814810624,0,0,B12,,name:foundation;ntee-education:B12;name:education,,,,,,,,,
D,23,JAMES MARTIN JR EDUCATIONAL FOUNDATION INC,JAMES MARTIN JR EDUCATIONAL FOUNDATION INC,,"""JAMES MARTIN JR EDUCATIONAL FOUNDATION INC"" Tampa FL scholarship application",Tampa,Hillsborough,862779335,0,0,B80,,name:foundation;ntee-education:B80;name:education,,,,,,,,,
D,23,932 EDUCATION FOUNDATION,932 EDUCATION FOUNDATION,,"""932 EDUCATION FOUNDATION"" Tampa FL scholarship application",Tampa,Hillsborough,873699447,0,0,B12,,name:foundation;ntee-education:B12;name:education,,,,,,,,,
D,23,ZETA EDUCATION AND LEADERSHIP FOUNDATION INC,ZETA EDUCATION AND LEADERSHIP FOUNDATION INC,,"""ZETA EDUCATION AND LEADERSHIP FOUNDATION INC"" Riverview FL scholarship application",Riverview,Hillsborough,873712579,0,0,B99,,name:foundation;ntee-education:B99;name:education,,,,,,,,,
D,23,DIGITAL EDUCATION FOUNDATION INC,DIGITAL EDUCATION FOUNDATION INC,,"""DIGITAL EDUCATION FOUNDATION INC"" Tampa FL scholarship application",Tampa,Hillsborough,881609915,0,0,B90,,name:foundation;ntee-education:B90;name:education,,,,,,,,,
D,23,LIGHTHOUSE EDUCATIONAL FOUNDATION INC,LIGHTHOUSE EDUCATIONAL FOUNDATION INC,,"""LIGHTHOUSE EDUCATIONAL FOUNDATION INC"" Sarasota FL scholarship application",Sarasota,Sarasota,923824618,0,0,B24,,name:foundation;ntee-education:B24;name:education,,,,,,,,,
D,23,CARLOS JENKINS CONCUSSION TRAINING EDUCATION FOUNDATION,CARLOS JENKINS CONCUSSION TRAINING EDUCATION FOUNDATION,,"""CARLOS JENKINS CONCUSSION TRAINING EDUCATION FOUNDATION"" Gibsonton FL scholarship application",Gibsonton,Hillsborough,932498014,0,0,B20,,name:foundation;ntee-education:B20;name:education,,,,,,,,,
D,20,H W FERGUSON MEMORIAL TR,H W FERGUSON MEMORIAL TR,,"""H W FERGUSON MEMORIAL TR"" Tampa FL scholarship application",Tampa,Hillsborough,456345216,965238,0,,Y,files-990PF,,,,,,,,,
D,20,TIMBERLY TRUST INC,TIMBERLY TRUST INC,,"""TIMBERLY TRUST INC"" Brandon FL scholarship application",Brandon,Hillsborough,593174543,910509,23443,T30,,ntee-grantmaker:T30,,,,,,,,,
D,20,GULF COAST STRATEGIC INVESTMENTS INC,GULF COAST STRATEGIC INVESTMENTS INC,,"""GULF COAST STRATEGIC INVESTMENTS INC"" Venice FL scholarship application",Venice,Sarasota,202651678,837228,0,T30,,ntee-grantmaker:T30,,,,,,,,,
D,20,FLORENCE H SPEARE MEMORIAL BLDG TRUST 14 1100142620,FLORENCE H SPEARE MEMORIAL BLDG TRUST 14 1100142620,,"""FLORENCE H SPEARE MEMORIAL BLDG TRUST 14 1100142620"" St Petersburg FL scholarship application",St Petersburg,Pinellas,026007722,819806,0,,Y,files-990PF,,,,,,,,,
D,20,TAMPA FIREFIGHTERS CHARITY FUND INC,TAMPA FIREFIGHTERS CHARITY FUND INC,,"""TAMPA FIREFIGHTERS CHARITY FUND INC"" Tampa FL scholarship application",Tampa,Hillsborough,550842602,746161,130019,T12,,ntee-grantmaker:T12,,,,,,,,,
D,20,JEANETTE B MCCAY IRRV TR 091619,JEANETTE B MCCAY IRRV TR 091619,,"""JEANETTE B MCCAY IRRV TR 091619"" Englewood FL scholarship application",Englewood,Sarasota,656315837,729028,0,,Y,files-990PF,,,,,,,,,
D,20,LIGHT IN DARKNESS MINISTRIES,LIGHT IN DARKNESS MINISTRIES,,"""LIGHT IN DARKNESS MINISTRIES"" St Petersburg FL scholarship application",St Petersburg,Pinellas,832448804,683796,480892,T30,,ntee-grantmaker:T30,,,,,,,,,
D,20,DOLORES A RUIZ IRRV SETTLEMENT TR 06292022,DOLORES A RUIZ IRRV SETTLEMENT TR 06292022,,"""DOLORES A RUIZ IRRV SETTLEMENT TR 06292022"" Tampa FL scholarship application",Tampa,Hillsborough,926188058,681359,0,,Y,files-990PF,,,,,,,,,
D,20,TAMPA BAY AREA CREDIT UNIONS FOR KIDS INC,TAMPA BAY AREA CREDIT UNIONS FOR KIDS INC,,"""TAMPA BAY AREA CREDIT UNIONS FOR KIDS INC"" Tampa FL scholarship application",Tampa,Hillsborough,203068168,676896,409799,T30,,ntee-grantmaker:T30,,,,,,,,,
D,20,WEST FLORIDA PREMIER SOCCER CLUB INC,WEST FLORIDA PREMIER SOCCER CLUB INC,,"""WEST FLORIDA PREMIER SOCCER CLUB INC"" Brandon FL scholarship application",Brandon,Hillsborough,800609882,644581,3090072,T21,,ntee-grantmaker:T21,,,,,,,,,
D,20,RICHARD A LINDBERG TR FBO SALVATION ARMY,RICHARD A LINDBERG TR FBO SALVATION ARMY,,"""RICHARD A LINDBERG TR FBO SALVATION ARMY"" Tampa FL scholarship application",Tampa,Hillsborough,396768713,633824,0,,Y,files-990PF,,,,,,,,,
D,20,YBOR CITY CHAMBER OF COMMERCE INC,YBOR CITY CHAMBER OF COMMERCE INC,,"""YBOR CITY CHAMBER OF COMMERCE INC"" Tampa FL scholarship application",Tampa,Hillsborough,590518334,606877,408535,T30,,ntee-grantmaker:T30,,,,,,,,,
D,20,JOHN AND EVA AMOND TR,JOHN AND EVA AMOND TR,,"""JOHN AND EVA AMOND TR"" Tampa FL scholarship application",Tampa,Hillsborough,207493412,591147,0,,Y,files-990PF,,,,,,,,,
D,20,INTERNATIONAL CARDIONCOLOGY SOCIETY OF NORTH AMERICA INC,INTERNATIONAL CARDIONCOLOGY SOCIETY OF NORTH AMERICA INC,,"""INTERNATIONAL CARDIONCOLOGY SOCIETY OF NORTH AMERICA INC"" Tampa FL scholarship application",Tampa,Hillsborough,272139051,583277,653434,T30,,ntee-grantmaker:T30,,,,,,,,,
D,20,ANNE R VINCENT TRUST FBO Y W C A FIRST AMERICAN STATE BANK TTEE,ANNE R VINCENT TRUST FBO Y W C A FIRST AMERICAN STATE BANK TTEE,,"""ANNE R VINCENT TRUST FBO Y W C A FIRST AMERICAN STATE BANK TTEE"" Tampa FL scholarship application",Tampa,Hillsborough,426156373,556716,0,,Y,files-990PF,,,,,,,,,
D,20,EVERYONE CAN HELP INC,EVERYONE CAN HELP INC,,"""EVERYONE CAN HELP INC"" Venice FL scholarship application",Venice,Sarasota,020709043,531916,1276449,T12,,ntee-grantmaker:T12,,,,,,,,,
D,20,PROJECT AKILAH INC,PROJECT AKILAH INC,,"""PROJECT AKILAH INC"" Tampa FL scholarship application",Tampa,Hillsborough,260770655,512890,305383,T99,,ntee-grantmaker:T99,,,,,,,,,
D,20,ETERNITY FUND INC,ETERNITY FUND INC,,"""ETERNITY FUND INC"" Tampa FL scholarship application",Tampa,Hillsborough,352776949,471199,505754,T30,,ntee-grantmaker:T30,,,,,,,,,
D,20,EDNA MAY FAIRBANKS CRUT,EDNA MAY FAIRBANKS CRUT,,"""EDNA MAY FAIRBANKS CRUT"" St Petersburg FL scholarship application",St Petersburg,Pinellas,901137173,459136,0,,Y,files-990PF,,,,,,,,,
D,20,VISION FOR THE AMERICAS INC,VISION FOR THE AMERICAS INC,,"""VISION FOR THE AMERICAS INC"" Sarasota FL scholarship application",Sarasota,Sarasota,300938707,452139,182688,T30,,ntee-grantmaker:T30,,,,,,,,,
D,20,HONOR FLIGHT OF WEST CENTRAL FLORIDA,HONOR FLIGHT OF WEST CENTRAL FLORIDA,,"""HONOR FLIGHT OF WEST CENTRAL FLORIDA"" St Petersburg FL scholarship application",St Petersburg,Pinellas,273701199,400632,303622,T30,,ntee-grantmaker:T30,,,,,,,,,
D,20,GFWC LUTZ-LAND O LAKES WOMANS CLUB INC,GFWC LUTZ-LAND O LAKES WOMANS CLUB INC,,"""GFWC LUTZ-LAND O LAKES WOMANS CLUB INC"" Lutz FL scholarship application",Lutz,Hillsborough,591696191,378820,142624,T30,,ntee-grantmaker:T30,,,,,,,,,
D,20,JACOB KIRCHNER TRUST UW,JACOB KIRCHNER TRUST UW,,"""JACOB KIRCHNER TRUST UW"" Tampa FL scholarship application",Tampa,Hillsborough,426362101,376613,0,,Y,files-990PF,,,,,,,,,
D,20,ARLENE KIETA CHARITABLE REMAINDER UNTRUST 10082002 35-4079-00,ARLENE KIETA CHARITABLE REMAINDER UNTRUST 10082002 35-4079-00,,"""ARLENE KIETA CHARITABLE REMAINDER UNTRUST 10082002 35-4079-00"" St Petersburg FL scholarship application",St Petersburg,Pinellas,166534606,304921,0,,Y,files-990PF,,,,,,,,,
D,20,CASA DAVID INC,CASA DAVID INC,,"""CASA DAVID INC"" Clearwater FL scholarship application",Clearwater,Pinellas,463626065,258501,486617,T30,,ntee-grantmaker:T30,,,,,,,,,
D,20,MAKE A DIFFERENCE FISHING TOURNAMENT INC,MAKE A DIFFERENCE FISHING TOURNAMENT INC,,"""MAKE A DIFFERENCE FISHING TOURNAMENT INC"" Clearwater FL scholarship application",Clearwater,Pinellas,593587905,240389,119874,T30,,ntee-grantmaker:T30,,,,,,,,,
D,20,POLYWOGS CHARITIES INC,POLYWOGS CHARITIES INC,,"""POLYWOGS CHARITIES INC"" St Petersburg FL scholarship application",St Petersburg,Pinellas,461681461,230327,441668,T30,,ntee-grantmaker:T30,,,,,,,,,
D,20,CARDIOSTART INTERNATIONAL INCORPORATED,CARDIOSTART INTERNATIONAL INCORPORATED,,"""CARDIOSTART INTERNATIONAL INCORPORATED"" St Petersburg FL scholarship application",St Petersburg,Pinellas,593679703,159498,311817,T99,,ntee-grantmaker:T99,,,,,,,,,
D,20,BRADENTON WOMANS CLUB INC,BRADENTON WOMANS CLUB INC,,"""BRADENTON WOMANS CLUB INC"" Bradenton FL scholarship application",Bradenton,Manatee,590655170,151043,114268,T31,,ntee-grantmaker:T31,,,,,,,,,
D,20,LIVE LAUGH LOVE GIVE INC,LIVE LAUGH LOVE GIVE INC,,"""LIVE LAUGH LOVE GIVE INC"" Tampa FL scholarship application",Tampa,Hillsborough,453602098,143571,109267,T30,,ntee-grantmaker:T30,,,,,,,,,
D,20,THE CHAMPIONS FUND INC,THE CHAMPIONS FUND INC,,"""THE CHAMPIONS FUND INC"" Dunedin FL scholarship application",Dunedin,Pinellas,593685490,140420,126704,T20,,ntee-grantmaker:T20,,,,,,,,,
D,20,FLORIDA FBLA-PBL FOUNDATION INC,FLORIDA FBLA-PBL FOUNDATION INC,,"""FLORIDA FBLA-PBL FOUNDATION INC"" Brandon FL scholarship application",Brandon,Hillsborough,043691181,134820,0,,,private-foundation:04;name:foundation,,,,,,,,,
D,20,RICHARD LINDBERG TR,RICHARD LINDBERG TR,,"""RICHARD LINDBERG TR"" Tampa FL scholarship application",Tampa,Hillsborough,396768714,124023,0,,Y,files-990PF,,,,,,,,,
D,20,ASSOCIATE CARE FUND INC,ASSOCIATE CARE FUND INC,,"""ASSOCIATE CARE FUND INC"" Tampa FL scholarship application",Tampa,Hillsborough,822144757,115516,126937,T12,,ntee-grantmaker:T12,,,,,,,,,
D,20,A HOPE TO DREAM INC,A HOPE TO DREAM INC,,"""A HOPE TO DREAM INC"" Tampa FL scholarship application",Tampa,Hillsborough,832518528,112641,897487,T30,,ntee-grantmaker:T30,,,,,,,,,
D,20,RELIEF FOR KIDS IN HAITI,RELIEF FOR KIDS IN HAITI,,"""RELIEF FOR KIDS IN HAITI"" Zephyrhills FL scholarship application",Zephyrhills,Pasco,461320063,104522,51358,T12,,ntee-grantmaker:T12,,,,,,,,,
D,20,DRESS FOR SUCCESS TAMPA BAY INC,DRESS FOR SUCCESS TAMPA BAY INC,,"""DRESS FOR SUCCESS TAMPA BAY INC"" Tampa FL scholarship application",Tampa,Hillsborough,593542254,102394,263147,T20,,ntee-grantmaker:T20,,,,,,,,,
D,20,SOCIETY OF ST VINCENT DE PAUL OUR LADY OF THE ROSARY CONFERENCE,SOCIETY OF ST VINCENT DE PAUL OUR LADY OF THE ROSARY CONFERENCE,,"""SOCIETY OF ST VINCENT DE PAUL OUR LADY OF THE ROSARY CONFERENCE"" Land O Lakes FL scholarship application",Land O Lakes,Pasco,743258806,96178,2041956,T30,,ntee-grantmaker:T30,,,,,,,,,
D,20,DOLLARS FOR MAMMOGRAMS INC,DOLLARS FOR MAMMOGRAMS INC,,"""DOLLARS FOR MAMMOGRAMS INC"" Englewood FL scholarship application",Englewood,Sarasota,311753063,89919,111637,T30,,ntee-grantmaker:T30,,,,,,,,,
D,20,CHARITY POLO CLASSIC INC,CHARITY POLO CLASSIC INC,,"""CHARITY POLO CLASSIC INC"" Tampa FL scholarship application",Tampa,Hillsborough,472151758,87227,367610,T12,,ntee-grantmaker:T12,,,,,,,,,
D,20,PASCO TC GIVES INC,PASCO TC GIVES INC,,"""PASCO TC GIVES INC"" Dade City FL scholarship application",Dade City,Pasco,833678174,85955,148431,T99,,ntee-grantmaker:T99,,,,,,,,,
D,20,RISE ABOVE PARKINSONS INC,RISE ABOVE PARKINSONS INC,,"""RISE ABOVE PARKINSONS INC"" Odessa FL scholarship application",Odessa,Hillsborough,872142378,84671,76895,T30,,ntee-grantmaker:T30,,,,,,,,,
D,20,FARRELL CARES INC,FARRELL CARES INC,,"""FARRELL CARES INC"" Port Richey FL scholarship application",Port Richey,Pasco,821386717,81756,5083,T12,,ntee-grantmaker:T12,,,,,,,,,
D,20,BOCHOW FAMILY IRRV TR 12162022,BOCHOW FAMILY IRRV TR 12162022,,"""BOCHOW FAMILY IRRV TR 12162022"" Tampa FL scholarship application",Tampa,Hillsborough,926361235,76611,0,,Y,files-990PF,,,,,,,,,
D,20,LOKEY CHARITIES,LOKEY CHARITIES,,"""LOKEY CHARITIES"" Clearwater FL scholarship application",Clearwater,Pinellas,271687370,73756,124240,T22,,ntee-grantmaker:T22,,,,,,,,,
D,20,UNITED ASSOC P&P LU 123 & MECH CONTRS ASSOC CENTRAL FL CHAR FOUND,UNITED ASSOC P&P LU 123 & MECH CONTRS ASSOC CENTRAL FL CHAR FOUND,,"""UNITED ASSOC P&P LU 123 & MECH CONTRS ASSOC CENTRAL FL CHAR FOUND"" Dover FL scholarship application",Dover,Hillsborough,861169394,63382,54590,T30,,ntee-grantmaker:T30,,,,,,,,,
D,20,DOROTHY FAIRBANK HOWZDY TR,DOROTHY FAIRBANK HOWZDY TR,,"""DOROTHY FAIRBANK HOWZDY TR"" Tampa FL scholarship application",Tampa,Hillsborough,876996854,62345,0,,Y,files-990PF,,,,,,,,,
D,20,SHUCKIN GOOD CAUSE FUND,SHUCKIN GOOD CAUSE FUND,,"""SHUCKIN GOOD CAUSE FUND"" Bradenton FL scholarship application",Bradenton,Manatee,932177578,60902,366589,T30,,ntee-grantmaker:T30,,,,,,,,,
D,20,LAWRENCE A MARTUCCI BENEFIT CORP,LAWRENCE A MARTUCCI BENEFIT CORP,,"""LAWRENCE A MARTUCCI BENEFIT CORP"" Tampa FL scholarship application",Tampa,Hillsborough,453638981,56158,40357,T12,,ntee-grantmaker:T12,,,,,,,,,
D,20,BAYSIDE CHARITY CORP,BAYSIDE CHARITY CORP,,"""BAYSIDE CHARITY CORP"" Tampa FL scholarship application",Tampa,Hillsborough,812970642,53028,167222,T12,,ntee-grantmaker:T12,,,,,,,,,
D,20,HOOKED ON A CURE INC,HOOKED ON A CURE INC,,"""HOOKED ON A CURE INC"" Tampa FL scholarship application",Tampa,Hillsborough,814813421,50307,46182,T12,,ntee-grantmaker:T12,,,,,,,,,
D,20,THE FAIRY GODFATHERS INC,THE FAIRY GODFATHERS INC,,"""THE FAIRY GODFATHERS INC"" Clearwater FL scholarship application",Clearwater,Pinellas,813271857,50100,179627,T30,,ntee-grantmaker:T30,,,,,,,,,
D,20,DELTA GOLF OPEN INC,DELTA GOLF OPEN INC,,"""DELTA GOLF OPEN INC"" Lutz FL scholarship application",Lutz,Hillsborough,464702484,45863,304533,T30,,ntee-grantmaker:T30,,,,,,,,,
D,20,MAILANDER UNITRUST,MAILANDER UNITRUST,,"""MAILANDER UNITRUST"" Tampa FL scholarship application",Tampa,Hillsborough,906302851,41944,0,,Y,files-990PF,,,,,,,,,
D,20,TAMPA GYMNASTICS & DANCE INC,TAMPA GYMNASTICS & DANCE INC,,"""TAMPA GYMNASTICS & DANCE INC"" Tampa FL scholarship application",Tampa,Hillsborough,593291823,32453,7708,T30,,ntee-grantmaker:T30,,,,,,,,,
D,20,COUTURE FOR CAUSE INC,COUTURE FOR CAUSE INC,,"""COUTURE FOR CAUSE INC"" Tampa FL scholarship application",Tampa,Hillsborough,831706429,32103,475390,T12,,ntee-grantmaker:T12,,,,,,,,,
D,20,HOOK LINE AND SINKER FISHING TOURNAMENT,HOOK LINE AND SINKER FISHING TOURNAMENT,,"""HOOK LINE AND SINKER FISHING TOURNAMENT"" Lutz FL scholarship application",Lutz,Hillsborough,811830053,27752,88966,T30,,ntee-grantmaker:T30,,,,,,,,,
D,20,LIBERTORE FUND FOR CHILDREN INC,LIBERTORE FUND FOR CHILDREN INC,,"""LIBERTORE FUND FOR CHILDREN INC"" Sarasota FL scholarship application",Sarasota,Sarasota,465207111,25204,215214,T30,,ntee-grantmaker:T30,,,,,,,,,
D,20,NCF CORPORATION,NCF CORPORATION,,"""NCF CORPORATION"" Clearwater FL scholarship application",Clearwater,Pinellas,204281656,16114,25000,T30,,ntee-grantmaker:T30,,,,,,,,,
D,20,GASPARILLA CONCOURS D ELEGANCE INC,GASPARILLA CONCOURS D ELEGANCE INC,,"""GASPARILLA CONCOURS D ELEGANCE INC"" Odessa FL scholarship application",Odessa,Hillsborough,823510721,13057,27759,T12,,ntee-grantmaker:T12,,,,,,,,,
D,20,PROJECT JOY INC,PROJECT JOY INC,,"""PROJECT JOY INC"" Tampa FL scholarship application",Tampa,Hillsborough,882354980,11821,10728,T31,,ntee-grantmaker:T31,,,,,,,,,
D,20,MY FAVORITE RACE EVENTS INC,MY FAVORITE RACE EVENTS INC,,"""MY FAVORITE RACE EVENTS INC"" Venice FL scholarship application",Venice,Sarasota,933998455,7783,28222,T12,,ntee-grantmaker:T12,,,,,,,,,
D,20,HOPE FOR TOMORROW,HOPE FOR TOMORROW,,"""HOPE FOR TOMORROW"" Land O Lakes FL scholarship application",Land O Lakes,Pasco,550787198,4782,88935,T99,,ntee-grantmaker:T99,,,,,,,,,
D,20,OBERIG CORPORATION,OBERIG CORPORATION,,"""OBERIG CORPORATION"" Pinellas Park FL scholarship application",Pinellas Park,Pinellas,932892309,3963,5750,T30,,ntee-grantmaker:T30,,,,,,,,,
D,20,MGM FRIENDS CHARITY PARTNERS INC,MGM FRIENDS CHARITY PARTNERS INC,,"""MGM FRIENDS CHARITY PARTNERS INC"" Tampa FL scholarship application",Tampa,Hillsborough,814101984,3362,1712,T12,,ntee-grantmaker:T12,,,,,,,,,
D,20,WESLEY CHAPEL TACKLE FOOTBALL & CHEER INC,WESLEY CHAPEL TACKLE FOOTBALL & CHEER INC,,"""WESLEY CHAPEL TACKLE FOOTBALL & CHEER INC"" Wesley Chapel FL scholarship application",Wesley Chapel,Pasco,593700792,2693,135481,T30,,ntee-grantmaker:T30,,,,,,,,,
D,20,WHO SAID SHOTS LOCAL 7433 INC,WHO SAID SHOTS LOCAL 7433 INC,,"""WHO SAID SHOTS LOCAL 7433 INC"" Sarasota FL scholarship application",Sarasota,Sarasota,862001061,2069,27246,T12,,ntee-grantmaker:T12,,,,,,,,,
D,20,KEYS FIRST,KEYS FIRST,,"""KEYS FIRST"" Tampa FL scholarship application",Tampa,Hillsborough,455273970,407,15000,T31,,ntee-grantmaker:T31,,,,,,,,,
D,20,OPERATION FRUITFUL FIELDS,OPERATION FRUITFUL FIELDS,,"""OPERATION FRUITFUL FIELDS"" Seffner FL scholarship application",Seffner,Hillsborough,842001192,202,1040,T12,,ntee-grantmaker:T12,,,,,,,,,
D,20,THE HEART OF EAST TAMPA FRONT PORCH COUNCIL INC,THE HEART OF EAST TAMPA FRONT PORCH COUNCIL INC,,"""THE HEART OF EAST TAMPA FRONT PORCH COUNCIL INC"" Tampa FL scholarship application",Tampa,Hillsborough,412047185,100,3169,T21,,ntee-grantmaker:T21,,,,,,,,,
D,20,FLOODGATES,FLOODGATES,,"""FLOODGATES"" Sarasota FL scholarship application",Sarasota,Sarasota,454870983,9,26269,T30,,ntee-grantmaker:T30,,,,,,,,,
D,20,LOVELAND LEGACY INC,LOVELAND LEGACY INC,,"""LOVELAND LEGACY INC"" Venice FL scholarship application",Venice,Sarasota,562414389,1,0,T30,,ntee-grantmaker:T30,,,,,,,,,
D,20,BRANDON LIONS CHARITIES INC,BRANDON LIONS CHARITIES INC,,"""BRANDON LIONS CHARITIES INC"" Brandon FL scholarship application",Brandon,Hillsborough,202789384,0,0,T20,,ntee-grantmaker:T20,,,,,,,,,
D,20,TRIPLE CREEK RC INC,TRIPLE CREEK RC INC,,"""TRIPLE CREEK RC INC"" Valrico FL scholarship application",Valrico,Hillsborough,203374670,0,0,T20,,ntee-grantmaker:T20,,,,,,,,,
D,20,ALEGRIA S KICKIN FOR KIDS INC,ALEGRIA S KICKIN FOR KIDS INC,,"""ALEGRIA S KICKIN FOR KIDS INC"" Tampa FL scholarship application",Tampa,Hillsborough,203690003,0,0,T30,,ntee-grantmaker:T30,,,,,,,,,
D,20,RIDE FOR AUTISM,RIDE FOR AUTISM,,"""RIDE FOR AUTISM"" Wimauma FL scholarship application",Wimauma,Hillsborough,208310366,0,0,T30,,ntee-grantmaker:T30,,,,,,,,,
D,20,MELTING POT FAMILY AND BELONGINGFOUNDATION INC,MELTING POT FAMILY AND BELONGINGFOUNDATION INC,,"""MELTING POT FAMILY AND BELONGINGFOUNDATION INC"" Tampa FL scholarship application",Tampa,Hillsborough,208861437,0,0,T30,,ntee-grantmaker:T30,,,,,,,,,
D,20,FRIENDS OF THE NORTH BRANCH LIBRARY INC,FRIENDS OF THE NORTH BRANCH LIBRARY INC,,"""FRIENDS OF THE NORTH BRANCH LIBRARY INC"" St Petersburg FL scholarship application",St Petersburg,Pinellas,264499874,0,0,T30,,ntee-grantmaker:T30,,,,,,,,,
D,20,HIGH HOPES IN HIGH HEELS,HIGH HOPES IN HIGH HEELS,,"""HIGH HOPES IN HIGH HEELS"" Port Richey FL scholarship application",Port Richey,Pasco,270219452,0,0,T123,,ntee-grantmaker:T123,,,,,,,,,
D,20,UNITED STATES NAVAL SEA CADETS REGION 6-4,UNITED STATES NAVAL SEA CADETS REGION 6-4,,"""UNITED STATES NAVAL SEA CADETS REGION 6-4"" Tampa FL scholarship application",Tampa,Hillsborough,270258566,0,0,T30,,ntee-grantmaker:T30,,,,,,,,,
D,20,SUPPORT THE TROOPS INC,SUPPORT THE TROOPS INC,,"""SUPPORT THE TROOPS INC"" Wesley Chapel FL scholarship application",Wesley Chapel,Pasco,270295757,0,0,T30,,ntee-grantmaker:T30,,,,,,,,,
D,20,TEAMSTER HISPANIC CAUCUS FLORIDA CHAPTER,TEAMSTER HISPANIC CAUCUS FLORIDA CHAPTER,,"""TEAMSTER HISPANIC CAUCUS FLORIDA CHAPTER"" Tampa FL scholarship application",Tampa,Hillsborough,270988097,0,0,T12,,ntee-grantmaker:T12,,,,,,,,,
D,20,PHOTOGRAPHIC ART SOCIETY INCORPORATED,PHOTOGRAPHIC ART SOCIETY INCORPORATED,,"""PHOTOGRAPHIC ART SOCIETY INCORPORATED"" Clearwater FL scholarship application",Clearwater,Pinellas,273048681,0,0,T30,,ntee-grantmaker:T30,,,,,,,,,
D,20,BIRTH MOTHER BASKETS,BIRTH MOTHER BASKETS,,"""BIRTH MOTHER BASKETS"" Seminole FL scholarship application",Seminole,Pinellas,273300971,0,0,T30,,ntee-grantmaker:T30,,,,,,,,,
D,20,TREEHOUSE TREASURES USA ORG,TREEHOUSE TREASURES USA ORG,,"""TREEHOUSE TREASURES USA ORG"" Seminole FL scholarship application",Seminole,Pinellas,273343061,0,0,T30,,ntee-grantmaker:T30,,,,,,,,,
D,20,SUNSHINE CITY CARRIERS CHARITIES INC,SUNSHINE CITY CARRIERS CHARITIES INC,,"""SUNSHINE CITY CARRIERS CHARITIES INC"" Pinellas Park FL scholarship application",Pinellas Park,Pinellas,274685638,0,0,T30,,ntee-grantmaker:T30,,,,,,,,,
D,20,G P A TECH CENTER INC,G P A TECH CENTER INC,,"""G P A TECH CENTER INC"" Tampa FL scholarship application",Tampa,Hillsborough,274686337,0,0,T30,,ntee-grantmaker:T30,,,,,,,,,
D,20,GFWC PASCO JUNIOR WOMANS CLUB,GFWC PASCO JUNIOR WOMANS CLUB,,"""GFWC PASCO JUNIOR WOMANS CLUB"" Trinity FL scholarship application",Trinity,Pasco,274783016,0,0,T12,,ntee-grantmaker:T12,,,,,,,,,
D,20,CHRYSALIS INC,CHRYSALIS INC,,"""CHRYSALIS INC"" Bradenton FL scholarship application",Bradenton,Manatee,300120600,0,0,T30,,ntee-grantmaker:T30,,,,,,,,,
D,20,CANDACE FENNELL,CANDACE FENNELL,,"""CANDACE FENNELL"" St Petersburg FL scholarship application",St Petersburg,Pinellas,300857143,0,0,T30,,ntee-grantmaker:T30,,,,,,,,,
D,20,S&S SUPPORT INC,S&S SUPPORT INC,,"""S&S SUPPORT INC"" Wesley Chapel FL scholarship application",Wesley Chapel,Pasco,331526496,0,0,T30,,ntee-grantmaker:T30,,,,,,,,,
D,20,JUNTOS SRO INC,JUNTOS SRO INC,,"""JUNTOS SRO INC"" Longboat Key FL scholarship application",Longboat Key,Sarasota,332017560,0,0,T12,,ntee-grantmaker:T12,,,,,,,,,
D,20,FRESH FOOD FOR FAMILIES INC,FRESH FOOD FOR FAMILIES INC,,"""FRESH FOOD FOR FAMILIES INC"" St Petersburg FL scholarship application",St Petersburg,Pinellas,332367782,0,0,T30,,ntee-grantmaker:T30,,,,,,,,,
D,20,ULTRAVIOLET GIVING INC,ULTRAVIOLET GIVING INC,,"""ULTRAVIOLET GIVING INC"" Tampa FL scholarship application",Tampa,Hillsborough,332423993,0,0,T12,,ntee-grantmaker:T12,,,,,,,,,
D,20,PILLOW POWER PROJECT INC,PILLOW POWER PROJECT INC,,"""PILLOW POWER PROJECT INC"" Odessa FL scholarship application",Odessa,Hillsborough,332641428,0,0,T31,,ntee-grantmaker:T31,,,,,,,,,
D,20,THE LARGO POLICE DEPARTMENT CARE TEAM INC,THE LARGO POLICE DEPARTMENT CARE TEAM INC,,"""THE LARGO POLICE DEPARTMENT CARE TEAM INC"" Largo FL scholarship application",Largo,Pinellas,332728756,0,0,T99,,ntee-grantmaker:T99,,,,,,,,,
D,20,RUNNING INDUSTRY WOMENS LEADERSHIP ALLIANCE INC,RUNNING INDUSTRY WOMENS LEADERSHIP ALLIANCE INC,,"""RUNNING INDUSTRY WOMENS LEADERSHIP ALLIANCE INC"" St Petersburg FL scholarship application",St Petersburg,Pinellas,333310847,0,0,T30,,ntee-grantmaker:T30,,,,,,,,,
D,20,WOMENADE OF MANATEE COUNTY,WOMENADE OF MANATEE COUNTY,,"""WOMENADE OF MANATEE COUNTY"" Parrish FL scholarship application",Parrish,Manatee,333462555,0,0,T30,,ntee-grantmaker:T30,,,,,,,,,
D,20,927TH TOP THREE ORGANIZATION,927TH TOP THREE ORGANIZATION,,"""927TH TOP THREE ORGANIZATION"" Tampa FL scholarship application",Tampa,Hillsborough,352424447,0,0,T99,,ntee-grantmaker:T99,,,,,,,,,
D,20,BELIEVE IN MIRACLES INC,BELIEVE IN MIRACLES INC,,"""BELIEVE IN MIRACLES INC"" Clearwater FL scholarship application",Clearwater,Pinellas,392912702,0,0,T12,,ntee-grantmaker:T12,,,,,,,,,
D,20,CALDWELL TRUST COMPANY DONOR ADVISED FUND INC,CALDWELL TRUST COMPANY DONOR ADVISED FUND INC,,"""CALDWELL TRUST COMPANY DONOR ADVISED FUND INC"" Venice FL scholarship application",Venice,Sarasota,393022677,0,0,T12,,ntee-grantmaker:T12,,,,,,,,,
D,20,VISIONS FOR ARTS AND ATHLETICS CORP,VISIONS FOR ARTS AND ATHLETICS CORP,,"""VISIONS FOR ARTS AND ATHLETICS CORP"" Tampa FL scholarship application",Tampa,Hillsborough,393272128,0,0,T12,,ntee-grantmaker:T12,,,,,,,,,
D,20,HUMAAID,HUMAAID,,"""HUMAAID"" Tampa FL scholarship application",Tampa,Hillsborough,394033852,0,0,T30,,ntee-grantmaker:T30,,,,,,,,,
D,20,BAWS CHARITABLE EVENTS,BAWS CHARITABLE EVENTS,,"""BAWS CHARITABLE EVENTS"" St Petersburg FL scholarship application",St Petersburg,Pinellas,394263537,0,0,T12,,ntee-grantmaker:T12,,,,,,,,,
D,20,REST ETERNAL MISSION INC,REST ETERNAL MISSION INC,,"""REST ETERNAL MISSION INC"" St Petersburg FL scholarship application",St Petersburg,Pinellas,412390559,0,0,T99,,ntee-grantmaker:T99,,,,,,,,,
D,20,BOCA ROYALE BOCA CARES,BOCA ROYALE BOCA CARES,,"""BOCA ROYALE BOCA CARES"" Englewood FL scholarship application",Englewood,Sarasota,413973764,0,0,T12,,ntee-grantmaker:T12,,,,,,,,,
D,20,COMPASSION NET,COMPASSION NET,,"""COMPASSION NET"" Sarasota FL scholarship application",Sarasota,Sarasota,414062086,0,0,T99,,ntee-grantmaker:T99,,,,,,,,,
D,20,CODY WHIGHAM MEMORIAL,CODY WHIGHAM MEMORIAL,,"""CODY WHIGHAM MEMORIAL"" Tampa FL scholarship application",Tampa,Hillsborough,414095233,0,0,T20,,ntee-grantmaker:T20,,,,,,,,,
D,20,PHILANTHROPIC UNITY PARTNERS INC,PHILANTHROPIC UNITY PARTNERS INC,,"""PHILANTHROPIC UNITY PARTNERS INC"" St Petersburg FL scholarship application",St Petersburg,Pinellas,414973053,0,0,T30,,ntee-grantmaker:T30,,,,,,,,,
D,20,EMBASSY RANCH INC,EMBASSY RANCH INC,,"""EMBASSY RANCH INC"" Parrish FL scholarship application",Parrish,Manatee,453608966,0,0,T30,,ntee-grantmaker:T30,,,,,,,,,
D,20,PAN AMERICAN UNIVERSITY WOMEN INC,PAN AMERICAN UNIVERSITY WOMEN INC,,"""PAN AMERICAN UNIVERSITY WOMEN INC"" Tampa FL scholarship application",Tampa,Hillsborough,453933062,0,0,T30,,ntee-grantmaker:T30,,,,,,,,,
D,20,CAR SHOWS FOR CHARITY,CAR SHOWS FOR CHARITY,,"""CAR SHOWS FOR CHARITY"" Palm Harbor FL scholarship application",Palm Harbor,Pinellas,454495487,0,0,T30,,ntee-grantmaker:T30,,,,,,,,,
D,20,KIDS SERVE DOT COM INC,KIDS SERVE DOT COM INC,,"""KIDS SERVE DOT COM INC"" Bradenton FL scholarship application",Bradenton,Manatee,454543553,0,0,T12,,ntee-grantmaker:T12,,,,,,,,,
D,20,DUNEDIN CHILDRENS CHRISTMAS FUND INC,DUNEDIN CHILDRENS CHRISTMAS FUND INC,,"""DUNEDIN CHILDRENS CHRISTMAS FUND INC"" Clearwater FL scholarship application",Clearwater,Pinellas,460728854,0,0,T99,,ntee-grantmaker:T99,,,,,,,,,
D,20,PERFECT 10 CHARITY INCORPORATED,PERFECT 10 CHARITY INCORPORATED,,"""PERFECT 10 CHARITY INCORPORATED"" San Antonio FL scholarship application",San Antonio,Pasco,460976769,0,0,T30,,ntee-grantmaker:T30,,,,,,,,,
D,20,HYDE PARK COMMUNITY FUND INC,HYDE PARK COMMUNITY FUND INC,,"""HYDE PARK COMMUNITY FUND INC"" Tampa FL scholarship application",Tampa,Hillsborough,461265962,0,0,T31,,ntee-grantmaker:T31,,,,,,,,,
D,20,FISHIN FOR HEROES - WOUNDED WARRIORS INC,FISHIN FOR HEROES - WOUNDED WARRIORS INC,,"""FISHIN FOR HEROES - WOUNDED WARRIORS INC"" Englewood FL scholarship application",Englewood,Sarasota,461299148,0,0,T30,,ntee-grantmaker:T30,,,,,,,,,
D,20,ROAD TO INDEPENDENCE INC,ROAD TO INDEPENDENCE INC,,"""ROAD TO INDEPENDENCE INC"" Venice FL scholarship application",Venice,Sarasota,471704668,0,0,T22,,ntee-grantmaker:T22,,,,,,,,,
D,20,MCC OF TAMPA BAY,MCC OF TAMPA BAY,,"""MCC OF TAMPA BAY"" Tampa FL scholarship application",Tampa,Hillsborough,473568510,0,0,T12,,ntee-grantmaker:T12,,,,,,,,,
D,20,RUSKIN WOMANS CLUB INC,RUSKIN WOMANS CLUB INC,,"""RUSKIN WOMANS CLUB INC"" Ruskin FL scholarship application",Ruskin,Hillsborough,591201409,0,0,T12,,ntee-grantmaker:T12,,,,,,,,,
D,20,THREE QUARTER CENTURY SOFTBALL CLUB OF ST PETERSBURG FLORIDA INC,THREE QUARTER CENTURY SOFTBALL CLUB OF ST PETERSBURG FLORIDA INC,,"""THREE QUARTER CENTURY SOFTBALL CLUB OF ST PETERSBURG FLORIDA INC"" St Petersburg FL scholarship application",St Petersburg,Pinellas,592178099,0,0,T99,,ntee-grantmaker:T99,,,,,,,,,
D,20,CASEY KEY LIBRARY ASSOCIATION INC,CASEY KEY LIBRARY ASSOCIATION INC,,"""CASEY KEY LIBRARY ASSOCIATION INC"" Osprey FL scholarship application",Osprey,Sarasota,592669039,0,0,T30,,ntee-grantmaker:T30,,,,,,,,,
D,20,GFWC BJWC INC,GFWC BJWC INC,,"""GFWC BJWC INC"" Brandon FL scholarship application",Brandon,Hillsborough,593139771,0,0,T12,,ntee-grantmaker:T12,,,,,,,,,
D,20,CHARITY FUND OF TIMBER PINES INC,CHARITY FUND OF TIMBER PINES INC,,"""CHARITY FUND OF TIMBER PINES INC"" Spring Hill FL scholarship application",Spring Hill,Pasco,593400941,0,0,T20,,ntee-grantmaker:T20,,,,,,,,,
D,20,GREATER PALM HARBOR CHAMBER OF COMMERCE,GREATER PALM HARBOR CHAMBER OF COMMERCE,,"""GREATER PALM HARBOR CHAMBER OF COMMERCE"" Palm Harbor FL scholarship application",Palm Harbor,Pinellas,593484438,0,0,T30,,ntee-grantmaker:T30,,,,,,,,,
D,20,HELP DEAF KIDS TALK INC,HELP DEAF KIDS TALK INC,,"""HELP DEAF KIDS TALK INC"" Wesley Chapel FL scholarship application",Wesley Chapel,Pasco,593585928,0,0,T20,,ntee-grantmaker:T20,,,,,,,,,
D,20,KIDS FOR LIFE INC,KIDS FOR LIFE INC,,"""KIDS FOR LIFE INC"" Tampa FL scholarship application",Tampa,Hillsborough,593689684,0,0,T12,,ntee-grantmaker:T12,,,,,,,,,
D,20,TREASURE ISLETTES,TREASURE ISLETTES,,"""TREASURE ISLETTES"" Oldsmar FL scholarship application",Oldsmar,Pinellas,596156212,0,0,T20,,ntee-grantmaker:T20,,,,,,,,,
D,20,FRIENDS OF SOUTH MANATEE LIBRARY INC,FRIENDS OF SOUTH MANATEE LIBRARY INC,,"""FRIENDS OF SOUTH MANATEE LIBRARY INC"" Bradenton FL scholarship application",Bradenton,Manatee,650420093,0,0,T30,,ntee-grantmaker:T30,,,,,,,,,
D,20,UNIVERSITY CONSORTIUM OF THE AMERICAS INC,UNIVERSITY CONSORTIUM OF THE AMERICAS INC,,"""UNIVERSITY CONSORTIUM OF THE AMERICAS INC"" Sarasota FL scholarship application",Sarasota,Sarasota,650675395,0,0,T20I,,ntee-grantmaker:T20I,,,,,,,,,
D,20,SATURDAY NIGHT OUT INC,SATURDAY NIGHT OUT INC,,"""SATURDAY NIGHT OUT INC"" Bradenton FL scholarship application",Bradenton,Manatee,650946428,0,0,T30,,ntee-grantmaker:T30,,,,,,,,,
D,20,SAMARITANS CHAPEL INC,SAMARITANS CHAPEL INC,,"""SAMARITANS CHAPEL INC"" Venice FL scholarship application",Venice,Sarasota,651149584,0,0,T99,,ntee-grantmaker:T99,,,,,,,,,
D,20,CHARITY UNITED,CHARITY UNITED,,"""CHARITY UNITED"" Clearwater FL scholarship application",Clearwater,Pinellas,810916680,0,0,T12,,ntee-grantmaker:T12,,,,,,,,,
D,20,TECO FAMILY BBQ COOK OFF FOR CHARITY INC,TECO FAMILY BBQ COOK OFF FOR CHARITY INC,,"""TECO FAMILY BBQ COOK OFF FOR CHARITY INC"" Tampa FL scholarship application",Tampa,Hillsborough,812517003,0,0,T99,,ntee-grantmaker:T99,,,,,,,,,
D,20,SHALONS HOPE INC,SHALONS HOPE INC,,"""SHALONS HOPE INC"" Tampa FL scholarship application",Tampa,Hillsborough,813736041,0,0,T30,,ntee-grantmaker:T30,,,,,,,,,
D,20,DIVERSITY ACTION COALITION INC,DIVERSITY ACTION COALITION INC,,"""DIVERSITY ACTION COALITION INC"" Tampa FL scholarship application",Tampa,Hillsborough,814158339,0,0,T23,,ntee-grantmaker:T23,,,,,,,,,
D,20,MNU CLASS 5 INC,MNU CLASS 5 INC,,"""MNU CLASS 5 INC"" Tampa FL scholarship application",Tampa,Hillsborough,814238877,0,0,T99,,ntee-grantmaker:T99,,,,,,,,,
D,20,YOUNITED 4 CHRIST INC,YOUNITED 4 CHRIST INC,,"""YOUNITED 4 CHRIST INC"" Odessa FL scholarship application",Odessa,Hillsborough,814416556,0,0,T30,,ntee-grantmaker:T30,,,,,,,,,
D,20,TAMPA BAY MISSION OF HOPE INC,TAMPA BAY MISSION OF HOPE INC,,"""TAMPA BAY MISSION OF HOPE INC"" Valrico FL scholarship application",Valrico,Hillsborough,814569426,0,0,T30,,ntee-grantmaker:T30,,,,,,,,,
D,20,CHARITIES FUNDING PARTNERSHIPS FOR AMERICA CORPORATION,CHARITIES FUNDING PARTNERSHIPS FOR AMERICA CORPORATION,,"""CHARITIES FUNDING PARTNERSHIPS FOR AMERICA CORPORATION"" St Petersburg FL scholarship application",St Petersburg,Pinellas,821155231,0,0,T12,,ntee-grantmaker:T12,,,,,,,,,
D,20,HELP WHERE YOU CAN INC,HELP WHERE YOU CAN INC,,"""HELP WHERE YOU CAN INC"" Bradenton FL scholarship application",Bradenton,Manatee,821679158,0,0,T30,,ntee-grantmaker:T30,,,,,,,,,
D,20,COLOMBIAN ASSOCIATION OF PORT CHARLOTTE INC,COLOMBIAN ASSOCIATION OF PORT CHARLOTTE INC,,"""COLOMBIAN ASSOCIATION OF PORT CHARLOTTE INC"" Englewood FL scholarship application",Englewood,Sarasota,824370732,0,0,T12,,ntee-grantmaker:T12,,,,,,,,,
D,20,PAIGE PROJECT INC,PAIGE PROJECT INC,,"""PAIGE PROJECT INC"" Thonotosassa FL scholarship application",Thonotosassa,Hillsborough,832949610,0,0,T30,,ntee-grantmaker:T30,,,,,,,,,
D,20,GODS PROVIDENCE,GODS PROVIDENCE,,"""GODS PROVIDENCE"" Trinity FL scholarship application",Trinity,Pasco,833062477,0,0,T30,,ntee-grantmaker:T30,,,,,,,,,
D,20,BENEVOLENT FLORIDA FIREFIGHTERS,BENEVOLENT FLORIDA FIREFIGHTERS,,"""BENEVOLENT FLORIDA FIREFIGHTERS"" Tampa FL scholarship application",Tampa,Hillsborough,834344225,0,0,T12,,ntee-grantmaker:T12,,,,,,,,,
D,20,FOOTPRINTS CHARITIES INC,FOOTPRINTS CHARITIES INC,,"""FOOTPRINTS CHARITIES INC"" St Petersburg FL scholarship application",St Petersburg,Pinellas,834638312,0,0,T12,,ntee-grantmaker:T12,,,,,,,,,
D,20,INDEAL CARES INC,INDEAL CARES INC,,"""INDEAL CARES INC"" St Petersburg FL scholarship application",St Petersburg,Pinellas,845129983,0,0,T12,,ntee-grantmaker:T12,,,,,,,,,
D,20,BUSINESS NETWORK CORPORATION,BUSINESS NETWORK CORPORATION,,"""BUSINESS NETWORK CORPORATION"" Tampa FL scholarship application",Tampa,Hillsborough,851538495,0,0,T12,,ntee-grantmaker:T12,,,,,,,,,
D,20,GLOBAL GIRLS INITIATIVE INC,GLOBAL GIRLS INITIATIVE INC,,"""GLOBAL GIRLS INITIATIVE INC"" Lutz FL scholarship application",Lutz,Hillsborough,853035863,0,0,T30,,ntee-grantmaker:T30,,,,,,,,,
D,20,B & N GUARD MEMORIAL FUNDRAISING INC,B & N GUARD MEMORIAL FUNDRAISING INC,,"""B & N GUARD MEMORIAL FUNDRAISING INC"" Parrish FL scholarship application",Parrish,Manatee,871446224,0,0,T30,,ntee-grantmaker:T30,,,,,,,,,
D,20,WITH YOU FOR YOU TAMPA BAY INC,WITH YOU FOR YOU TAMPA BAY INC,,"""WITH YOU FOR YOU TAMPA BAY INC"" Tampa FL scholarship application",Tampa,Hillsborough,872555774,0,0,T30,,ntee-grantmaker:T30,,,,,,,,,
D,20,TAMPA BAY TOP TEN,TAMPA BAY TOP TEN,,"""TAMPA BAY TOP TEN"" Land O Lakes FL scholarship application",Land O Lakes,Pasco,881409925,0,0,T12,,ntee-grantmaker:T12,,,,,,,,,
D,20,FUND MY HONORARIUM INC,FUND MY HONORARIUM INC,,"""FUND MY HONORARIUM INC"" St Petersburg FL scholarship application",St Petersburg,Pinellas,882005711,0,0,T12,,ntee-grantmaker:T12,,,,,,,,,
D,20,ABBYS CORNER INC,ABBYS CORNER INC,,"""ABBYS CORNER INC"" Tampa FL scholarship application",Tampa,Hillsborough,882749277,0,0,T30,,ntee-grantmaker:T30,,,,,,,,,
D,20,FIREFIGHTER CHARITIES OF PINELLAS INC,FIREFIGHTER CHARITIES OF PINELLAS INC,,"""FIREFIGHTER CHARITIES OF PINELLAS INC"" Largo FL scholarship application",Largo,Pinellas,921952541,0,0,T99,,ntee-grantmaker:T99,,,,,,,,,
D,20,SIS PROJECT ORG,SIS PROJECT ORG,,"""SIS PROJECT ORG"" Wesley Chapel FL scholarship application",Wesley Chapel,Pasco,923421135,0,0,T31,,ntee-grantmaker:T31,,,,,,,,,
D,20,BROTHERS OF TYRE INC,BROTHERS OF TYRE INC,,"""BROTHERS OF TYRE INC"" Bradenton FL scholarship application",Bradenton,Manatee,923904218,0,0,T12,,ntee-grantmaker:T12,,,,,,,,,
D,20,UPLIFT360,UPLIFT360,,"""UPLIFT360"" St Petersburg FL scholarship application",St Petersburg,Pinellas,932118675,0,0,T12,,ntee-grantmaker:T12,,,,,,,,,
D,20,FUNDACION SOMOS ORO PROBADOS EN FUEGO INC,FUNDACION SOMOS ORO PROBADOS EN FUEGO INC,,"""FUNDACION SOMOS ORO PROBADOS EN FUEGO INC"" Clearwater FL scholarship application",Clearwater,Pinellas,932162450,0,0,T23,,ntee-grantmaker:T23,,,,,,,,,
D,20,PARADISE KANDLES INC,PARADISE KANDLES INC,,"""PARADISE KANDLES INC"" Bradenton FL scholarship application",Bradenton,Manatee,932921399,0,0,T30,,ntee-grantmaker:T30,,,,,,,,,
D,20,AMERICAN HYDERABADI ASSOCIATION OF TAMPABAY INC,AMERICAN HYDERABADI ASSOCIATION OF TAMPABAY INC,,"""AMERICAN HYDERABADI ASSOCIATION OF TAMPABAY INC"" St Petersburg FL scholarship application",St Petersburg,Pinellas,933479295,0,0,T22,,ntee-grantmaker:T22,,,,,,,,,
D,20,TBMG CARES INC,TBMG CARES INC,,"""TBMG CARES INC"" Lutz FL scholarship application",Lutz,Hillsborough,934859800,0,0,T99,,ntee-grantmaker:T99,,,,,,,,,
D,20,BUCSTRONG INC,BUCSTRONG INC,,"""BUCSTRONG INC"" Lutz FL scholarship application",Lutz,Hillsborough,991700903,0,0,T12,,ntee-grantmaker:T12,,,,,,,,,
D,20,STARKEY CARES INC,STARKEY CARES INC,,"""STARKEY CARES INC"" Odessa FL scholarship application",Odessa,Hillsborough,992029557,0,0,T12,,ntee-grantmaker:T12,,,,,,,,,
D,20,SHEPHERDS FUND INC,SHEPHERDS FUND INC,,"""SHEPHERDS FUND INC"" Sarasota FL scholarship application",Sarasota,Sarasota,992206402,0,0,T12,,ntee-grantmaker:T12,,,,,,,,,
D,20,VETERAN MELODIES INC,VETERAN MELODIES INC,,"""VETERAN MELODIES INC"" Palmetto FL scholarship application",Palmetto,Manatee,992644394,0,0,T30,,ntee-grantmaker:T30,,,,,,,,,
D,20,FLORIDA BOYS & GIRLS CLUBS INC,FLORIDA BOYS & GIRLS CLUBS INC,,"""FLORIDA BOYS & GIRLS CLUBS INC"" Sarasota FL scholarship application",Sarasota,Sarasota,992767090,0,0,T30,,ntee-grantmaker:T30,,,,,,,,,
D,20,HUNGRY FOR CHANGE,HUNGRY FOR CHANGE,,"""HUNGRY FOR CHANGE"" Englewood FL scholarship application",Englewood,Sarasota,993692666,0,0,T30,,ntee-grantmaker:T30,,,,,,,,,
D,20,FAMILY IN FLIGHT CORP,FAMILY IN FLIGHT CORP,,"""FAMILY IN FLIGHT CORP"" Tampa FL scholarship application",Tampa,Hillsborough,994570232,0,0,T12,,ntee-grantmaker:T12,,,,,,,,,
D,20,DAWN H SPENCER CHARITABLE REMAINDER UNITRUST,DAWN H SPENCER CHARITABLE REMAINDER UNITRUST,,"""DAWN H SPENCER CHARITABLE REMAINDER UNITRUST"" Sarasota FL scholarship application",Sarasota,Sarasota,996405348,0,0,,Y,files-990PF,,,,,,,,,
