ein,display_name,priority,score,city,county,signals,website,filing_year,filing_xml
592328033,ROTARY CLUB OF FORT LAUDERDALE NORTH BEACH SCHOLARSHIP FUND INC,A,163,Ft Lauderdale,Broward,name:scholarship;ntee:B82;name:service-club;files-990PF;private-foundation:04;ntee-education:B82,https://www.fortlauderdalenorthrotary.com,2022,https://gt990datalake-rawdata.s3.amazonaws.com/EfileData/XmlFiles/202333149349100828_public.xml
874118938,MARTHA C DAY SCHOLARSHIP FOUNDATION INC,A,143,Miami,Miami-Dade,name:scholarship;ntee:B82;files-990PF;private-foundation:04;name:foundation;ntee-education:B82,https://www.mdsfi.com,2025,https://gt990datalake-rawdata.s3.amazonaws.com/EfileData/XmlFiles/202630859349100713_public.xml
923598644,MAS FAMILY SCHOLARSHIPS INC,A,133,Coral Gables,Miami-Dade,name:scholarship;ntee:B82;files-990PF;private-foundation:04;ntee-education:B82,https://masfamilyscholarships.org,2024,https://gt990datalake-rawdata.s3.amazonaws.com/EfileData/XmlFiles/202523259349100712_public.xml
237087801,HALLANDALE SCHOLARSHIP FUND INC,A,133,Hallandale,Broward,name:scholarship;ntee:B82;files-990PF;private-foundation:04;ntee-education:B82,https://hallandalescholarshipfund.org,2023,https://gt990datalake-rawdata.s3.amazonaws.com/EfileData/XmlFiles/202431799349100603_public.xml
474011061,EDA AND CLIFF VINER COMMUNITY SCHOLARS FOUNDATION INC,A,113,Boca Raton,Palm Beach,name:scholarship;ntee:B82;name:foundation;ntee-education:B82,https://vinerscholars.org,2023,https://gt990datalake-rawdata.s3.amazonaws.com/EfileData/XmlFiles/202412829349301676_public.xml
473434658,FIVE STAR SCHOLARSHIP FOUNDATION,A,113,Lake Worth,Palm Beach,name:scholarship;ntee:B82;name:foundation;ntee-education:B82,https://www.fivestar,2022,https://gt990datalake-rawdata.s3.amazonaws.com/EfileData/XmlFiles/202342839349200609_public.xml
651101565,COMMON KNOWLEDGE SCHOLARSHIP FOUNDATION INC,A,113,Davie,Broward,name:scholarship;ntee:B82;name:foundation;ntee-education:B82,https://www.cksf.org,2011,https://gt990datalake-rawdata.s3.amazonaws.com/EfileData/XmlFiles/201203199349304700_public.xml
824965743,CHRIS HIXON ATHLETIC SCHOLARSHIP FUND,A,103,Hollywood,Broward,name:scholarship;ntee:B82;ntee-education:B82,https://chrishixonathleticscholarship.com,2023,https://gt990datalake-rawdata.s3.amazonaws.com/EfileData/XmlFiles/202421809349200227_public.xml
872586675,FOUNTAIN ENDOWED LEGACY SCHOLARSHIP FUND,A,103,Miramar,Broward,name:scholarship;ntee:B82;ntee-education:B82,https://www.felsf.org,2024,https://gt990datalake-rawdata.s3.amazonaws.com/EfileData/XmlFiles/202511219349200901_public.xml
352550107,I THINK COMMUNITY FOUNDATION INC,A,103,Delray Beach,Palm Beach,ntee:B82;name:community-foundation;name:foundation;ntee-education:B82,https://ithinkfi.org/foundation,2023,https://gt990datalake-rawdata.s3.amazonaws.com/EfileData/XmlFiles/202403199349203300_public.xml
650745873,THE LOUIE BING ATHLETIC SCHOLARSHIP FUND INC,A,103,Miami,Miami-Dade,name:scholarship;ntee:B82;ntee-education:B82,https://www.bingscholarshipfund.org,2023,https://gt990datalake-rawdata.s3.amazonaws.com/EfileData/XmlFiles/202430549349300118_public.xml
412198259,SCHOLARS TODAY LEADERS OF TOMORROW INC,A,103,North Miami,Miami-Dade,name:scholarship;ntee:B82;ntee-education:B82,https://www.stlt.org,2023,https://gt990datalake-rawdata.s3.amazonaws.com/EfileData/XmlFiles/202412969349300606_public.xml
710910422,MIRAMAR-PEMBROKE PINES REGIONAL CHAMBER OF COMMERCE SCHOLARSHIP FD,A,103,Pembroke Pines,Broward,name:scholarship;ntee:B82;ntee-education:B82,https://www.southbrowardfoundation.org,2016,https://gt990datalake-rawdata.s3.amazonaws.com/EfileData/XmlFiles/201840389349200314_public.xml
475310517,ANQUAN AND DIONNE BOLDIN SCHOLARSHIP FUND INC,A,100,Boca Raton,Palm Beach,name:scholarship;ntee-grantmaker:T20;files-990PF;private-foundation:04,https://www.q81.org,2024,https://gt990datalake-rawdata.s3.amazonaws.com/EfileData/XmlFiles/202533219349103713_public.xml
650961676,WILKES-DESMOND EDUCATIONAL FOUNDATION,A,98,West Palm Beach,Palm Beach,ntee:B82;files-990PF;private-foundation:04;name:foundation;ntee-education:B82;name:education,https://www.desmondfoundation.org,2016,https://gt990datalake-rawdata.s3.amazonaws.com/EfileData/XmlFiles/201702319349100400_public.xml
824534199,ALEX SCHACHTER SCHOLARSHIP FUND FOUNDATION,A,98,Coral Springs,Broward,name:scholarship;files-990PF;private-foundation:04;name:foundation;ntee-education:B12,https://www.alexschachter.org,2024,https://gt990datalake-rawdata.s3.amazonaws.com/EfileData/XmlFiles/202513429349100106_public.xml
471106078,RICO S SCHOLARSHIP FOUNDATION,A,98,Wellington,Palm Beach,name:scholarship;files-990PF;private-foundation:03;name:foundation;ntee-education:B99,https://ricosscholarshipfoundation.org,2023,https://gt990datalake-rawdata.s3.amazonaws.com/EfileData/XmlFiles/202523099349101607_public.xml
650464177,JOHN S AND JAMES L KNIGHT FOUNDATION INC,A,93,Miami,Miami-Dade,ntee:B82;files-990PF;private-foundation:04;name:foundation;ntee-education:B82,https://www.kf.org,2024,https://gt990datalake-rawdata.s3.amazonaws.com/EfileData/XmlFiles/202523109349100927_public.xml
274256760,FRIEZO FAMILY FOUNDATION,A,93,Ft Lauderdale,Broward,ntee:B82;files-990PF;private-foundation:04;name:foundation;ntee-education:B82,https://www.friezofamilyfoundation.org,2020,https://gt990datalake-rawdata.s3.amazonaws.com/EfileData/XmlFiles/202132999349100018_public.xml
650780118,ROTARY CLUB OF BOCA RATON SUNRISE FOUNDATION INC,A,93,Boca Raton,Palm Beach,ntee:B82;name:service-club;name:foundation;ntee-education:B82,https://bocasunriserotary.org,2023,https://gt990datalake-rawdata.s3.amazonaws.com/EfileData/XmlFiles/202413089349300456_public.xml
934666362,OPTIMAL HEALTH MEDICINE FOUNDATION INC,A,93,Coconut Creek,Broward,ntee:B82;files-990PF;private-foundation:04;name:foundation;ntee-education:B82,https://optimalhealthmedicinefoundation.org,2024,https://gt990datalake-rawdata.s3.amazonaws.com/EfileData/XmlFiles/202543089349101454_public.xml
455006138,ECHO FOUNDATION INC,A,93,Boca Raton,Palm Beach,ntee:B82;files-990PF;private-foundation:04;name:foundation;ntee-education:B82,https://www.foundationcenter.org,2024,https://gt990datalake-rawdata.s3.amazonaws.com/EfileData/XmlFiles/202600139349100105_public.xml
651021000,KIWANIS CLUB OF LAUDERDALE LAKES FOUNDATION INC,A,93,Ft Lauderdale,Broward,ntee:B82;name:service-club;name:foundation;ntee-education:B82,https://www.kcllws.com,2023,https://gt990datalake-rawdata.s3.amazonaws.com/EfileData/XmlFiles/202403189349305775_public.xml
200694721,CUBAN AMERICAN CPA ASSOCIATION FOUNDATION INC,A,93,Coral Gables,Miami-Dade,ntee:B82;files-990PF;private-foundation:04;name:foundation;ntee-education:B82,https://www.cacpa.org,2023,https://gt990datalake-rawdata.s3.amazonaws.com/EfileData/XmlFiles/202502279349100105_public.xml
833997709,PETER WANG FOUNDATION INC,A,93,Parkland,Broward,ntee:B82;files-990PF;private-foundation:04;name:foundation;ntee-education:B82,https://www.peterwangfoundation.org,2024,https://gt990datalake-rawdata.s3.amazonaws.com/EfileData/XmlFiles/202503199349100610_public.xml
020788451,THE MCKELVEY ENTREPRENEURIAL FOUNDATION,A,93,Ft Lauderdale,Broward,ntee:B82;files-990PF;private-foundation:04;name:foundation;ntee-education:B82,https://www.mckelveyfoundation.org,2024,https://gt990datalake-rawdata.s3.amazonaws.com/EfileData/XmlFiles/202543179349103664_public.xml
650748368,KIWANIS CLUB OF BISCAYNE BAY YOUTH FOUNDATION INC,A,93,Palmetto Bay,Miami-Dade,ntee:B82;name:service-club;name:foundation;ntee-education:B82,https://biscaynebaykiwanis.org,2020,https://gt990datalake-rawdata.s3.amazonaws.com/EfileData/XmlFiles/202103019349300140_public.xml
800669436,HOMESTEAD SOUTH DATE KIWANIS FOUNDATION INC,A,93,Homestead,Miami-Dade,ntee:B82;name:service-club;name:foundation;ntee-education:B82,https://www.homesteadkiwanis.org,2023,https://gt990datalake-rawdata.s3.amazonaws.com/EfileData/XmlFiles/202501069349200740_public.xml
880650787,JCX2 STEWARDSHIP FAMILY AND SCHOLARSHIP FOUNDATION,A,90,Miami,Miami-Dade,name:scholarship;files-990PF;private-foundation:04;name:foundation,https://jc2stewardshipfoundation.com,2023,https://gt990datalake-rawdata.s3.amazonaws.com/EfileData/XmlFiles/202441559349100619_public.xml
271024266,AFRICAN STUDENTS EDUCATION FUND INC,A,88,Miami,Miami-Dade,ntee:B82;files-990PF;private-foundation:04;ntee-education:B82;name:education,https://www.asefrwanda.org,2024,https://gt990datalake-rawdata.s3.amazonaws.com/EfileData/XmlFiles/202513099349101541_public.xml
922145049,DIAS FELLOWSHIP,A,83,Miami,Miami-Dade,ntee:B82;files-990PF;private-foundation:03;ntee-education:B82,https://thediasfellows.org,2024,https://gt990datalake-rawdata.s3.amazonaws.com/EfileData/XmlFiles/202543239349100029_public.xml
650270346,GMAA-BATCHELOR AVIATION SCHOLARSHIP FUND INC,A,80,Miami Springs,Miami-Dade,name:scholarship;files-990PF;private-foundation:03,https://www.miamiaviation.org,2024,https://gt990datalake-rawdata.s3.amazonaws.com/EfileData/XmlFiles/202543219349102224_public.xml
134192239,GREG RICHARDS LARRY POLATSCH AND SCOTT WEINGARD MEMORIAL FUND INC,A,78,Boca Raton,Palm Beach,ntee:B82;name:memorial-fund;ntee-education:B82,https://www.glsmemorialfund.com,2023,https://gt990datalake-rawdata.s3.amazonaws.com/EfileData/XmlFiles/202510249349300736_public.xml
592477112,COMMUNITY FOUNDATION OF BROWARD INC,A,70,Fort Lauderdale,Broward,name:community-foundation;ntee-grantmaker:T310;name:foundation,https://www.cfbroward.org,2023,https://gt990datalake-rawdata.s3.amazonaws.com/EfileData/XmlFiles/202501339349304915_public.xml
300239421,KEY BISCAYNE COMMUNITY FOUNDATION INC,A,70,Key Biscayne,Miami-Dade,name:community-foundation;ntee-grantmaker:T31;name:foundation,https://www.keybiscaynefoundation.org,2023,https://gt990datalake-rawdata.s3.amazonaws.com/EfileData/XmlFiles/202423209349323462_public.xml
650208290,THE CORAL GABLES COMMUNITY FOUNDATION,A,70,Coral Gables,Miami-Dade,name:community-foundation;ntee-grantmaker:T31;name:foundation,https://www.gablesfoundation.org,2023,https://gt990datalake-rawdata.s3.amazonaws.com/EfileData/XmlFiles/202423169349302027_public.xml
454679545,NORTH MIAMI EDUCATIONAL FOUNDATION INC,A,68,Miami,Miami-Dade,ntee:B82;name:foundation;ntee-education:B82;name:education,https://www.northmiamifl.gov/residents/NM,2023,https://gt990datalake-rawdata.s3.amazonaws.com/EfileData/XmlFiles/202441369349317104_public.xml
650931808,ETA NU EDUCATION FOUNDATION INC,A,68,Boca Raton,Palm Beach,ntee:B82;name:foundation;ntee-education:B82;name:education,https://omegaa4education.org,2024,https://gt990datalake-rawdata.s3.amazonaws.com/EfileData/XmlFiles/202530579349300503_public.xml
591057332,HOLLYWOOD FLORIDA SCHOLARSHIP FOUNDATION INC,A,68,Ft Lauderdale,Broward,name:scholarship;name:foundation;ntee-education:B82Z,https://hollywoodscholarship.org,2023,https://gt990datalake-rawdata.s3.amazonaws.com/EfileData/XmlFiles/202433079349200003_public.xml
271280095,CORAL SPRINGS CHAMBER OF COMMERCE EDUCATION FOUNDATION CORPORATION,A,68,Coral Springs,Broward,ntee:B82;name:foundation;ntee-education:B82;name:education,https://www.cschamber.com,2017,https://gt990datalake-rawdata.s3.amazonaws.com/EfileData/XmlFiles/201811209349200136_public.xml
592834504,MIAMI BAYSIDE FOUNDATION INC,A,63,Miami,Miami-Dade,ntee:B82;name:foundation;ntee-education:B82,https://www.miamibaysidefoundation.org,2023,https://gt990datalake-rawdata.s3.amazonaws.com/EfileData/XmlFiles/202412329349301471_public.xml
814524745,POPEYES FOUNDATION INC,A,63,Miami,Miami-Dade,ntee:B82;name:foundation;ntee-education:B82,https://www.popeyes.com/FOUNDATION,2023,https://gt990datalake-rawdata.s3.amazonaws.com/EfileData/XmlFiles/202412789349301621_public.xml
815120279,ANDRES BELLO CATHOLIC UNIVERSITY FOUNDATION INC,A,63,Miami,Miami-Dade,ntee:B82;name:foundation;ntee-education:B82,https://abcufoundation.org,2023,https://gt990datalake-rawdata.s3.amazonaws.com/EfileData/XmlFiles/202443199349314589_public.xml
352535953,FAITHFIRST FOUNDATION,A,63,Jupiter,Palm Beach,ntee:B82;name:foundation;ntee-education:B82,https://www.faithfirstfoundation.org,2023,https://gt990datalake-rawdata.s3.amazonaws.com/EfileData/XmlFiles/202441509349301369_public.xml
824612617,GINA ROSE MONTALTO MEMORIAL FOUNDATION INC,A,63,Coral Springs,Broward,ntee:B82;name:foundation;ntee-education:B82,https://ginarosemontaltomemorialfoundation.org,2023,https://gt990datalake-rawdata.s3.amazonaws.com/EfileData/XmlFiles/202443209349325279_public.xml
271821519,ABC CARES FOUNDATION INC,A,63,Coconut Creek,Broward,ntee:B82;name:foundation;ntee-education:B82,https://www.abccaresfoundation.com,2023,https://gt990datalake-rawdata.s3.amazonaws.com/EfileData/XmlFiles/202402719349300120_public.xml
800320048,KID ROCK FOUNDATION,A,63,Tequesta,Palm Beach,ntee:B82;name:foundation;ntee-education:B82,https://www.kidrock-foundation.com,2023,https://gt990datalake-rawdata.s3.amazonaws.com/EfileData/XmlFiles/202423139349201512_public.xml
884107708,LUCY FERNANDEZ FOUNDATION INC,A,63,Miami,Miami-Dade,ntee:B82;name:foundation;ntee-education:B82,https://www.lucyfernandezfoundation.org,2023,https://gt990datalake-rawdata.s3.amazonaws.com/EfileData/XmlFiles/202423209349321847_public.xml
660453058,CARIBBEAN HOTEL FOUNDATION INC,A,63,Fort Lauderdale,Broward,ntee:B82;name:foundation;ntee-education:B82,https://www.caribbeanhotelandtourism.com,2023,https://gt990datalake-rawdata.s3.amazonaws.com/EfileData/XmlFiles/202413199349313711_public.xml
273394602,DARRELLE REVIS FOUNDATION INC,A,63,Plantation,Broward,ntee:B82;name:foundation;ntee-education:B82,https://www.darrellerevisfoundation.org,2023,https://gt990datalake-rawdata.s3.amazonaws.com/EfileData/XmlFiles/202520239349301412_public.xml
471322656,ANDREW RED HARRIS FOUNDATION INC,A,63,Jupiter,Palm Beach,ntee:B82;name:foundation;ntee-education:B82,https://andrewredharrisfoundation.org,2023,https://gt990datalake-rawdata.s3.amazonaws.com/EfileData/XmlFiles/202403129349304065_public.xml
710908643,IT WOMEN FOUNDATION INC,A,63,Weston,Broward,ntee:B82;name:foundation;ntee-education:B82,https://www.itwomen.org,2023,https://gt990datalake-rawdata.s3.amazonaws.com/EfileData/XmlFiles/202412299349200746_public.xml
650850551,BRYANT PENEY SCHLOARSHIP FOUNDATION INC,A,63,Wellington,Palm Beach,ntee:B82;name:foundation;ntee-education:B82,https://bryantpeney.com,2023,https://gt990datalake-rawdata.s3.amazonaws.com/EfileData/XmlFiles/202520499349201027_public.xml
452532750,JORGE NATION FOUNDATION INC,A,63,Boca Raton,Palm Beach,ntee:B82;name:foundation;ntee-education:B82,https://jorgenation.org,2022,https://gt990datalake-rawdata.s3.amazonaws.com/EfileData/XmlFiles/202440749349300639_public.xml
464645943,KENNYS DREAM FOUNDATION INC,A,63,Wellington,Palm Beach,ntee:B82;name:foundation;ntee-education:B82,https://www.kennysdreamfoundation.org,2024,https://gt990datalake-rawdata.s3.amazonaws.com/EfileData/XmlFiles/202511239349201106_public.xml
851178420,USLAW NETWORK FOUNDATION,A,63,Coral Springs,Broward,ntee:B82;name:foundation;ntee-education:B82,https://www.uslaw.org,2023,https://gt990datalake-rawdata.s3.amazonaws.com/EfileData/XmlFiles/202411909349200411_public.xml
113615553,DORSAINVIL FOUNDATION,A,63,Delray Beach,Palm Beach,ntee:B82;name:foundation;ntee-education:B82,https://www.dorsainvilfoundation.org,2023,https://gt990datalake-rawdata.s3.amazonaws.com/EfileData/XmlFiles/202521009349200112_public.xml
365061236,HEM FOUNDATION INC,A,63,Miramar,Broward,ntee:B82;name:foundation;ntee-education:B82,https://www.hemfoundation.com,2024,https://gt990datalake-rawdata.s3.amazonaws.com/EfileData/XmlFiles/202511329349300831_public.xml
873957348,GROVE BAY FOUNDATION INC,A,63,Miami,Miami-Dade,ntee:B82;name:foundation;ntee-education:B82,https://grovebaygroup.com/grove-bay-foundation,2023,https://gt990datalake-rawdata.s3.amazonaws.com/EfileData/XmlFiles/202441799349200829_public.xml
813682505,FORZA STEFANO CHARITABLE FOUNDATION INC,A,63,Pembroke Pines,Broward,ntee:B82;name:foundation;ntee-education:B82,https://www.forzastefano.org,2023,https://gt990datalake-rawdata.s3.amazonaws.com/EfileData/XmlFiles/202412589349200951_public.xml
455464829,PIASECKI FOUNDATION INC,A,63,Pompano Beach,Broward,ntee:B82;name:foundation;ntee-education:B82,https://www.thepiaseckifoundation.org,2024,https://gt990datalake-rawdata.s3.amazonaws.com/EfileData/XmlFiles/202511319349200531_public.xml
264246852,CESAR PRESBOTT FOUNDATION INC,A,63,Weston,Broward,ntee:B82;name:foundation;ntee-education:B82,https://cesarpresbottfoundation.com,2018,https://gt990datalake-rawdata.s3.amazonaws.com/EfileData/XmlFiles/201941699349200434_public.xml
275101763,HBS CLUB OF SOUTH FLORIDA FOUNDATION INC,A,63,Hallandale Beach,Broward,ntee:B82;name:foundation;ntee-education:B82,https://www.hbssouthflorida.org,2020,https://gt990datalake-rawdata.s3.amazonaws.com/EfileData/XmlFiles/202122889349200102_public.xml
352313422,HELP BAINET FOUNDATION,A,63,Boynton Beach,Palm Beach,ntee:B82;name:foundation;ntee-education:B82,https://www.helpbainet.org,2018,https://gt990datalake-rawdata.s3.amazonaws.com/EfileData/XmlFiles/201921509349200632_public.xml
475184577,PERRY J COHEN FOUNDATION,A,63,Tequesta,Palm Beach,ntee:B82;name:foundation;ntee-education:B82,https://www.pjcf.org,2020,https://gt990datalake-rawdata.s3.amazonaws.com/EfileData/XmlFiles/202222209349200217_public.xml
651016808,E V CLAY PRSA MIAMI CHAPTER ENDOWMENT FUND INC,A,63,Miami,Miami-Dade,ntee:B82;name:foundation;ntee-education:B82,https://www.evclayprsa.org,2021,https://gt990datalake-rawdata.s3.amazonaws.com/EfileData/XmlFiles/202231339349203388_public.xml
201213167,JUNIOR LEAGUE OF MIAMI FOUNDATION INC,A,60,Coral Gables,Miami-Dade,name:service-club;ntee-grantmaker:T30;name:foundation,https://www.jlmiami.org,2023,https://gt990datalake-rawdata.s3.amazonaws.com/EfileData/XmlFiles/202541029349300314_public.xml
205564640,ROTARY CLUB OF CORALSPRINGS-PARKLAND FOUNDATION INC,A,60,Ft Lauderdale,Broward,name:service-club;ntee-grantmaker:T30;name:foundation,https://www.coralspringsparklandrotary.org,2022,https://gt990datalake-rawdata.s3.amazonaws.com/EfileData/XmlFiles/202441369349210324_public.xml
862232037,ROTARY CLUB MIAMI AIRPORT INC,A,60,Palmetto Bay,Miami-Dade,name:service-club;files-990PF;private-foundation:04,https://www.rotarymiamiairport.org,2024,https://gt990datalake-rawdata.s3.amazonaws.com/EfileData/XmlFiles/202500859349100775_public.xml
208077416,COLLEGE FOR KIDS INC,A,58,West Palm Beach,Palm Beach,ntee:B82;ntee-education:B82;name:education,https://www.takestockpalmbeach.org,2023,https://gt990datalake-rawdata.s3.amazonaws.com/EfileData/XmlFiles/202412969349301856_public.xml
650319696,FRIENDS OF 440 SCHOLARSHIP FUND INC,A,58,Miami,Miami-Dade,name:scholarship;ntee-education:B82Z,https://440scholarship.org,2023,https://gt990datalake-rawdata.s3.amazonaws.com/EfileData/XmlFiles/202500359349301450_public.xml
474854361,BRAZILIAN STUDENT ASSOCIATION INC,A,58,Miami,Miami-Dade,ntee:B82;ntee-education:B82;name:education,https://home.gobrasa.org,2023,https://gt990datalake-rawdata.s3.amazonaws.com/EfileData/XmlFiles/202403099349301110_public.xml
462987394,SCHOLAR CAREER COACHING INC,A,58,Boca Raton,Palm Beach,name:scholarship;ntee-education:B80,https://www.scholarcc.org,2023,https://gt990datalake-rawdata.s3.amazonaws.com/EfileData/XmlFiles/202432199349301333_public.xml
363774805,SECURITY TRADERS ASSOCIATION OF CHICAGO SCHOLARSHIP FUND INC,A,58,Delray Beach,Palm Beach,name:scholarship;ntee-education:B82Z,https://www.stachicago.org,2019,https://gt990datalake-rawdata.s3.amazonaws.com/EfileData/XmlFiles/202013229349201171_public.xml
820790098,AMERICAN HIGHER EDUCATION ALLIANCE INC,A,58,Boca Raton,Palm Beach,ntee:B82;ntee-education:B82;name:education,https://www.ahealliance.org,2021,https://gt990datalake-rawdata.s3.amazonaws.com/EfileData/XmlFiles/202221609349301217_public.xml
453938866,KEVIN GARCIA SCHOLARSHIP FUND INC,A,58,Miami,Miami-Dade,name:scholarship;ntee-education:B40,https://www.kevingarciafoundation.org,2023,https://gt990datalake-rawdata.s3.amazonaws.com/EfileData/XmlFiles/202441349349309239_public.xml
465031762,HEARING THE OVARIAN CANCER WHISPER INC,A,53,Jupiter,Palm Beach,ntee:B82;ntee-education:B82,https://www.howflorida.org,2022,https://gt990datalake-rawdata.s3.amazonaws.com/EfileData/XmlFiles/202421369349302512_public.xml
650329273,VISITOR INDUSTRY HUMAN RESOURCE DEVELOPMENT COUNCIL INC,A,53,Miami,Miami-Dade,ntee:B82;ntee-education:B82,https://www.blackhospitalitymiami.com,2022,https://gt990datalake-rawdata.s3.amazonaws.com/EfileData/XmlFiles/202412259349302191_public.xml
843014159,ORANGE BLOSSOM FOOTBALL CLASSIC ASSOCIATION INC,A,53,Miami Lakes,Miami-Dade,ntee:B82;ntee-education:B82,https://www.orangeblossomclassic.com,2021,https://gt990datalake-rawdata.s3.amazonaws.com/EfileData/XmlFiles/202213199349310811_public.xml
134330919,MATANYAS HOPE,A,53,Pompano Beach,Broward,ntee:B82;ntee-education:B82,https://matanyashope.org,2023,https://gt990datalake-rawdata.s3.amazonaws.com/EfileData/XmlFiles/202422939349300707_public.xml
590673290,FORT LAUDERDALE WOMANS CLUB INC,A,53,Ft Lauderdale,Broward,ntee:B82;ntee-education:B82,https://www.fortlauderdalewomansclub.com,2021,https://gt990datalake-rawdata.s3.amazonaws.com/EfileData/XmlFiles/202212539349200406_public.xml
201935704,FRIENDS OF THE ISRAEL HEART SOCIETY INC,A,53,Ft Lauderdale,Broward,ntee:B82;ntee-education:B82,https://friendsihs.org,2023,https://gt990datalake-rawdata.s3.amazonaws.com/EfileData/XmlFiles/202433169349200538_public.xml
814627389,ALLIANCE OF WOMEN EXECUTIVES INC,A,53,Boynton Beach,Palm Beach,ntee:B82;ntee-education:B82,https://www.aweinc.org,2024,https://gt990datalake-rawdata.s3.amazonaws.com/EfileData/XmlFiles/202521219349201522_public.xml
830636358,BECA A UN PANA CORPORATION,A,53,Aventura,Miami-Dade,ntee:B82;ntee-education:B82,https://becaunpana.org,2023,https://gt990datalake-rawdata.s3.amazonaws.com/EfileData/XmlFiles/202412159349200641_public.xml
650157329,THE HARVARD CLUB OF THE PALM BEACHES INC,A,53,Palm Beach,Palm Beach,ntee:B82;ntee-education:B82,https://hcpalmbeaches.clubs.harvard.edu,2023,https://gt990datalake-rawdata.s3.amazonaws.com/EfileData/XmlFiles/202510179349200631_public.xml
861480259,CHAMPION CHARITY INC,A,53,Tamarac,Broward,ntee:B82;ntee-education:B82,https://www.championcharity.org,2023,https://gt990datalake-rawdata.s3.amazonaws.com/EfileData/XmlFiles/202401229349201650_public.xml
454859905,MICROSCHOLARSHIPS INC,A,53,Coral Gables,Miami-Dade,ntee:B82;ntee-education:B82,https://www.microscholarships.org,2014,https://gt990datalake-rawdata.s3.amazonaws.com/EfileData/XmlFiles/201502329349200205_public.xml
450504730,LIVING WATER COMMUNITY INC,A,53,Coconut Creek,Broward,ntee:B82;ntee-education:B82,https://www.lwc-tt.com,2023,https://gt990datalake-rawdata.s3.amazonaws.com/EfileData/XmlFiles/202423539349300807_public.xml
811407528,GIVE HER CAMP INC,A,53,Hollywood,Broward,ntee:B82;ntee-education:B82,https://www.campowerment.com,2021,https://gt990datalake-rawdata.s3.amazonaws.com/EfileData/XmlFiles/202241869349200209_public.xml
843556724,WMBM CARES INC,A,53,Miami,Miami-Dade,ntee:B82;ntee-education:B82,https://wmbmcares.org,2022,https://gt990datalake-rawdata.s3.amazonaws.com/EfileData/XmlFiles/202300709349200805_public.xml
650021846,SUNRISE COMMUNITY FOUNDATION INC,A,50,Miami,Miami-Dade,name:community-foundation;name:foundation,https://www.sunrisegroup.org,2023,https://gt990datalake-rawdata.s3.amazonaws.com/EfileData/XmlFiles/202510599349301221_public.xml
592162597,GEORGE SNOW SCHOLARSHIP FUND INC,A,50,Boca Raton,Palm Beach,name:scholarship,https://www.scholarship.org,2021,https://gt990datalake-rawdata.s3.amazonaws.com/EfileData/XmlFiles/202232849349300008_public.xml
650862995,WOMEN OF TOMORROW MENTOR AND SCHOLARSHIP PROGRAM INC,A,50,Miami,Miami-Dade,name:scholarship,https://www.womenoftomorrow.org,2022,https://gt990datalake-rawdata.s3.amazonaws.com/EfileData/XmlFiles/202411669349300921_public.xml
311655484,SUNSHINE COMMUNITY FOUNDATION INC,A,50,Ft Lauderdale,Broward,name:community-foundation;name:foundation,https://www.sunfound.net,2018,https://gt990datalake-rawdata.s3.amazonaws.com/EfileData/XmlFiles/201932119349300103_public.xml
874001536,THE INTELLECTUALLY DEVELOPMENTALLY DISABLED COMMUNITY FOUNDATION INC,A,50,Boca Raton,Palm Beach,name:community-foundation;name:foundation,https://www.iddealplace.org,2023,https://gt990datalake-rawdata.s3.amazonaws.com/EfileData/XmlFiles/202422889349300202_public.xml
842314055,BLUE SCHOLARS INITIATIVE INC,A,50,Pinecrest,Miami-Dade,name:scholarship,https://bluescholars.org,2024,https://gt990datalake-rawdata.s3.amazonaws.com/EfileData/XmlFiles/202530939349300123_public.xml
264778984,WELLINGTON COMMUNITY FOUNDATION INC,A,50,Wellington,Palm Beach,name:community-foundation;name:foundation,https://wellingtoncommunityfoundation.org,2023,https://gt990datalake-rawdata.s3.amazonaws.com/EfileData/XmlFiles/202433039349202113_public.xml
331172689,POP WARNER LITTLE SCHOLARS INC,A,50,Coral Springs,Broward,name:scholarship,https://www.parklandrangers.com,2021,https://gt990datalake-rawdata.s3.amazonaws.com/EfileData/XmlFiles/202213269349200206_public.xml
205248662,MARIE LOUISE COMMUNITY FOUNDATION INC MLCF,A,50,Boynton Beach,Palm Beach,name:community-foundation;name:foundation,https://mlcancerfoundation.org,2024,https://gt990datalake-rawdata.s3.amazonaws.com/EfileData/XmlFiles/202541079349201844_public.xml
651148667,CORAL SPRINGS ROTARY CHARITIES INC,A,50,Coconut Creek,Broward,name:service-club;ntee-grantmaker:T30,https://www.coralspringsrotaryclub.com,2015,https://gt990datalake-rawdata.s3.amazonaws.com/EfileData/XmlFiles/201730199349200008_public.xml
812440761,POP WARNER LITTLE SCHOLAR INC,A,50,Weston,Broward,name:scholarship,https://www.westonwarriorssports.com,2024,https://gt990datalake-rawdata.s3.amazonaws.com/EfileData/XmlFiles/202530649349300443_public.xml
591926198,HOLLYWOOD ROTARY FOUNDATION INC,A,40,Hollywood,Broward,name:service-club;name:foundation,https://rotaryhollywood.org,2023,https://gt990datalake-rawdata.s3.amazonaws.com/EfileData/XmlFiles/202520419349301117_public.xml
237247846,FORT LAUDERDALE ROTARY 1090 FOUNDATION INC,A,40,Fort Lauderdale,Broward,name:service-club;name:foundation,https://www.rotaryfortlauderdale.org,2023,https://gt990datalake-rawdata.s3.amazonaws.com/EfileData/XmlFiles/202540539349300414_public.xml
237091199,THE ROTARY CLUB OF MIAMI FLORIDA FOUNDATION INC,A,40,Miami,Miami-Dade,name:service-club;name:foundation,https://miamirotary.org,2023,https://gt990datalake-rawdata.s3.amazonaws.com/EfileData/XmlFiles/202402849349301710_public.xml
592551031,PALM BEACH ROTARY FOUNDATION,A,40,Palm Beach,Palm Beach,name:service-club;name:foundation,https://www.palmbeachrotary.org,2023,https://gt990datalake-rawdata.s3.amazonaws.com/EfileData/XmlFiles/202432289349301493_public.xml
650823452,ROTARY CLUB OF HOMESTEAD CHARITABLE FOUNDATION INC,A,40,Homestead,Miami-Dade,name:service-club;name:foundation,https://www.homesteadrotary.org,2022,https://gt990datalake-rawdata.s3.amazonaws.com/EfileData/XmlFiles/202401289349303615_public.xml
650242960,THE JUPITER-TEQUESTA KIWANIS FOUNDATION INC,A,40,Tequesta,Palm Beach,name:service-club;name:foundation,https://www.kiwanisjupiter.org,2022,https://gt990datalake-rawdata.s3.amazonaws.com/EfileData/XmlFiles/202442079349200829_public.xml
842318861,WESTON ROTARY CHARITABLE FOUNDATION INC,A,40,Weston,Broward,name:service-club;name:foundation,https://westonrotary.com,2023,https://gt990datalake-rawdata.s3.amazonaws.com/EfileData/XmlFiles/202412759349200611_public.xml
461460193,ZONTA CLUB OF MIAMI LAKES FOUNDATION INC,A,40,Weston,Broward,name:service-club;name:foundation,https://www.zontamiamilakesclub.org,2023,https://gt990datalake-rawdata.s3.amazonaws.com/EfileData/XmlFiles/202432689349200703_public.xml
275029021,LITTLE HAITI OPTIMIST FOUNDATION INC,A,40,Miami Gardens,Miami-Dade,name:service-club;name:foundation,https://www.littlehaitioptimist.org,2023,https://gt990datalake-rawdata.s3.amazonaws.com/EfileData/XmlFiles/202510929349200421_public.xml
650776935,KIWANIS CLUB DELRAY BEACH FOUNDATION INC,A,40,Delray Beach,Palm Beach,name:service-club;name:foundation,https://www.delraybeachkiwanis.org,2023,https://gt990datalake-rawdata.s3.amazonaws.com/EfileData/XmlFiles/202410229349200416_public.xml
920996628,ROTARY CLUB OF SUNRISE FL FOUNDATION INC,A,40,Sunrise,Broward,name:service-club;name:foundation,https://www.rotaryclubsunriseflfoundation.org,2023,https://gt990datalake-rawdata.s3.amazonaws.com/EfileData/XmlFiles/202411229349201201_public.xml
596138209,JUNIOR LEAGUE OF THE PALM BEACHES INC,A,30,West Palm Beach,Palm Beach,name:service-club,https://jlpb.org,2023,https://gt990datalake-rawdata.s3.amazonaws.com/EfileData/XmlFiles/202510739349300221_public.xml
237402731,JUNIOR LEAGUE OF BOCA RATON INC,A,30,Boca Raton,Palm Beach,name:service-club,https://www.jlbr.org,2023,https://gt990datalake-rawdata.s3.amazonaws.com/EfileData/XmlFiles/202413189349301556_public.xml
591402994,Elks Lodge of Jupiter,A,30,Jupiter,Palm Beach,name:service-club,https://www.jupiterelks.org,2011,https://gt990datalake-rawdata.s3.amazonaws.com/EfileData/XmlFiles/201222899349301347_public.xml
590932711,JUNIOR LEAGUE OF GREATER FORT LAUDERDALE INC,A,30,Fort Lauderdale,Broward,name:service-club,https://www.juniorleagueftl.org,2022,https://gt990datalake-rawdata.s3.amazonaws.com/EfileData/XmlFiles/202401059349300965_public.xml
590767364,Elks Lodge of South Miami Coral Gables,A,30,South Miami,Miami-Dade,name:service-club,https://www.elks1676.com,2023,https://gt990datalake-rawdata.s3.amazonaws.com/EfileData/XmlFiles/202422209349301452_public.xml
596151047,BOCA RATON ROTARY FUND INC,A,30,Boca Raton,Palm Beach,name:service-club,https://rotaryclubbocaraton.com,2023,https://gt990datalake-rawdata.s3.amazonaws.com/EfileData/XmlFiles/202520849349301157_public.xml
650071524,EXCHANGE CLUB DICK WEBBER CENTER FOR THE PREVENTION OF CHILDABUSE F,A,30,West Palm Beach,Palm Beach,name:service-club,https://www.childrenshealinginstitute.org,2022,https://gt990datalake-rawdata.s3.amazonaws.com/EfileData/XmlFiles/202411959349300206_public.xml
590637869,JUNIOR LEAGUE OF MIAMI INC,A,30,Coral Gables,Miami-Dade,name:service-club,https://www.jlmiami.org,2023,https://gt990datalake-rawdata.s3.amazonaws.com/EfileData/XmlFiles/202541029349300134_public.xml
743091542,Weston Fl Rotary Club,A,30,Weston,Broward,name:service-club,https://www.westonrotary.org,2022,https://gt990datalake-rawdata.s3.amazonaws.com/EfileData/XmlFiles/202421239349300307_public.xml
650225222,Optimist Club of Westchester,A,30,Miami,Miami-Dade,name:service-club,https://www.westchesteroptimist.com,2023,https://gt990datalake-rawdata.s3.amazonaws.com/EfileData/XmlFiles/202510569349301316_public.xml
596138672,BAY OAKS MIAMI SOROPTIMIST HOME FOR THE AGED INC,A,30,Miami,Miami-Dade,name:service-club,https://www.bayoakshome.com,2023,https://gt990datalake-rawdata.s3.amazonaws.com/EfileData/XmlFiles/202413239349200711_public.xml
237313386,DELRAY BEACH ROTARY FUND INC,A,30,Delray Beach,Palm Beach,name:service-club,https://www.delraybeachrotary.com,2023,https://gt990datalake-rawdata.s3.amazonaws.com/EfileData/XmlFiles/202501359349306295_public.xml
591301415,Elks Lodge of Hollywood West,A,30,Hollywood,Broward,name:service-club,https://www.elkslodge2365.org,2023,https://gt990datalake-rawdata.s3.amazonaws.com/EfileData/XmlFiles/202421979349300812_public.xml
473860087,DISASTER NETWORK OF ASSISTANCE ROTARY ACTION GROUP INC,A,30,Boynton Beach,Palm Beach,name:service-club,https://dna-rag.com,2023,https://gt990datalake-rawdata.s3.amazonaws.com/EfileData/XmlFiles/202433189349309338_public.xml
590428463,Rotary Club of Miami,A,30,Miami,Miami-Dade,name:service-club,https://miamirotary.org,2023,https://gt990datalake-rawdata.s3.amazonaws.com/EfileData/XmlFiles/202442849349200869_public.xml
596142570,Rotary Club of Pompano Beach,A,30,Pompano Beach,Broward,name:service-club,https://pompanobeachrotary.com,2023,https://gt990datalake-rawdata.s3.amazonaws.com/EfileData/XmlFiles/202403469349201105_public.xml
590250276,Fort Lauderdale Rotary Club,A,30,Fort Lauderdale,Broward,name:service-club,https://www.rotaryfortlauderdale.org,2023,https://gt990datalake-rawdata.s3.amazonaws.com/EfileData/XmlFiles/202540559349201009_public.xml
591355425,THE ROTARY CLUB OF BOCA RATON INC,A,30,Boca Raton,Palm Beach,name:service-club,https://rotaryclubbocaraton.com,2023,https://gt990datalake-rawdata.s3.amazonaws.com/EfileData/XmlFiles/202500239349301115_public.xml
596152307,Rotary Club of Coral Gables,A,30,Coral Gables,Miami-Dade,name:service-club,https://www.coralgablesrotary.org,2023,https://gt990datalake-rawdata.s3.amazonaws.com/EfileData/XmlFiles/202402699349200525_public.xml
596155191,Rotary Club of Homestead,A,30,Homestead,Miami-Dade,name:service-club,https://www.homesteadrotary.org,2023,https://gt990datalake-rawdata.s3.amazonaws.com/EfileData/XmlFiles/202521269349200912_public.xml
591004380,Rotary Club of Hollywood,A,30,Hollywood,Broward,name:service-club,https://www.rotaryhollywood.org,2023,https://gt990datalake-rawdata.s3.amazonaws.com/EfileData/XmlFiles/202520419349201302_public.xml
592668776,Rotary Club of Boca Raton Sunrise,A,30,Boca Raton,Palm Beach,name:service-club,https://www.rotarybocasunrise.org,2023,https://gt990datalake-rawdata.s3.amazonaws.com/EfileData/XmlFiles/202423089349200117_public.xml
237194077,Rotary Club of Jupiter-Tequesta,A,30,Tequesta,Palm Beach,name:service-club,https://www.jupiter-tequesta-rotary.com,2022,https://gt990datalake-rawdata.s3.amazonaws.com/EfileData/XmlFiles/202411169349200531_public.xml
912004341,Kiwanis Club of Lauderdale Lakes In,A,30,Ft Lauderdale,Broward,name:service-club,https://www.kcllws.com,2023,https://gt990datalake-rawdata.s3.amazonaws.com/EfileData/XmlFiles/202423189349203047_public.xml
592015183,Wellington Rotary Club,A,30,Loxahatchee,Palm Beach,name:service-club,https://wellingtonrotary.org,2023,https://gt990datalake-rawdata.s3.amazonaws.com/EfileData/XmlFiles/202403409349200010_public.xml
596151464,Kiwanis Club of Jupiter-Tequesta,A,30,Tequesta,Palm Beach,name:service-club,https://www.kiwanisjupiter.org,2022,https://gt990datalake-rawdata.s3.amazonaws.com/EfileData/XmlFiles/202402279349201500_public.xml
596152294,Delray Beach Rotary Club,A,30,Delray Beach,Palm Beach,name:service-club,https://www.delraybeachrotary.com,2023,https://gt990datalake-rawdata.s3.amazonaws.com/EfileData/XmlFiles/202511359349308006_public.xml
590216047,Kiwanis Club of of Daytona Beach,A,30,Dania Beach,Broward,name:service-club,https://daytonabeachkiwanis.org,2022,https://gt990datalake-rawdata.s3.amazonaws.com/EfileData/XmlFiles/202422279349201187_public.xml
270238892,Rotary Club of Boca Raton West,A,30,Pompano Beach,Broward,name:service-club,https://www.rotarybocaratonwest.org,2021,https://gt990datalake-rawdata.s3.amazonaws.com/EfileData/XmlFiles/202311349349200246_public.xml
590659927,Rotary Club of South Miami,A,30,Miami,Miami-Dade,name:service-club,https://www.southmiamirotary.org,2011,https://gt990datalake-rawdata.s3.amazonaws.com/EfileData/XmlFiles/201212489349200291_public.xml
596152296,Rotary Club of Palm Beach,A,30,Palm Beach,Palm Beach,name:service-club,https://www.rotarypalmbeach.org,2013,https://gt990datalake-rawdata.s3.amazonaws.com/EfileData/XmlFiles/201541499349200614_public.xml
596194526,Rotary Club of Perrine Cutler Ridge Palmetto Bay,A,30,Miami,Miami-Dade,name:service-club,https://www.pcrpbrotary.com,2010,https://gt990datalake-rawdata.s3.amazonaws.com/EfileData/XmlFiles/201132949349200208_public.xml
596209870,SOROPTIMIST INTERNATIONAL OF THE AMERICAS INC,A,30,Boca Raton,Palm Beach,name:service-club,https://www.soroptimist4women.org,2023,https://gt990datalake-rawdata.s3.amazonaws.com/EfileData/XmlFiles/202443499349200004_public.xml
814482389,CATS BASEBALL BOOSTER INC,B,40,Weston,Broward,files-990PF;private-foundation:04;name:alumni/booster,https://leaguelineup.com/catsbaseball,2022,https://gt990datalake-rawdata.s3.amazonaws.com/EfileData/XmlFiles/202321349349100317_public.xml
592313448,THEODORE ROOSEVELT GIBSON MEMORIAL FUND INCORPORATED,B,25,Miami,Miami-Dade,name:memorial-fund,https://www.thelmagibsonhealthinitiative.org,2011,https://gt990datalake-rawdata.s3.amazonaws.com/EfileData/XmlFiles/201222929349300632_public.xml
830560233,NICHOLAS DWORET MEMORIAL FUND INC,B,25,Cooper City,Broward,name:memorial-fund,https://nicholasdworetfund.org,2023,https://gt990datalake-rawdata.s3.amazonaws.com/EfileData/XmlFiles/202402839349201110_public.xml
454944448,DAVY JONES EQUINE MEMORIAL FUND INC,B,25,Jupiter,Palm Beach,name:memorial-fund,https://haveyouherd.org,2023,https://gt990datalake-rawdata.s3.amazonaws.com/EfileData/XmlFiles/202403119349302140_public.xml
273395158,HARVARD ASIAN AMERICAN ALUMNI ALLIANCE EDUCATIONAL AND CHARITABL,B,23,Boca Raton,Palm Beach,name:alumni/booster;ntee-education:B99;name:education,https://haaaa.sigs.harvard.edu,2024,https://gt990datalake-rawdata.s3.amazonaws.com/EfileData/XmlFiles/202511259349201276_public.xml
020683998,CORNWALL COLLEGE ALUMNI ASSOCIATION INC,B,23,Plantation,Broward,name:alumni/booster;ntee-education:B84;name:education,https://www.ccalumni-florida.com,2021,https://gt990datalake-rawdata.s3.amazonaws.com/EfileData/XmlFiles/202243559349200719_public.xml
203282804,FBI CITIZENS ACADEMY ALUMNI ASSOCIATION INC - SOUTH FLORIDA,B,23,Cooper City,Broward,name:alumni/booster;ntee-education:B90;name:education,https://www.fbicaaamiami.org,2024,https://gt990datalake-rawdata.s3.amazonaws.com/EfileData/XmlFiles/202521159349201502_public.xml
650755554,THE FREDERICK A DELUCA FOUNDATION INC,C,60,Pompano Beach,Broward,ntee-grantmaker:T22;files-990PF;private-foundation:04;name:foundation,https://www.delucafdn.org,2024,https://gt990datalake-rawdata.s3.amazonaws.com/EfileData/XmlFiles/202503219349106765_public.xml
461550110,THE INVISIBLE HAND FOUNDATION,C,60,Miami,Miami-Dade,ntee-grantmaker:T20;files-990PF;private-foundation:04;name:foundation,https://www.barryfamilyfoundation.org,2023,https://gt990datalake-rawdata.s3.amazonaws.com/EfileData/XmlFiles/202531359349102018_public.xml
854381562,CARL ANGUS DESANTIS FOUNDATION INC,C,60,Delray Beach,Palm Beach,ntee-grantmaker:T20;files-990PF;private-foundation:04;name:foundation,https://www.carldesantis.org,2024,https://gt990datalake-rawdata.s3.amazonaws.com/EfileData/XmlFiles/202630409349100618_public.xml
223468030,KOVNER FOUNDATION,C,60,Jupiter,Palm Beach,ntee-grantmaker:T22;files-990PF;private-foundation:04;name:foundation,https://thekovnerfoundation.org,2024,https://gt990datalake-rawdata.s3.amazonaws.com/EfileData/XmlFiles/202513219349104696_public.xml
201232852,TAFT FOUNDATION,C,60,Fort Lauderdale,Broward,ntee-grantmaker:T20;files-990PF;private-foundation:04;name:foundation,https://thetaftfoundation.org,2024,https://gt990datalake-rawdata.s3.amazonaws.com/EfileData/XmlFiles/202512979349101101_public.xml
900820145,DESAI SETHI FOUNDATION INC,C,60,Miami,Miami-Dade,ntee-grantmaker:T23;files-990PF;private-foundation:04;name:foundation,https://www.thedsfoundation.org,2021,https://gt990datalake-rawdata.s3.amazonaws.com/EfileData/XmlFiles/202213169349100536_public.xml
814657525,BRAVO FAMILY CHARITABLE FOUNDATION,C,60,Miami,Miami-Dade,ntee-grantmaker:T20;files-990PF;private-foundation:04;name:foundation,https://www.bravofamilyfoundation.org,2024,https://gt990datalake-rawdata.s3.amazonaws.com/EfileData/XmlFiles/202533219349100608_public.xml
203100839,LATTNER FAMILY FOUNDATION INC,C,60,Delray Beach,Palm Beach,ntee-grantmaker:T22;files-990PF;private-foundation:04;name:foundation,https://www.lattnerfamilyfoundation.org,2024,https://gt990datalake-rawdata.s3.amazonaws.com/EfileData/XmlFiles/202543179349103074_public.xml
546882525,JAMES AND BEATRICE SALAH CHARITABLE TRUST,C,60,Ft Lauderdale,Broward,ntee-grantmaker:T20;files-990PF;private-foundation:04;name:foundation,https://www.salahfoundation.org,2024,https://gt990datalake-rawdata.s3.amazonaws.com/EfileData/XmlFiles/202513169349100616_public.xml
306068334,THE LEANDRO P RIZZUTO FOUNDATION,C,60,Boynton Beach,Palm Beach,ntee-grantmaker:T22;files-990PF;private-foundation:04;name:foundation,https://alsfindingacure.org,2024,https://gt990datalake-rawdata.s3.amazonaws.com/EfileData/XmlFiles/202511289349101046_public.xml
203846597,THE THIEL FOUNDATION,C,60,Miami,Miami-Dade,ntee-grantmaker:T20;files-990PF;private-foundation:04;name:foundation,https://www.thielfoundation.org,2024,https://gt990datalake-rawdata.s3.amazonaws.com/EfileData/XmlFiles/202533219349106118_public.xml
463895268,STOOPS FAMILY FOUNDATION INC,C,60,Delray Beach,Palm Beach,ntee-grantmaker:T99;files-990PF;private-foundation:04;name:foundation,https://nonprofitlocator.org/ORGANIZATIONS/FL,2021,https://gt990datalake-rawdata.s3.amazonaws.com/EfileData/XmlFiles/202221319349101432_public.xml
134034999,CHARLES LAFITTE FOUNDATION,C,60,Jupiter,Palm Beach,ntee-grantmaker:T22;files-990PF;private-foundation:04;name:foundation,https://www.charleslafitte.org,2023,https://gt990datalake-rawdata.s3.amazonaws.com/EfileData/XmlFiles/202501359349105120_public.xml
770607990,QUEALLY FOUNDATION INC,C,60,Palm Beach,Palm Beach,ntee-grantmaker:T22;files-990PF;private-foundation:04;name:foundation,https://thequeallyfoundation.com,2024,https://gt990datalake-rawdata.s3.amazonaws.com/EfileData/XmlFiles/202543189349104739_public.xml
020631312,HANLEY FOUNDATION,C,60,Miami Beach,Miami-Dade,ntee-grantmaker:T22;files-990PF;private-foundation:04;name:foundation,https://www.hanleyfdn.org,2024,https://gt990datalake-rawdata.s3.amazonaws.com/EfileData/XmlFiles/202513179349101136_public.xml
912085191,KAREN TOFFLER CHARITABLE TRUST,C,60,Boca Raton,Palm Beach,ntee-grantmaker:T22;files-990PF;private-foundation:04;name:foundation,https://tofflertrust.org,2024,https://gt990datalake-rawdata.s3.amazonaws.com/EfileData/XmlFiles/202522889349100042_public.xml
311625551,THE KIRK FOUNDATION INC,C,60,Palmetto Bay,Miami-Dade,ntee-grantmaker:T22;files-990PF;private-foundation:04;name:foundation,https://kirk-foundation.org,2024,https://gt990datalake-rawdata.s3.amazonaws.com/EfileData/XmlFiles/202503009349100120_public.xml
872081402,NATIONAL SCHOOL CHOICE AWARENESS FOUNDATION INC,C,60,Aventura,Miami-Dade,ntee-grantmaker:T23;files-990PF;private-foundation:03;name:foundation,https://schoolchoiceawareness.org,2024,https://gt990datalake-rawdata.s3.amazonaws.com/EfileData/XmlFiles/202503189349103100_public.xml
452592244,EUGENE EWAN MORI FOUNDATION INC,C,60,Davie,Broward,ntee-grantmaker:T20;files-990PF;private-foundation:04;name:foundation,https://eemorifoundation.org,2024,https://gt990datalake-rawdata.s3.amazonaws.com/EfileData/XmlFiles/202531299349101858_public.xml
853578092,LINDA YE AND ROBIN REN FAMILY FOUNDATION,C,60,Aventura,Miami-Dade,ntee-grantmaker:T20;files-990PF;private-foundation:04;name:foundation,https://yerenfoundation.org,2024,https://gt990datalake-rawdata.s3.amazonaws.com/EfileData/XmlFiles/202531359349102093_public.xml
650960723,CASTRO FAMILY FOUNDATION INC,C,60,Boca Raton,Palm Beach,ntee-grantmaker:T22;files-990PF;private-foundation:03;name:foundation,https://www.mv4k.org,2024,https://gt990datalake-rawdata.s3.amazonaws.com/EfileData/XmlFiles/202501349349103255_public.xml
260012965,ROBERT C AND VERONICA ATKINS FOUNDATION,C,60,Jupiter,Palm Beach,ntee-grantmaker:T30;files-990PF;private-foundation:04;name:foundation,https://www.atkinsfoundation.org,2024,https://gt990datalake-rawdata.s3.amazonaws.com/EfileData/XmlFiles/202533189349101028_public.xml
204926823,HARPO FOUNDATION INC,C,60,Miami Beach,Miami-Dade,ntee-grantmaker:T22;files-990PF;private-foundation:04;name:foundation,https://www.harpofoundation.org,2024,https://gt990datalake-rawdata.s3.amazonaws.com/EfileData/XmlFiles/202511359349100531_public.xml
871008683,STRACHAN FOUNDATION,C,60,Coral Gables,Miami-Dade,ntee-grantmaker:T20;files-990PF;private-foundation:04;name:foundation,https://www.strachanfoundation.org,2024,https://gt990datalake-rawdata.s3.amazonaws.com/EfileData/XmlFiles/202523179349101902_public.xml
133949135,MICHAEL AND ANNIE FALK FOUNDATION,C,60,Palm Beach,Palm Beach,ntee-grantmaker:T20J;files-990PF;private-foundation:04;name:foundation,https://www.anniefalk.comourfoundation,2024,https://gt990datalake-rawdata.s3.amazonaws.com/EfileData/XmlFiles/202543209349100694_public.xml
271526152,GEO GLOBAL FOUNDATION,C,60,Coral Gables,Miami-Dade,ntee-grantmaker:T30;files-990PF;private-foundation:04;name:foundation,https://www.jaimedavidovichfoundation.org,2023,https://gt990datalake-rawdata.s3.amazonaws.com/EfileData/XmlFiles/202521349349103302_public.xml
207432171,MANES PEACE PRIZE FOUNDATION,C,60,Delray Beach,Palm Beach,ntee-grantmaker:T20;files-990PF;private-foundation:04;name:foundation,https://manespeaceprize.com,2024,https://gt990datalake-rawdata.s3.amazonaws.com/EfileData/XmlFiles/202610299349100621_public.xml
650541856,SQA FOUNDATION INC,C,60,Coral Gables,Miami-Dade,ntee-grantmaker:T22Z;files-990PF;private-foundation:04;name:foundation,https://www.sqafoundation.org,2023,https://gt990datalake-rawdata.s3.amazonaws.com/EfileData/XmlFiles/202532799349100908_public.xml
651050806,PAUL PALANK MEMORIAL FOUNDATION INC,C,60,Ft Lauderdale,Broward,ntee-grantmaker:T22;files-990PF;private-foundation:04;name:foundation,https://www.palankfoundation.org,2022,https://gt990datalake-rawdata.s3.amazonaws.com/EfileData/XmlFiles/202440749349100524_public.xml
824261194,MARVIN H WEINER FOUNDATION INC,C,60,Ft Lauderdale,Broward,ntee-grantmaker:T20;files-990PF;private-foundation:04;name:foundation,https://mhweiner.org,2024,https://gt990datalake-rawdata.s3.amazonaws.com/EfileData/XmlFiles/202541329349102014_public.xml
853705917,JRP FAMILY FOUNDATION INC,C,60,Florida City,Miami-Dade,ntee-grantmaker:T23;files-990PF;private-foundation:04;name:foundation,https://www.jrpfoundation.org,2024,https://gt990datalake-rawdata.s3.amazonaws.com/EfileData/XmlFiles/202620489349100127_public.xml
113501028,JOHN O OUNJIAN FOUNDATION INC,C,60,Boca Raton,Palm Beach,ntee-grantmaker:T22;files-990PF;private-foundation:04;name:foundation,https://ounjiandoundation.org,2025,https://gt990datalake-rawdata.s3.amazonaws.com/EfileData/XmlFiles/202610739349100306_public.xml
474897120,BILL KENT FAMILY FOUNDATION INC,C,60,Ft Lauderdale,Broward,ntee-grantmaker:T20;files-990PF;private-foundation:04;name:foundation,https://billkentfamilyfoundation.org,2025,https://gt990datalake-rawdata.s3.amazonaws.com/EfileData/XmlFiles/202610999349100436_public.xml
273158367,LOIS POPE LIFE FOUNDATION INC,C,60,Lantana,Palm Beach,ntee-grantmaker:T20;files-990PF;private-foundation:04;name:foundation,https://www.life-edu.org,2024,https://gt990datalake-rawdata.s3.amazonaws.com/EfileData/XmlFiles/202503099349101705_public.xml
273533930,LEVITETZ FAMILY FOUNDATION INC,C,60,Boca Raton,Palm Beach,ntee-grantmaker:T22;files-990PF;private-foundation:04;name:foundation,https://www.levitetzfamilyfoundation.org,2024,https://gt990datalake-rawdata.s3.amazonaws.com/EfileData/XmlFiles/202523219349102617_public.xml
856275022,ROSS AND CAROL NESE FOUNDATION,C,60,Riviera Beach,Palm Beach,ntee-grantmaker:T20;files-990PF;private-foundation:04;name:foundation,https://www.nesefoundation.org,2024,https://gt990datalake-rawdata.s3.amazonaws.com/EfileData/XmlFiles/202542259349100214_public.xml
834470325,MIAMI MARLINS FOUNDATION INC,C,60,Miami,Miami-Dade,ntee-grantmaker:T20;files-990PF;private-foundation:04;name:foundation,https://www.mlb.com/MARLINS/COMMUNITY/FOUNDATION,2024,https://gt990datalake-rawdata.s3.amazonaws.com/EfileData/XmlFiles/202533219349105448_public.xml
650708527,GORDON FAMILY FOUNDATION INC,C,60,Hallandale,Broward,ntee-grantmaker:T20Z;files-990PF;private-foundation:04;name:foundation,https://www.gordonfamilyfoundation.org,2024,https://gt990datalake-rawdata.s3.amazonaws.com/EfileData/XmlFiles/202523029349100117_public.xml
861138674,PFEIFLER FAMILY FOUNDATION,C,60,Palm Beach,Palm Beach,ntee-grantmaker:T22;files-990PF;private-foundation:04;name:foundation,https://sites.google.com/SITE/PFEIFLERFAMILYFOUNDATION,2024,https://gt990datalake-rawdata.s3.amazonaws.com/EfileData/XmlFiles/202521749349100607_public.xml
522185402,ANNETTE URSO RICKEL FOUNDATION INC,C,60,Lantana,Palm Beach,ntee-grantmaker:T22;files-990PF;private-foundation:04;name:foundation,https://rickelfoundation.org,2024,https://gt990datalake-rawdata.s3.amazonaws.com/EfileData/XmlFiles/202521399349100527_public.xml
300256823,THE ARK FOUNDATION,C,60,Miami Beach,Miami-Dade,ntee-grantmaker:T22;files-990PF;private-foundation:04;name:foundation,https://www.the-ark-foundation.org,2019,https://gt990datalake-rawdata.s3.amazonaws.com/EfileData/XmlFiles/202032529349100138_public.xml
650870379,DONALD A BURNS FOUNDATION INC,C,60,Palm Beach,Palm Beach,ntee-grantmaker:T21;files-990PF;private-foundation:04;name:foundation,https://www.dabfoundation.org,2024,https://gt990datalake-rawdata.s3.amazonaws.com/EfileData/XmlFiles/202513219349101476_public.xml
825428158,EMBRACE FOUNDATION,C,60,Hollywood,Broward,ntee-grantmaker:T22;files-990PF;private-foundation:04;name:foundation,https://www.embraceusa.org,2024,https://gt990datalake-rawdata.s3.amazonaws.com/EfileData/XmlFiles/202533149349100113_public.xml
473367808,S&B WORLD FOUNDATION INC,C,60,Ft Lauderdale,Broward,ntee-grantmaker:T20;files-990PF;private-foundation:04;name:foundation,https://sbworldfoundation.com,2024,https://gt990datalake-rawdata.s3.amazonaws.com/EfileData/XmlFiles/202531339349103673_public.xml
260129922,VERENA FOUNDATION,C,60,Plantation,Broward,ntee-grantmaker:T20;files-990PF;private-foundation:04;name:foundation,https://www.verenafoundation.org,2010,https://gt990datalake-rawdata.s3.amazonaws.com/EfileData/XmlFiles/201123079349100612_public.xml
141861856,MCNAMARA FAMILY FOUNDATION INC,C,60,Coral Gables,Miami-Dade,ntee-grantmaker:T31;files-990PF;private-foundation:04;name:foundation,https://www.sunbiz.org,2024,https://gt990datalake-rawdata.s3.amazonaws.com/EfileData/XmlFiles/202533179349102148_public.xml
820637746,PETER@DEGEORGE FAMILY FOUNDATION INC,C,60,Jupiter,Palm Beach,ntee-grantmaker:T20;files-990PF;private-foundation:04;name:foundation,https://www.nonprofitlocator.org/ORGANIZATIONS/FL,2025,https://gt990datalake-rawdata.s3.amazonaws.com/EfileData/XmlFiles/202640839349100519_public.xml
271950767,I COULD DO GREAT THINGS FOUNDATION,C,60,Boca Raton,Palm Beach,ntee-grantmaker:T20;files-990PF;private-foundation:04;name:foundation,https://icoulddogreatthings.org,2024,https://gt990datalake-rawdata.s3.amazonaws.com/EfileData/XmlFiles/202523189349102482_public.xml
205744155,CHARLES AND JOAN HERMANOWSKI FAMILY FOUNDATION INC,C,60,Boca Raton,Palm Beach,ntee-grantmaker:T22;files-990PF;private-foundation:04;name:foundation,https://www.hermanowskifoundation.org,2024,https://gt990datalake-rawdata.s3.amazonaws.com/EfileData/XmlFiles/202630649349100708_public.xml
824411649,ELEVATE PRIZE FOUNDATION INC,C,60,Miami,Miami-Dade,ntee-grantmaker:T23;files-990PF;private-foundation:03;name:foundation,https://www.elevateprize.org,2024,https://gt990datalake-rawdata.s3.amazonaws.com/EfileData/XmlFiles/202513219349108121_public.xml
383482329,HAGEN FAMILY FOUNDATION,C,60,Boca Raton,Palm Beach,ntee-grantmaker:T20;files-990PF;private-foundation:04;name:foundation,https://www.hagenfamilyfoundation.org,2023,https://gt990datalake-rawdata.s3.amazonaws.com/EfileData/XmlFiles/202433109349101188_public.xml
261583201,WYNNE CHARITABLE FOUNDATION,C,60,Miami,Miami-Dade,ntee-grantmaker:T20;files-990PF;private-foundation:04;name:foundation,https://wynnefoundation.org,2023,https://gt990datalake-rawdata.s3.amazonaws.com/EfileData/XmlFiles/202423489349100807_public.xml
342045752,ATLANTIS BLUE PROJECT FOUNDATION INC,C,60,Plantation,Broward,ntee-grantmaker:T20;files-990PF;private-foundation:04;name:foundation,https://blueprojectatlantis.com,2024,https://gt990datalake-rawdata.s3.amazonaws.com/EfileData/XmlFiles/202532769349100208_public.xml
201379562,THE JOSEPH AND WINIFRED AMATURO EDUCATION FOUNDATION INC,C,53,Ft Lauderdale,Broward,files-990PF;private-foundation:03;name:foundation;ntee-education:B920;name:education,https://www.guidestar.org,2024,https://gt990datalake-rawdata.s3.amazonaws.com/EfileData/XmlFiles/202503219349101130_public.xml
206861899,IRIS AND JUNMING LE FOUNDATIONTRUST DATED 3-10-06,C,50,Boca Raton,Palm Beach,ntee-grantmaker:T22;files-990PF;private-foundation:04,https://thelefoundation.org,2024,https://gt990datalake-rawdata.s3.amazonaws.com/EfileData/XmlFiles/202501299349100245_public.xml
871577067,PELS TZEDEK TIRDOF INC,C,50,Miami Beach,Miami-Dade,ntee-grantmaker:T20;files-990PF;private-foundation:04,https://www.pelsfoundation.org,2024,https://gt990datalake-rawdata.s3.amazonaws.com/EfileData/XmlFiles/202513009349100851_public.xml
201379921,CHILDRENS WELLNESS FUND INC,C,50,Coral Gables,Miami-Dade,ntee-grantmaker:T23;files-990PF;private-foundation:03,https://www.childrenswellnessfund.org,2024,https://gt990datalake-rawdata.s3.amazonaws.com/EfileData/XmlFiles/202543179349102319_public.xml
650804512,CV AMERICAS INC,C,50,Miami Lakes,Miami-Dade,ntee-grantmaker:T22;files-990PF;private-foundation:03,https://www.cvclavoz.com,2024,https://gt990datalake-rawdata.s3.amazonaws.com/EfileData/XmlFiles/202532169349100813_public.xml
472214511,THYRAS SANCTUARY INC,C,50,Ft Lauderdale,Broward,ntee-grantmaker:T23;files-990PF;private-foundation:03,https://www.thyrassanctuary.org,2024,https://gt990datalake-rawdata.s3.amazonaws.com/EfileData/XmlFiles/202513169349100816_public.xml
274287676,PSALMS OF LIFE INC,C,50,Miami Lakes,Miami-Dade,ntee-grantmaker:T20;files-990PF;private-foundation:04,https://www.psalmsoflife.org,2024,https://gt990datalake-rawdata.s3.amazonaws.com/EfileData/XmlFiles/202513019349101151_public.xml
862622349,D-C FAMILY FOUNDATION INC,C,48,Miami,Miami-Dade,files-990PF;private-foundation:04;name:foundation;ntee-education:B12,https://dcfamilyfoudnation.com,2023,https://gt990datalake-rawdata.s3.amazonaws.com/EfileData/XmlFiles/202403319349100520_public.xml
382923581,PULTE FAMILY CHARITABLE FOUNDATION INC,C,40,Boca Raton,Palm Beach,files-990PF;private-foundation:04;name:foundation,https://www.pultefamilyfoundation.org,2024,https://gt990datalake-rawdata.s3.amazonaws.com/EfileData/XmlFiles/202543219349101659_public.xml
650188171,THE BATCHELOR FOUNDATION INC,C,40,Miami Beach,Miami-Dade,files-990PF;private-foundation:04;name:foundation,https://tbfinc.org,2024,https://gt990datalake-rawdata.s3.amazonaws.com/EfileData/XmlFiles/202620729349100427_public.xml
592469696,THE MARY ALICE FORTIN FOUNDATION,C,40,Palm Beach,Palm Beach,files-990PF;private-foundation:04;name:foundation,https://mafortinfoundation.org,2024,https://gt990datalake-rawdata.s3.amazonaws.com/EfileData/XmlFiles/202533219349107773_public.xml
650350930,KISLAK FAMILY FOUNDATION INC,C,40,Miami Lakes,Miami-Dade,files-990PF;private-foundation:04;name:foundation,https://kislakfamilyfoundation.org,2024,https://gt990datalake-rawdata.s3.amazonaws.com/EfileData/XmlFiles/202503099349100905_public.xml
135637595,WHITEHALL FOUNDATION INC,C,40,Palm Beach,Palm Beach,files-990PF;private-foundation:04;name:foundation,https://www.whitehall.org,2023,https://gt990datalake-rawdata.s3.amazonaws.com/EfileData/XmlFiles/202521079349100412_public.xml
366018526,BARKER WELFARE FOUNDATION,C,40,Palm Beach Gardens,Palm Beach,files-990PF;private-foundation:04;name:foundation,https://www.barkerwelfare.org,2024,https://gt990datalake-rawdata.s3.amazonaws.com/EfileData/XmlFiles/202640729349100719_public.xml
251427015,SCAIFE FAMILY FOUNDATION,C,40,West Palm Beach,Palm Beach,files-990PF;private-foundation:04;name:foundation,https://www.scaifefamily.org,2024,https://gt990datalake-rawdata.s3.amazonaws.com/EfileData/XmlFiles/202523219349104432_public.xml
650742318,LAURA & ISAAC PERLMUTTER FOUNDATION INC,C,40,Lake Worth,Palm Beach,files-990PF;private-foundation:04;name:foundation,https://theperlmutterfoundation.org,2024,https://gt990datalake-rawdata.s3.amazonaws.com/EfileData/XmlFiles/202521639349100012_public.xml
656103072,THE STILES-NICHOLSON FOUNDATION,C,40,Jupiter,Palm Beach,files-990PF;private-foundation:04;name:foundation,https://www.stiles-nicholson.org,2024,https://gt990datalake-rawdata.s3.amazonaws.com/EfileData/XmlFiles/202503159349102515_public.xml
590999759,PEACOCK FOUNDATION INC,C,40,Coral Gables,Miami-Dade,files-990PF;private-foundation:04;name:foundation,https://www.peacockfoundationinc.org,2024,https://gt990datalake-rawdata.s3.amazonaws.com/EfileData/XmlFiles/202600429349100715_public.xml
237047045,A D HENDERSON FOUNDATION INC,C,40,Ft Lauderdale,Broward,files-990PF;private-foundation:04;name:foundation,https://www.hendersonfdn.org,2024,https://gt990datalake-rawdata.s3.amazonaws.com/EfileData/XmlFiles/202610459349100001_public.xml
881181893,MARION AND RICHARD GRAHAM FOUNDATION,C,40,Ft Lauderdale,Broward,files-990PF;private-foundation:04;name:foundation,https://www.the-graham-foundation.org,2024,https://gt990datalake-rawdata.s3.amazonaws.com/EfileData/XmlFiles/202501359349101510_public.xml
591055300,DUNSPAUGH-DALTON FOUNDATION INC,C,40,Coral Gables,Miami-Dade,files-990PF;private-foundation:04;name:foundation,https://dunspaughdalton.org,2024,https://gt990datalake-rawdata.s3.amazonaws.com/EfileData/XmlFiles/202533219349101348_public.xml
650632809,CONTEMPORARY ARTS FOUNDATION INC,C,40,Miami Beach,Miami-Dade,files-990PF;private-foundation:03;name:foundation,https://www.rfc.museum,2024,https://gt990datalake-rawdata.s3.amazonaws.com/EfileData/XmlFiles/202523179349101747_public.xml
592130476,MARTIN Z MARGULIES FOUNDATION INC,C,40,Key Biscayne,Miami-Dade,files-990PF;private-foundation:03;name:foundation,https://www.margulieswarehouse.com,2023,https://gt990datalake-rawdata.s3.amazonaws.com/EfileData/XmlFiles/202520699349100622_public.xml
591837290,ANTHONY R ABRAHAM FOUNDATION INC,C,40,Coral Gables,Miami-Dade,files-990PF;private-foundation:04;name:foundation,https://abrahamfoundation.com,2024,https://gt990datalake-rawdata.s3.amazonaws.com/EfileData/XmlFiles/202533219349107753_public.xml
920185953,BLANK FAMILY FOUNDATION INC,C,40,Miami Gardens,Miami-Dade,files-990PF;private-foundation:04;name:foundation,https://blankfamily.org,2024,https://gt990datalake-rawdata.s3.amazonaws.com/EfileData/XmlFiles/202543249349100719_public.xml
590818918,DR JOHN T MACDONALD FOUNDATION INC,C,40,Coral Gables,Miami-Dade,files-990PF;private-foundation:04;name:foundation,https://www.jtmacdonaldfdn.org,2024,https://gt990datalake-rawdata.s3.amazonaws.com/EfileData/XmlFiles/202512199349101306_public.xml
136227347,IRIS & B GERALD CANTOR FOUNDATION,C,40,Palm Beach,Palm Beach,files-990PF;private-foundation:03;name:foundation,https://www.cantorfoundation.org,2024,https://gt990datalake-rawdata.s3.amazonaws.com/EfileData/XmlFiles/202523179349100047_public.xml
352159943,THE CARRIE MEEK FOUNDATION INC,C,40,Opa Locka,Miami-Dade,files-990PF;private-foundation:04;name:foundation,https://www.carriemeekfoundation.org,2024,https://gt990datalake-rawdata.s3.amazonaws.com/EfileData/XmlFiles/202620589349100722_public.xml
832810565,GREEN FAMILY FOUNDATION TRUST,C,40,Coral Gables,Miami-Dade,files-990PF;private-foundation:04;name:foundation,https://www.greenff.com,2024,https://gt990datalake-rawdata.s3.amazonaws.com/EfileData/XmlFiles/202523109349101107_public.xml
592718130,AMATURO FAMILY FOUNDATION INC,C,40,Ft Lauderdale,Broward,files-990PF;private-foundation:04;name:foundation,https://www.guidestar.org,2024,https://gt990datalake-rawdata.s3.amazonaws.com/EfileData/XmlFiles/202503219349100835_public.xml
133591637,ROBERT CRAFT IGOR STRAVINSKY FOUNDATION,C,40,West Palm Beach,Palm Beach,files-990PF;private-foundation:04;name:foundation,https://www.rcisfoundation.org,2024,https://gt990datalake-rawdata.s3.amazonaws.com/EfileData/XmlFiles/202531509349100118_public.xml
366047947,IRVIN STERN FOUNDATION,C,40,Boca Raton,Palm Beach,files-990PF;private-foundation:04;name:foundation,https://www.irvinsternfoundation.org,2024,https://gt990datalake-rawdata.s3.amazonaws.com/EfileData/XmlFiles/202620589349100607_public.xml
650011831,KANTNER FOUNDATION INC,C,40,Jupiter,Palm Beach,files-990PF;private-foundation:04;name:foundation,https://www.kantnerfoundation.org,2024,https://gt990datalake-rawdata.s3.amazonaws.com/EfileData/XmlFiles/202511339349102976_public.xml
341211118,EDWARD H RICHARD FOUNDATION,C,40,Boynton Beach,Palm Beach,files-990PF;private-foundation:04;name:foundation,https://www.guidestar.org,2019,https://gt990datalake-rawdata.s3.amazonaws.com/EfileData/XmlFiles/202122579349100962_public.xml
650499150,BBX CAPITAL FOUNDATION INC,C,40,Ft Lauderdale,Broward,files-990PF;private-foundation:04;name:foundation,https://bbxcapital.com/ABOUT-US/BBX-CAPITAL-FOUNDATIO,2024,https://gt990datalake-rawdata.s3.amazonaws.com/EfileData/XmlFiles/202521819349100527_public.xml
650212651,AMERICA 3 FOUNDATION,C,40,West Palm Beach,Palm Beach,files-990PF;private-foundation:04;name:foundation,https://www.a3.org,2024,https://gt990datalake-rawdata.s3.amazonaws.com/EfileData/XmlFiles/202531349349101463_public.xml
586205065,THE CAMPBELL FOUNDATION,C,40,Ft Lauderdale,Broward,files-990PF;private-foundation:04;name:foundation,https://campbellfoundation.net,2024,https://gt990datalake-rawdata.s3.amazonaws.com/EfileData/XmlFiles/202543219349103624_public.xml
832013108,FIGGERS FOUNDATION,C,40,Plantation,Broward,files-990PF;private-foundation:04;name:foundation,https://figgersfoundation.org,2024,https://gt990datalake-rawdata.s3.amazonaws.com/EfileData/XmlFiles/202501559349100810_public.xml
826769843,SIMEON AND JEAN H LOCKE CHARITABLE FOUNDATION,C,40,Boynton Beach,Palm Beach,files-990PF;private-foundation:04;name:foundation,https://www.sjlockefoundation.org,2024,https://gt990datalake-rawdata.s3.amazonaws.com/EfileData/XmlFiles/202503149349102860_public.xml
814759389,MUSTAKIS CHARITABLE NETWORK FOUNDATION INC,C,40,Miami,Miami-Dade,files-990PF;private-foundation:04;name:foundation,https://www.fundacionmustakis.com,2025,https://gt990datalake-rawdata.s3.amazonaws.com/EfileData/XmlFiles/202631059349100523_public.xml
133639555,TARGUM SHLISHI INC ARYEH & RAQUEL RUBIN FOUNDATION,C,40,Aventura,Miami-Dade,files-990PF;private-foundation:04;name:foundation,https://targumshlishi.org,2024,https://gt990datalake-rawdata.s3.amazonaws.com/EfileData/XmlFiles/202533289349100113_public.xml
472627543,ARQUITECTONICA FOUNDATION INC,C,40,Miami,Miami-Dade,files-990PF;private-foundation:04;name:foundation,https://arquitectonica.com,2024,https://gt990datalake-rawdata.s3.amazonaws.com/EfileData/XmlFiles/202533219349102848_public.xml
814818437,THE TONKINSON FOUNDATION INC,C,40,Miami,Miami-Dade,files-990PF;private-foundation:04;name:foundation,https://www.tonkinsonfoundation.org,2024,https://gt990datalake-rawdata.s3.amazonaws.com/EfileData/XmlFiles/202521339349103482_public.xml
831888892,FOP JIM FOGLEMAN LODGE 50 FOUNDATION INCORPORATED,C,40,Palm Springs,Palm Beach,files-990PF;private-foundation:04;name:foundation,https://five0foundation.unionactive.com,2024,https://gt990datalake-rawdata.s3.amazonaws.com/EfileData/XmlFiles/202521359349102152_public.xml
237112655,FLOYD L WRAY MEMORIAL FOUNDATION,C,40,Davie,Broward,files-990PF;private-foundation:04;name:foundation,https://www.flamingogardens.org,2024,https://gt990datalake-rawdata.s3.amazonaws.com/EfileData/XmlFiles/202521629349100402_public.xml
651008996,SANFORD F AND GABRIELLE T KUVIN FOUNDATION,C,40,Boca Raton,Palm Beach,files-990PF;private-foundation:04;name:foundation,https://www.kuvinfoundation.org,2024,https://gt990datalake-rawdata.s3.amazonaws.com/EfileData/XmlFiles/202543169349103804_public.xml
596131560,HAMILTON M & BLANCHE C FORMAN CHRISTIAN FOUNDATION,C,40,Davie,Broward,files-990PF;private-foundation:04;name:foundation,https://www.guidestar.org,2022,https://gt990datalake-rawdata.s3.amazonaws.com/EfileData/XmlFiles/202530379349100508_public.xml
592381901,THE CHINGOS FOUNDATION,C,40,Boynton Beach,Palm Beach,files-990PF;private-foundation:04;name:foundation,https://chingosfoundation.org,2022,https://gt990datalake-rawdata.s3.amazonaws.com/EfileData/XmlFiles/202432769349100803_public.xml
832775284,TISI FAMILY FOUNDATION,C,40,Boca Raton,Palm Beach,files-990PF;private-foundation:04;name:foundation,https://nonprofitlocator.org/ORGANIZATIONS/FL,2023,https://gt990datalake-rawdata.s3.amazonaws.com/EfileData/XmlFiles/202402619349100205_public.xml
830583982,STRIVE FOUNDATION INC,C,40,Miami,Miami-Dade,files-990PF;private-foundation:04;name:foundation,https://www.stampsscholars.org,2025,https://gt990datalake-rawdata.s3.amazonaws.com/EfileData/XmlFiles/202621009349101032_public.xml
133555717,BENNIE & MARTHA BENJAMIN FOUNDATION INC,C,40,Delray Beach,Palm Beach,files-990PF;private-foundation:04;name:foundation,https://benniebenjaminfoundation.org,2023,https://gt990datalake-rawdata.s3.amazonaws.com/EfileData/XmlFiles/202530609349100003_public.xml
383927614,SKATE FREE INC,C,38,Plantation,Broward,files-990PF;private-foundation:04;ntee-education:B83,https://www.skatefree.org,2024,https://gt990datalake-rawdata.s3.amazonaws.com/EfileData/XmlFiles/202531189349101118_public.xml
237181959,BROWARD COLLEGE FOUNDATION INC,C,35,Fort Lauderdale,Broward,ntee-grantmaker:T31;name:foundation;name:education,https://www.browardcollegefoundation.org,2023,https://gt990datalake-rawdata.s3.amazonaws.com/EfileData/XmlFiles/202511139349300016_public.xml
650132406,JUPITER MEDICAL CENTER FOUNDATION INC,C,30,Jupiter,Palm Beach,ntee-grantmaker:T30;name:foundation,https://www.jmcfoundation.org,2022,https://gt990datalake-rawdata.s3.amazonaws.com/EfileData/XmlFiles/202402289349303690_public.xml
980120097,FUNDACION CARVAJAL,C,30,Miami,Miami-Dade,files-990PF;private-foundation:04,https://www.fundacioncarvajal.org.co,2024,https://gt990datalake-rawdata.s3.amazonaws.com/EfileData/XmlFiles/202513099349100126_public.xml
571154352,NICKLAUS CHILDRENS HEALTH CARE FOUNDATION INC,C,30,Juno Beach,Palm Beach,ntee-grantmaker:T21;name:foundation,https://www.nchcf.org,2023,https://gt990datalake-rawdata.s3.amazonaws.com/EfileData/XmlFiles/202520309349300022_public.xml
651057724,FLIGHT ATTENDANT MEDICAL RESEARCH INSTITUTE INC,C,30,Coral Gables,Miami-Dade,files-990PF;private-foundation:04,https://www.famri.org,2024,https://gt990datalake-rawdata.s3.amazonaws.com/EfileData/XmlFiles/202600299349100025_public.xml
136153649,MONTGOMERY BOTANICAL CENTER INC,C,30,Miami,Miami-Dade,files-990PF;private-foundation:03,https://www.montgomerybotanical.org,2024,https://gt990datalake-rawdata.s3.amazonaws.com/EfileData/XmlFiles/202503149349102675_public.xml
651023099,COMMUNITY CHILD CARE CENTER OF DELRAY BEACH FOUNDATION INC,C,30,Delray Beach,Palm Beach,ntee-grantmaker:T30;name:foundation,https://www.achievementcentersfl.org,2023,https://gt990datalake-rawdata.s3.amazonaws.com/EfileData/XmlFiles/202423479349300347_public.xml
311513075,HE HILL FOUNADATION IN C,C,30,Belle Glade,Palm Beach,files-990PF;private-foundation:04,https://hehill.org,2024,https://gt990datalake-rawdata.s3.amazonaws.com/EfileData/XmlFiles/202523189349103992_public.xml
461192986,WIENER MUSEUM OF DECORATIVE ARTS INC,C,30,Hollywood,Broward,files-990PF;private-foundation:03,https://www.wmoda.com,2024,https://gt990datalake-rawdata.s3.amazonaws.com/EfileData/XmlFiles/202513189349102121_public.xml
521150860,SENIOR CITIZENS HOUSING DEVELOPMENT CORPORATION OF FONTANA,C,30,Plantation,Broward,files-990PF;private-foundation:04,https://www.ehdoc.org,2023,https://gt990datalake-rawdata.s3.amazonaws.com/EfileData/XmlFiles/202511139349100211_public.xml
592120945,BOUGAINVILLA HOUSE INC,C,30,Ft Lauderdale,Broward,files-990PF;private-foundation:04,https://tbhcares.org,2023,https://gt990datalake-rawdata.s3.amazonaws.com/EfileData/XmlFiles/202521329349102912_public.xml
844094999,EL ESPACIO 23 INC,C,30,Miami,Miami-Dade,files-990PF;private-foundation:04,https://www.elespacio23.com,2024,https://gt990datalake-rawdata.s3.amazonaws.com/EfileData/XmlFiles/202512279349100621_public.xml
203169719,TURKISH FRIENDS OF CHABAD INC,C,30,Miami Beach,Miami-Dade,files-990PF;private-foundation:04,https://www.guidestar.org,2024,https://gt990datalake-rawdata.s3.amazonaws.com/EfileData/XmlFiles/202503289349100560_public.xml
651068311,WEST PALM BEACH LIBRARY FOUNDATION INC,C,30,West Palm Beach,Palm Beach,ntee-grantmaker:T12;name:foundation,https://www.wpblf.org,2023,https://gt990datalake-rawdata.s3.amazonaws.com/EfileData/XmlFiles/202500839349300325_public.xml
330351175,GAMMA MU FOUNDATION INC,C,30,Ft Lauderdale,Broward,ntee-grantmaker:T22Z;name:foundation,https://www.gammamufoundation.org,2023,https://gt990datalake-rawdata.s3.amazonaws.com/EfileData/XmlFiles/202500169349300725_public.xml
650844378,MAPET INTERNATIONAL FOUNDATION INC,C,30,Miami Lakes,Miami-Dade,ntee-grantmaker:T99;name:foundation,https://www.mapetfoundation.org,2024,https://gt990datalake-rawdata.s3.amazonaws.com/EfileData/XmlFiles/202500919349300720_public.xml
650565251,JOSEPH R NAROT ENDOWMENT FUND INC,C,30,Miami,Miami-Dade,ntee-grantmaker:T30Z;name:foundation,https://www.templeisrael.net,2023,https://gt990datalake-rawdata.s3.amazonaws.com/EfileData/XmlFiles/202510629349300446_public.xml
453608155,DAUER MUSEUM OF CLASSIC CARS INC,C,30,Sunrise,Broward,files-990PF;private-foundation:03,https://www.dauerclassiccars.com,2023,https://gt990datalake-rawdata.s3.amazonaws.com/EfileData/XmlFiles/202412129349100711_public.xml
455636633,ANTHONY RIZZO FAMILY FOUNDATION,C,30,Parkland,Broward,ntee-grantmaker:T30;name:foundation,https://www.rizzo44.com,2023,https://gt990datalake-rawdata.s3.amazonaws.com/EfileData/XmlFiles/202443189349305674_public.xml
453062684,PEACEFUL MIND PEACEFUL LIFE INC,C,30,Delray Beach,Palm Beach,files-990PF;private-foundation:03,https://www.peacefulmindpeacefulllife.org,2024,https://gt990datalake-rawdata.s3.amazonaws.com/EfileData/XmlFiles/202541839349100624_public.xml
810867152,ARRIVING HOME INC,C,30,Fort Lauderdale,Broward,files-990PF;private-foundation:03,https://stjohncc.org,2020,https://gt990datalake-rawdata.s3.amazonaws.com/EfileData/XmlFiles/202112589349100526_public.xml
844322279,STAND STRONG INTERNATIONAL INC,C,30,Aventura,Miami-Dade,files-990PF;private-foundation:04,https://standstrong.org,2024,https://gt990datalake-rawdata.s3.amazonaws.com/EfileData/XmlFiles/202531359349101723_public.xml
271832986,THE BATTIER TAKE CHARGE FOUNDATION INC,C,30,Miami,Miami-Dade,ntee-grantmaker:T30;name:foundation,https://battiertakecharge.org,2023,https://gt990datalake-rawdata.s3.amazonaws.com/EfileData/XmlFiles/202441699349301644_public.xml
471540447,NICKS KIDS FOUNDATION INC,C,30,Jupiter,Palm Beach,ntee-grantmaker:T30;name:foundation,https://www.nickskidsfoundation.org,2023,https://gt990datalake-rawdata.s3.amazonaws.com/EfileData/XmlFiles/202432609349301123_public.xml
272966443,CENTER FOR SOCIAL CHANGE INC,C,30,Miami,Miami-Dade,files-990PF;private-foundation:04,https://www.4socialchange.org,2020,https://gt990datalake-rawdata.s3.amazonaws.com/EfileData/XmlFiles/202123199349102352_public.xml
823570045,COMMUNITY POLICE RELATIONS FOUNDATION,C,30,Miami Beach,Miami-Dade,ntee-grantmaker:T12;name:foundation,https://www.communitypolicerelationsfoundation,2023,https://gt990datalake-rawdata.s3.amazonaws.com/EfileData/XmlFiles/202520349349300012_public.xml
237215223,GRATITUDE HOUSE INC,C,30,Palm Beach,Palm Beach,files-990PF;private-foundation:04,https://www.gratitudehouse.org,2023,https://gt990datalake-rawdata.s3.amazonaws.com/EfileData/XmlFiles/202501359349104615_public.xml
650898338,SHERIFFS FOUNDATION OF BROWARD COUNTY INC,C,30,Plantation,Broward,ntee-grantmaker:T30;name:foundation,https://sheriffsfoundationofbroward.org,2023,https://gt990datalake-rawdata.s3.amazonaws.com/EfileData/XmlFiles/202531049349302043_public.xml
263839455,SANDALS FOUNDATION INC,C,30,Miami,Miami-Dade,ntee-grantmaker:T12;name:foundation,https://www.sandalsfoundation.org,2024,https://gt990datalake-rawdata.s3.amazonaws.com/EfileData/XmlFiles/202541059349302534_public.xml
300176325,FLORIDA PANTHERS FOUNDATION INC,C,30,Sunrise,Broward,ntee-grantmaker:T30;name:foundation,https://www.nhl.com/COMMUNITY/PANTHERS/FOUNDATION,2022,https://gt990datalake-rawdata.s3.amazonaws.com/EfileData/XmlFiles/202421369349314767_public.xml
593786373,ADMIRALS COVE FOUNDATION INC,C,30,Jupiter,Palm Beach,ntee-grantmaker:T30;name:foundation,https://www.admiralscovefoundation.org,2023,https://gt990datalake-rawdata.s3.amazonaws.com/EfileData/XmlFiles/202422359349301812_public.xml
650387636,LEADERSHIP BROWARD FOUNDATION INC,C,30,Ft Lauderdale,Broward,ntee-grantmaker:T20;name:foundation,https://www.leadershipbroward.org,2022,https://gt990datalake-rawdata.s3.amazonaws.com/EfileData/XmlFiles/202431239349300043_public.xml
020509479,HEARTSPRINGS INTERNATIONAL MINISTRIES INC,C,30,Fort Lauderdale,Broward,files-990PF;private-foundation:04,https://www.heartspringsinternational.org,2010,https://gt990datalake-rawdata.s3.amazonaws.com/EfileData/XmlFiles/201123139349200547_public.xml
263039409,MATER ACADEMY FOUNDATION INC,C,23,Miami,Miami-Dade,name:foundation;ntee-education:B11;name:education,https://guidestar.org,2022,https://gt990datalake-rawdata.s3.amazonaws.com/EfileData/XmlFiles/202410209349300701_public.xml
596169745,MIAMI DADE COLLEGE FOUNDATION INC,C,23,Miami,Miami-Dade,name:foundation;ntee-education:B110;name:education,https://mdcfoundation.com,2023,https://gt990datalake-rawdata.s3.amazonaws.com/EfileData/XmlFiles/202433389349300703_public.xml
811739253,AVANT GARDE ACADEMY FOUNDATION INC,C,23,Hollywood,Broward,name:foundation;ntee-education:B11;name:education,https://www.agabroward.org,2023,https://gt990datalake-rawdata.s3.amazonaws.com/EfileData/XmlFiles/202510869349300641_public.xml
651125969,LEARNING EXCELLENCE FOUNDATION OF WEST BROWARD COUNTY INC,C,23,Weston,Broward,name:foundation;ntee-education:B240;name:education,https://imagineweston.org,2023,https://gt990datalake-rawdata.s3.amazonaws.com/EfileData/XmlFiles/202413209349303411_public.xml
651125973,LEARNING EXCELLENCE FOUNDATION OF SOUTH PALM BEACH INC,C,23,Lake Worth,Palm Beach,name:foundation;ntee-education:B29;name:education,https://www.imagine-chancellor.com,2022,https://gt990datalake-rawdata.s3.amazonaws.com/EfileData/XmlFiles/202421349349308352_public.xml
452690728,MIAMI-DADE FOUNDATION FOR EDUCATIONAL INNOVATION,C,23,Miami Springs,Miami-Dade,name:foundation;ntee-education:B29;name:education,https://www.aiecharterschool.org,2023,https://gt990datalake-rawdata.s3.amazonaws.com/EfileData/XmlFiles/202520629349300322_public.xml
201776950,ALTERNATIVE EDUCATION FOUNDATION INC,C,23,Davie,Broward,name:foundation;ntee-education:B12;name:education,https://alternativeeducationfoundation.org,2021,https://gt990datalake-rawdata.s3.amazonaws.com/EfileData/XmlFiles/202331219349301318_public.xml
833623394,SEMINOLE COCONUT CREEK EDUCATION FOUNDATION INC,C,23,West Palm Beach,Palm Beach,name:foundation;ntee-education:B90;name:education,https://semcocoedfund.org,2024,https://gt990datalake-rawdata.s3.amazonaws.com/EfileData/XmlFiles/202511219349302636_public.xml
590674260,MIAMI HEART RESEARCH INSTITUTE INC,C,20,Miami,Miami-Dade,ntee-grantmaker:T30,https://www.floridaheart.org,2023,https://gt990datalake-rawdata.s3.amazonaws.com/EfileData/XmlFiles/202422149349300802_public.xml
921123945,CLOSEHAUL CAPITAL CHARITABLE,C,20,Miami,Miami-Dade,ntee-grantmaker:T30,https://www.closehaulcharitable.org,2022,https://gt990datalake-rawdata.s3.amazonaws.com/EfileData/XmlFiles/202411389349300301_public.xml
274734125,OUR FUND INC,C,20,Wilton Manors,Broward,ntee-grantmaker:T20,https://theourfund.org,2023,https://gt990datalake-rawdata.s3.amazonaws.com/EfileData/XmlFiles/202402989349300630_public.xml
272978110,GENE SPOTLIGHT INC,C,20,Miami Beach,Miami-Dade,ntee-grantmaker:T30,https://www.genespotlight.org,2023,https://gt990datalake-rawdata.s3.amazonaws.com/EfileData/XmlFiles/202401319349303985_public.xml
824558049,IMPACT 100 PALM BEACH COUNTY INC,C,20,Boca Raton,Palm Beach,ntee-grantmaker:T31,https://www.impact100pbc.org,2023,https://gt990datalake-rawdata.s3.amazonaws.com/EfileData/XmlFiles/202540589349301224_public.xml
813693206,SWEET DREAM MAKERS INC,C,20,Boca Raton,Palm Beach,ntee-grantmaker:T30,https://www.sweetdreammakers.org,2023,https://gt990datalake-rawdata.s3.amazonaws.com/EfileData/XmlFiles/202401089349301125_public.xml
813958709,MCDAVID GROUP CHARITIES INC,C,20,Jupiter,Palm Beach,ntee-grantmaker:T12,https://themcdavidgroupcharities.com,2023,https://gt990datalake-rawdata.s3.amazonaws.com/EfileData/XmlFiles/202443139349303544_public.xml
814497836,CALEB AND CALDER SLOANS AWESOME FOUNDATION INC,D,60,North Miami,Miami-Dade,ntee-grantmaker:T30;files-990PF;private-foundation:04;name:foundation,https://www.ccawesomefoundation.org,2024,https://gt990datalake-rawdata.s3.amazonaws.com/EfileData/XmlFiles/202503219349102265_public.xml
650939395,SAN MIGUEL FOUNDATION INC,D,60,Key Biscayne,Miami-Dade,ntee-grantmaker:T20;files-990PF;private-foundation:04;name:foundation,https://www.tsmf.org,2025,https://gt990datalake-rawdata.s3.amazonaws.com/EfileData/XmlFiles/202600579349100700_public.xml
822964870,DR GHOULEM BERRAH FOUNDATION,D,60,Aventura,Miami-Dade,ntee-grantmaker:T21;files-990PF;private-foundation:04;name:foundation,https://berrahfoundation.org,2024,https://gt990datalake-rawdata.s3.amazonaws.com/EfileData/XmlFiles/202512319349100721_public.xml
208132975,SPINNAKER FOUNDATION INC,D,60,Jupiter,Palm Beach,ntee-grantmaker:T22;files-990PF;private-foundation:04;name:foundation,https://www.spinnakerfoundation.com,2025,https://gt990datalake-rawdata.s3.amazonaws.com/EfileData/XmlFiles/202610899349100406_public.xml
824556510,SPIRIT AIRLINES CHARITABLE FOUNDATION,D,60,Dania Beach,Broward,ntee-grantmaker:T20;files-990PF;private-foundation:04;name:foundation,https://www.foundation.spirit.com,2024,https://gt990datalake-rawdata.s3.amazonaws.com/EfileData/XmlFiles/202543179349100029_public.xml
921413154,ZUVICH FAMILY FOUNDATION,D,60,Miami,Miami-Dade,ntee-grantmaker:T20;files-990PF;private-foundation:04;name:foundation,https://www.thezuvichfamilyfoundation.org,2025,https://gt990datalake-rawdata.s3.amazonaws.com/EfileData/XmlFiles/202610979349100501_public.xml
813577428,GROVES FAMILY FOUNDATION INC,D,60,Coral Gables,Miami-Dade,ntee-grantmaker:T22;files-990PF;private-foundation:04;name:foundation,https://grovesfamilyfoundation.org,2024,https://gt990datalake-rawdata.s3.amazonaws.com/EfileData/XmlFiles/202531409349100628_public.xml
582359585,THOMAS EDWIN GREENBAUM CHARITABLE FOUNDATION INC,D,60,Ft Lauderdale,Broward,ntee-grantmaker:T30;files-990PF;private-foundation:04;name:foundation,https://www.tegfoundation.org,2024,https://gt990datalake-rawdata.s3.amazonaws.com/EfileData/XmlFiles/202503189349100940_public.xml
562403637,WARREN FAMILY FOUNDATION,D,60,Delray Beach,Palm Beach,ntee-grantmaker:T22;files-990PF;private-foundation:04;name:foundation,https://www.warrenfamilyfoundation.com,2018,https://gt990datalake-rawdata.s3.amazonaws.com/EfileData/XmlFiles/202001019349100605_public.xml
464802331,MOSS FAMILY FOUNDATION INC,D,60,Fort Lauderdale,Broward,ntee-grantmaker:T21;files-990PF;private-foundation:04;name:foundation,https://mosscm.com/ABOUT-MOSS/MOSS-FOUNDATIONS,2024,https://gt990datalake-rawdata.s3.amazonaws.com/EfileData/XmlFiles/202512339349100821_public.xml
461462262,ROBERT D KLAUSNER CHARITABLE FOUNDATION INC,D,60,Plantation,Broward,ntee-grantmaker:T20;files-990PF;private-foundation:04;name:foundation,https://rdkcharity.org,2024,https://gt990datalake-rawdata.s3.amazonaws.com/EfileData/XmlFiles/202523219349106507_public.xml
043434410,BENJAMIN H GORDON CHARITABLE FOUNDATION INC,D,60,Palm Beach,Palm Beach,ntee-grantmaker:T22;files-990PF;private-foundation:04;name:foundation,https://nonprofitlocator.org,2023,https://gt990datalake-rawdata.s3.amazonaws.com/EfileData/XmlFiles/202413449349101206_public.xml
611592257,DEMAIN FAMILY FOUNDATION INC,D,60,Miami,Miami-Dade,ntee-grantmaker:T22;files-990PF;private-foundation:04;name:foundation,https://demainfoundation.org,2015,https://gt990datalake-rawdata.s3.amazonaws.com/EfileData/XmlFiles/201633239349100208_public.xml
873742044,RIPPLE LINES FOUNDATION,D,60,Davie,Broward,ntee-grantmaker:T20;files-990PF;private-foundation:04;name:foundation,https://ripplelines.org,2024,https://gt990datalake-rawdata.s3.amazonaws.com/EfileData/XmlFiles/202522889349100322_public.xml
854057648,KIRK & ARSINEH KAZAZIAN FAMILY CHARITABLE TRUST,D,60,Ft Lauderdale,Broward,ntee-grantmaker:T20;files-990PF;private-foundation:04;name:foundation,https://guidestar.org,2021,https://gt990datalake-rawdata.s3.amazonaws.com/EfileData/XmlFiles/202201729349100905_public.xml
844210848,HARVEY MILK FOUNDATION FLORIDA,D,60,Wilton Manors,Broward,ntee-grantmaker:T21;files-990PF;private-foundation:04;name:foundation,https://www.milkfoundation.org,2025,https://gt990datalake-rawdata.s3.amazonaws.com/EfileData/XmlFiles/202600569349100510_public.xml
311547949,ARTHUR & ANNE SHEIR FOUNDATION INC,D,60,Miami,Miami-Dade,ntee-grantmaker:T22Z;files-990PF;private-foundation:04;name:foundation,https://guidestar.org,2020,https://gt990datalake-rawdata.s3.amazonaws.com/EfileData/XmlFiles/202103199349106400_public.xml
872977676,ORC FAMILY FOUNDATION INC,D,60,Hollywood,Broward,ntee-grantmaker:T20;files-990PF;private-foundation:04;name:foundation,https://www.orcfoundation.org,2025,https://gt990datalake-rawdata.s3.amazonaws.com/EfileData/XmlFiles/202630629349100428_public.xml
272544635,ANDREW KUKES FOUNDATION FOR SOCIAL ANXIETY INC,D,60,Delray Beach,Palm Beach,ntee-grantmaker:T23;files-990PF;private-foundation:03;name:foundation,https://www.akfsa.org,2024,https://gt990datalake-rawdata.s3.amazonaws.com/EfileData/XmlFiles/202533049349100903_public.xml
650708442,ROCKING HORSE FOUNDATION INC,D,60,Jupiter,Palm Beach,ntee-grantmaker:T20Z;files-990PF;private-foundation:04;name:foundation,https://www.rockinghorse-foundation.org,2024,https://gt990datalake-rawdata.s3.amazonaws.com/EfileData/XmlFiles/202511359349105366_public.xml
656470349,THE CAPLAN BENSLEY FOUNDATION,D,60,North Palm Beach,Palm Beach,ntee-grantmaker:T20;files-990PF;private-foundation:04;name:foundation,https://caplanbensleyfoundation.org,2024,https://gt990datalake-rawdata.s3.amazonaws.com/EfileData/XmlFiles/202520429349100612_public.xml
823462489,J FREEMAN FOUNDATION INC,D,60,Miami Beach,Miami-Dade,ntee-grantmaker:T20;files-990PF;private-foundation:04;name:foundation,https://www.jfreemanfoundation.com,2024,https://gt990datalake-rawdata.s3.amazonaws.com/EfileData/XmlFiles/202543149349102144_public.xml
710927327,JONATHAN PLUTZIK AND LESLEY GOLDWASSER FAMILY FOUNDATION INC,D,60,Miami Beach,Miami-Dade,ntee-grantmaker:T22;files-990PF;private-foundation:04;name:foundation,https://jplutzikpgfdn.com,2024,https://gt990datalake-rawdata.s3.amazonaws.com/EfileData/XmlFiles/202531959349100108_public.xml
326148616,JOYCE AND THOMAS MOOREHEAD FOUNDATION 12282010,D,60,Pinecrest,Miami-Dade,ntee-grantmaker:T22;files-990PF;private-foundation:04;name:foundation,https://www.themooreheadfoundation.org,2020,https://gt990datalake-rawdata.s3.amazonaws.com/EfileData/XmlFiles/202212909349100831_public.xml
651071641,PLATT SPORTS FOUNDATION INC,D,60,Boca Raton,Palm Beach,ntee-grantmaker:T22;files-990PF;private-foundation:04;name:foundation,https://www.sportsimmortals.com,2024,https://gt990datalake-rawdata.s3.amazonaws.com/EfileData/XmlFiles/202531439349100403_public.xml
462925647,FINKER - FRENKEL LEGACY FOUNDATION INC,D,60,Miami,Miami-Dade,ntee-grantmaker:T20;files-990PF;private-foundation:04;name:foundation,https://www.legacyf.com,2024,https://gt990datalake-rawdata.s3.amazonaws.com/EfileData/XmlFiles/202531779349101008_public.xml
814683829,MYERS FAMILY FOUNDATION,D,60,Palm Beach Gardens,Palm Beach,ntee-grantmaker:T22;files-990PF;private-foundation:04;name:foundation,https://www.themyersfamilyfoundation.com,2023,https://gt990datalake-rawdata.s3.amazonaws.com/EfileData/XmlFiles/202413129349100311_public.xml
853537730,IMPACT COMPETITION FOUNDATION,D,60,Miami Beach,Miami-Dade,ntee-grantmaker:T22;files-990PF;private-foundation:04;name:foundation,https://impactcompetition.org,2024,https://gt990datalake-rawdata.s3.amazonaws.com/EfileData/XmlFiles/202501679349100670_public.xml
880936587,LONGEVITY SCIENCE FOUNDATION INC,D,60,Miami,Miami-Dade,ntee-grantmaker:T23;files-990PF;private-foundation:03;name:foundation,https://longevity.foundation,2025,https://gt990datalake-rawdata.s3.amazonaws.com/EfileData/XmlFiles/202611039349101106_public.xml
650414696,SYMBIOSIS FOUNDATION INC,D,60,Coral Gables,Miami-Dade,ntee-grantmaker:T30Z;files-990PF;private-foundation:03;name:foundation,https://www.symbiosis-foundation.org,2010,https://gt990datalake-rawdata.s3.amazonaws.com/EfileData/XmlFiles/201101899349100000_public.xml
810895715,ROBERT AND CARI WALSH FAMILY FOUNDATION INC,D,60,Delray Beach,Palm Beach,ntee-grantmaker:T20;files-990PF;private-foundation:04;name:foundation,https://www.guidestar.org,2019,https://gt990datalake-rawdata.s3.amazonaws.com/EfileData/XmlFiles/202111059349102056_public.xml
934661522,DREW GROSS FOREVER FOUNDATION,D,60,Aventura,Miami-Dade,ntee-grantmaker:T22;files-990PF;private-foundation:04;name:foundation,https://www.drewgrossforeverfoundation.com,2024,https://gt990datalake-rawdata.s3.amazonaws.com/EfileData/XmlFiles/202512949349100121_public.xml
463335463,SHERRY LEE GOLDBERG CARES FOUNDATION INC,D,60,Delray Beach,Palm Beach,ntee-grantmaker:T12;files-990PF;private-foundation:04;name:foundation,https://www.sherrycares.org,2024,https://gt990datalake-rawdata.s3.amazonaws.com/EfileData/XmlFiles/202502869349100340_public.xml
311582513,SLATER FOUNDATION INC,D,60,Boynton Beach,Palm Beach,ntee-grantmaker:T20Z;files-990PF;private-foundation:04;name:foundation,https://www.theslaterfoundation.org,2022,https://gt990datalake-rawdata.s3.amazonaws.com/EfileData/XmlFiles/202332719349100003_public.xml
271529098,EMILY RACHEL LEVINE FAMILY FOUNDATION INC,D,60,Ft Lauderdale,Broward,ntee-grantmaker:T22;files-990PF;private-foundation:04;name:foundation,https://www.emyspromise.com,2024,https://gt990datalake-rawdata.s3.amazonaws.com/EfileData/XmlFiles/202503219349101225_public.xml
205716887,GIRLS CLUB FOUNDATION INC,D,60,Ft Lauderdale,Broward,ntee-grantmaker:T990;files-990PF;private-foundation:03;name:foundation,https://girlsclubcollection.org,2024,https://gt990datalake-rawdata.s3.amazonaws.com/EfileData/XmlFiles/202533169349102588_public.xml
923921872,ANSARI FOUNDATION INC,D,60,Boca Raton,Palm Beach,ntee-grantmaker:T22;files-990PF;private-foundation:04;name:foundation,https://www.ansarifoundation.com,2025,https://gt990datalake-rawdata.s3.amazonaws.com/EfileData/XmlFiles/202610719349100011_public.xml
262516641,JORDAN FAMILY SPORTS FOUNDATION,D,60,Palm Beach,Palm Beach,ntee-grantmaker:T20;files-990PF;private-foundation:04;name:foundation,https://jordanfamilyfoundation.com,2024,https://gt990datalake-rawdata.s3.amazonaws.com/EfileData/XmlFiles/202503169349103010_public.xml
656375433,FIRST BAPTIST CHURCH OF CUTLERT RIDGE FOUNDATION TR 080301,D,60,Cutler Bay,Miami-Dade,ntee-grantmaker:T20;files-990PF;private-foundation:04;name:foundation,https://www.fbccr.com,2024,https://gt990datalake-rawdata.s3.amazonaws.com/EfileData/XmlFiles/202532039349100813_public.xml
203920000,THE MARK EDWARD FREITAS FOUNDATION INC,D,60,Palm Beach,Palm Beach,ntee-grantmaker:T20;files-990PF;private-foundation:04;name:foundation,https://freitasfoundation.org,2024,https://gt990datalake-rawdata.s3.amazonaws.com/EfileData/XmlFiles/202543079349100409_public.xml
208286582,I BELIEVE FOUNDATION INC,D,60,Ft Lauderdale,Broward,ntee-grantmaker:T20;files-990PF;private-foundation:04;name:foundation,https://www.ibelievefoundationonline.org,2024,https://gt990datalake-rawdata.s3.amazonaws.com/EfileData/XmlFiles/202543149349102484_public.xml
873809874,BILL PULTE FOUNDATION INC,D,60,Boca Raton,Palm Beach,ntee-grantmaker:T20;files-990PF;private-foundation:04;name:foundation,https://billpultefoundation.org,2023,https://gt990datalake-rawdata.s3.amazonaws.com/EfileData/XmlFiles/202501549349100320_public.xml
933274879,DHANAM FOUNDATION,D,60,Boca Raton,Palm Beach,ntee-grantmaker:T22;files-990PF;private-foundation:04;name:foundation,https://dhanamfoundationinc.org,2024,https://gt990datalake-rawdata.s3.amazonaws.com/EfileData/XmlFiles/202503029349100035_public.xml
863365746,CYLAND FOUNDATION INC,D,60,Miami,Miami-Dade,ntee-grantmaker:T23;files-990PF;private-foundation:03;name:foundation,https://www.cyland.org,2024,https://gt990datalake-rawdata.s3.amazonaws.com/EfileData/XmlFiles/202522909349100107_public.xml
813190210,MASTROIANNI FAMILY FOUNDATION INC,D,60,Tequesta,Palm Beach,ntee-grantmaker:T20;files-990PF;private-foundation:04;name:foundation,https://mastroiannifoundation.org,2024,https://gt990datalake-rawdata.s3.amazonaws.com/EfileData/XmlFiles/202503179349102400_public.xml
823797440,HEARTS TOUCHING HEARTS FOUNDATION,D,60,Jupiter,Palm Beach,ntee-grantmaker:T30;files-990PF;private-foundation:04;name:foundation,https://www.heartstouchinghearts.org,2024,https://gt990datalake-rawdata.s3.amazonaws.com/EfileData/XmlFiles/202511989349101006_public.xml
200786906,DONALD R MULLEN FAMILY FOUNDATION INC,D,60,Miami Beach,Miami-Dade,ntee-grantmaker:T20;files-990PF;private-foundation:04;name:foundation,https://www.guidestar.com,2021,https://gt990datalake-rawdata.s3.amazonaws.com/EfileData/XmlFiles/202222299349100002_public.xml
263219613,ROBERT S WENNETT AND MARIO CADER-FRENCH FOUNDATION INC,D,60,Miami,Miami-Dade,ntee-grantmaker:T22;files-990PF;private-foundation:03;name:foundation,https://www.yescontemporary.org,2025,https://gt990datalake-rawdata.s3.amazonaws.com/EfileData/XmlFiles/202620969349100237_public.xml
462263688,VIRGINIA LOUNSBURY FOUNDATION FOR POTS RESEARCH INC,D,60,Delray Beach,Palm Beach,ntee-grantmaker:T99;files-990PF;private-foundation:03;name:foundation,https://www.vlfpr.org,2024,https://gt990datalake-rawdata.s3.amazonaws.com/EfileData/XmlFiles/202503089349100210_public.xml
844091802,MATTHEW SIEGAL GOODWORX FOUNDATION,D,60,Coral Gables,Miami-Dade,ntee-grantmaker:T22;files-990PF;private-foundation:04;name:foundation,https://matthewsiegal.com,2025,https://gt990datalake-rawdata.s3.amazonaws.com/EfileData/XmlFiles/202610709349100916_public.xml
264532129,SAVE OUR SEAS FOUNDATION US INC,D,60,Dania Beach,Broward,ntee-grantmaker:T20;files-990PF;private-foundation:04;name:foundation,https://www.saveourseas.com,2025,https://gt990datalake-rawdata.s3.amazonaws.com/EfileData/XmlFiles/202620839349100612_public.xml
822851455,FOE FOUNDATION INC,D,60,Boca Raton,Palm Beach,ntee-grantmaker:T30;files-990PF;private-foundation:04;name:foundation,https://foefoundation.org,2023,https://gt990datalake-rawdata.s3.amazonaws.com/EfileData/XmlFiles/202443199349105019_public.xml
043717260,FRANCINE AND HERBERT TOBIN FOUNDATION,D,60,Hollywood,Broward,ntee-grantmaker:T21;files-990PF;private-foundation:04;name:foundation,https://www.listenersprogram.org,2024,https://gt990datalake-rawdata.s3.amazonaws.com/EfileData/XmlFiles/202523109349101852_public.xml
932879736,ISABELLE FOUNDATION INC,D,60,Miami,Miami-Dade,ntee-grantmaker:T22;files-990PF;private-foundation:04;name:foundation,https://www.isabellefoundation.org,2024,https://gt990datalake-rawdata.s3.amazonaws.com/EfileData/XmlFiles/202511329349101496_public.xml
844475338,BALLISTIGLASS CHARITABLE FOUNDATION INC,D,60,Parkland,Broward,ntee-grantmaker:T30;files-990PF;private-foundation:04;name:foundation,https://www.ballistiglass.com,2024,https://gt990datalake-rawdata.s3.amazonaws.com/EfileData/XmlFiles/202523219349106157_public.xml
990600736,REYNOLDS FOUNDATION INC,D,60,Miami,Miami-Dade,ntee-grantmaker:T20;files-990PF;private-foundation:03;name:foundation,https://www.reynoldsfoundation.com,2024,https://gt990datalake-rawdata.s3.amazonaws.com/EfileData/XmlFiles/202513029349100301_public.xml
753226454,ASHBY WINDWARD FOUNDATION,D,60,Coconut Grove,Miami-Dade,ntee-grantmaker:T20;files-990PF;private-foundation:04;name:foundation,https://www.ashbywindwardfoundation.org,2024,https://gt990datalake-rawdata.s3.amazonaws.com/EfileData/XmlFiles/202503189349103775_public.xml
146216533,BAHL FOUNDATION TR,D,60,Miami Beach,Miami-Dade,ntee-grantmaker:T22;files-990PF;private-foundation:04;name:foundation,https://www.thebahlgroup.com,2023,https://gt990datalake-rawdata.s3.amazonaws.com/EfileData/XmlFiles/202422779349100902_public.xml
921019819,LIV LIKE GIA FOUNDATION INC,D,60,Ft Lauderdale,Broward,ntee-grantmaker:T22;files-990PF;private-foundation:04;name:foundation,https://www.livlikegia.org,2024,https://gt990datalake-rawdata.s3.amazonaws.com/EfileData/XmlFiles/202503199349100425_public.xml
821297088,VISION GLOBAL FOUNDATION,D,60,Miami,Miami-Dade,ntee-grantmaker:T20;files-990PF;private-foundation:04;name:foundation,https://www.visionglobalfoundation.com,2018,https://gt990datalake-rawdata.s3.amazonaws.com/EfileData/XmlFiles/201913199349102276_public.xml
203980390,THE JASON HARTMAN FOUNDATION,D,60,Ft Lauderdale,Broward,ntee-grantmaker:T20;files-990PF;private-foundation:04;name:foundation,https://www.thejasonhartmanfoundation.com,2015,https://gt990datalake-rawdata.s3.amazonaws.com/EfileData/XmlFiles/201603289349100305_public.xml
208077460,CORPORATE CREATIONS FOUNDATION INC,D,60,Palm Beach Gardens,Palm Beach,ntee-grantmaker:T31;files-990PF;private-foundation:04;name:foundation,https://miramargroupweb.com/FOUNDATION,2024,https://gt990datalake-rawdata.s3.amazonaws.com/EfileData/XmlFiles/202522339349100712_public.xml
260334496,NEW COURSE CHARITY FOUNDATION INC,D,60,Boca Raton,Palm Beach,ntee-grantmaker:T20;files-990PF;private-foundation:04;name:foundation,https://www.newcoursefoundation.org,2023,https://gt990datalake-rawdata.s3.amazonaws.com/EfileData/XmlFiles/202423249349100022_public.xml
461139065,PAUL WALKER SCHAFFEL FOUNDATION,D,60,Aventura,Miami-Dade,ntee-grantmaker:T20;files-990PF;private-foundation:04;name:foundation,https://www.pwsfoundation.org,2024,https://gt990datalake-rawdata.s3.amazonaws.com/EfileData/XmlFiles/202503219349104350_public.xml
853479103,PAREJA FAMILY FOUNDATION,D,60,Miami,Miami-Dade,ntee-grantmaker:T23;files-990PF;private-foundation:03;name:foundation,https://parejafoundation.org,2024,https://gt990datalake-rawdata.s3.amazonaws.com/EfileData/XmlFiles/202513219349103501_public.xml
931342530,PRYOR FAMILY FOUNDATION INC,D,60,Fort Lauderdale,Broward,ntee-grantmaker:T23;files-990PF;private-foundation:03;name:foundation,https://www.thepryorfamilyfoundation.org,2024,https://gt990datalake-rawdata.s3.amazonaws.com/EfileData/XmlFiles/202523169349100317_public.xml
830766859,MEDNAX SUPPORTING STUDENTS FOUNDATION INC,D,53,Sunrise,Broward,files-990PF;private-foundation:04;name:foundation;ntee-education:B12;name:education,https://www.mednaxfoundation.com,2021,https://gt990datalake-rawdata.s3.amazonaws.com/EfileData/XmlFiles/202201959349100900_public.xml
043721878,ROATAN BILINGUAL SCHOOL ACADEMIC FOUNDATION INC,D,53,Davie,Broward,files-990PF;private-foundation:04;name:foundation;ntee-education:B11;name:education,https://www.roatanbilingualschool.org,2024,https://gt990datalake-rawdata.s3.amazonaws.com/EfileData/XmlFiles/202543189349105219_public.xml
474403495,OUR PART,D,50,Aventura,Miami-Dade,ntee-grantmaker:T99;files-990PF;private-foundation:04,https://www.our-part.org,2024,https://gt990datalake-rawdata.s3.amazonaws.com/EfileData/XmlFiles/202640149349100119_public.xml
821670588,BANGLADESH AMERICAN SOCIETY OF MUSLIM AID FOR HUMANITY INC,D,50,Boca Raton,Palm Beach,ntee-grantmaker:T23;files-990PF;private-foundation:03,https://www.basmah.org,2024,https://gt990datalake-rawdata.s3.amazonaws.com/EfileData/XmlFiles/202543059349100404_public.xml
810888711,CP CARES INC,D,50,Coral Springs,Broward,ntee-grantmaker:T12;files-990PF;private-foundation:04,https://www.cruiseplanners.com/ABOUT-US/CP-CARES,2024,https://gt990datalake-rawdata.s3.amazonaws.com/EfileData/XmlFiles/202503219349104640_public.xml
263417189,OGEECHEE RIVER CAR MUSEUM INC,D,50,Ft Lauderdale,Broward,ntee-grantmaker:T20;files-990PF;private-foundation:04,https://ogeecheerivercarmuseum.org,2024,https://gt990datalake-rawdata.s3.amazonaws.com/EfileData/XmlFiles/202511229349101946_public.xml
582508376,GODSPEAKS INC,D,50,Ft Lauderdale,Broward,ntee-grantmaker:T23;files-990PF;private-foundation:03,https://godspeaks.com,2024,https://gt990datalake-rawdata.s3.amazonaws.com/EfileData/XmlFiles/202523189349101817_public.xml
455628597,EXTRAORDINARY CHARITIES INC,D,50,Palm Beach,Palm Beach,ntee-grantmaker:T22;files-990PF;private-foundation:04,https://www.ecpbc.org,2024,https://gt990datalake-rawdata.s3.amazonaws.com/EfileData/XmlFiles/202523219349105732_public.xml
320602076,HOPE FOR HEROES INC,D,50,West Palm Beach,Palm Beach,ntee-grantmaker:T23;files-990PF;private-foundation:03,https://www.beblankco.com/OUR-FOUNDATION,2022,https://gt990datalake-rawdata.s3.amazonaws.com/EfileData/XmlFiles/202303219349101020_public.xml
882655500,AMERICAN FORUM ORGANIZATION ON NATIONAL DEMOCRACY FUND,D,50,Miami Beach,Miami-Dade,ntee-grantmaker:T30;files-990PF;private-foundation:04,https://www.cambiosdefondo.com,2024,https://gt990datalake-rawdata.s3.amazonaws.com/EfileData/XmlFiles/202501579349100615_public.xml
834406372,JULEN SMILES INC,D,50,Miami,Miami-Dade,ntee-grantmaker:T12;files-990PF;private-foundation:04,https://www.julensmiles.org,2022,https://gt990datalake-rawdata.s3.amazonaws.com/EfileData/XmlFiles/202343199349104384_public.xml
991024991,NOT THESE OVARIES INC,D,50,Miami,Miami-Dade,ntee-grantmaker:T23;files-990PF;private-foundation:03,https://www.nottheseovaries.org,2024,https://gt990datalake-rawdata.s3.amazonaws.com/EfileData/XmlFiles/202543079349100519_public.xml
845175839,JEWISH FUTURE PLEDGE INC,D,50,Boca Raton,Palm Beach,ntee-grantmaker:T23;files-990PF;private-foundation:03,https://jewishfuturepledge.org,2024,https://gt990datalake-rawdata.s3.amazonaws.com/EfileData/XmlFiles/202521679349100217_public.xml
030436805,LEONIES LIGHT INC,D,50,Miami Shores,Miami-Dade,ntee-grantmaker:T23;files-990PF;private-foundation:03,https://www.leonieslight.org,2024,https://gt990datalake-rawdata.s3.amazonaws.com/EfileData/XmlFiles/202543169349103659_public.xml
921464258,ARETE CARES INC,D,50,Boca Raton,Palm Beach,ntee-grantmaker:T20;files-990PF;private-foundation:04,https://www.areteir.com,2024,https://gt990datalake-rawdata.s3.amazonaws.com/EfileData/XmlFiles/202533199349100903_public.xml
843252750,PROJECT LOVE INC,D,50,Coral Gables,Miami-Dade,ntee-grantmaker:T12;files-990PF;private-foundation:04,https://projectlove.nateweb.ca,2024,https://gt990datalake-rawdata.s3.amazonaws.com/EfileData/XmlFiles/202523109349100722_public.xml
205352995,ALLEN C FORNES CHARITABLEFOUNDATION,D,50,Weston,Broward,ntee-grantmaker:T22;files-990PF;private-foundation:04,https://fornesfoundation.org,2024,https://gt990datalake-rawdata.s3.amazonaws.com/EfileData/XmlFiles/202531819349100413_public.xml
461092857,FONDATION SIRIUS INC,D,50,Miami,Miami-Dade,ntee-grantmaker:T20;files-990PF;private-foundation:04,https://siriusfoundation.ht,2023,https://gt990datalake-rawdata.s3.amazonaws.com/EfileData/XmlFiles/202501019349100340_public.xml
472113218,THE GFOELLER RENAISSANCE FOUNDATION INC,D,48,Miami,Miami-Dade,files-990PF;private-foundation:03;name:foundation;ntee-education:B99,https://www.gfoellerrenaissancefoundation.org,2024,https://gt990datalake-rawdata.s3.amazonaws.com/EfileData/XmlFiles/202543109349101449_public.xml
822643589,RIVERA FOUNDATION INC,D,48,Miramar,Broward,files-990PF;private-foundation:04;name:foundation;ntee-education:B12,https://www.riverafoundation.com,2024,https://gt990datalake-rawdata.s3.amazonaws.com/EfileData/XmlFiles/202502829349101025_public.xml
882410593,FOUNDATION DIMITRI NEMS FOR THE ARTS,D,48,Miami Beach,Miami-Dade,files-990PF;private-foundation:04;name:foundation;ntee-education:B90,https://www.mariannenems.com,2023,https://gt990datalake-rawdata.s3.amazonaws.com/EfileData/XmlFiles/202431659349100203_public.xml
650784996,PALM BEACH NORTH EDUCATION FOUNDATION INC,D,45,Palm Beach Gardens,Palm Beach,files-990PF;private-foundation:04;name:foundation;name:education,https://www.pbnchamber.com,2023,https://gt990datalake-rawdata.s3.amazonaws.com/EfileData/XmlFiles/202521539349100407_public.xml
882653090,BAY TO BY YOUTH BOXING EDUCATION FOUNDATION INC,D,45,Sunrise,Broward,files-990PF;private-foundation:04;name:foundation;name:education,https://btbybf.org,2023,https://gt990datalake-rawdata.s3.amazonaws.com/EfileData/XmlFiles/202610649349101166_public.xml
300684614,EDUCATIONAL CONSULTING AND TECHNOLOGIES SOLUTIONS INC,D,43,Miami,Miami-Dade,files-990PF;private-foundation:04;ntee-education:B12;name:education,https://www.educotecsolutions.org,2024,https://gt990datalake-rawdata.s3.amazonaws.com/EfileData/XmlFiles/202503189349101605_public.xml
394394495,CRYPTO COPS ACADEMY INC,D,43,Pembroke Pines,Broward,files-990PF;private-foundation:03;ntee-education:B90;name:education,https://cryptocopsacademy.com,2025,https://gt990datalake-rawdata.s3.amazonaws.com/EfileData/XmlFiles/202611069349100901_public.xml
851102267,GA ACADEMIC STUDIES AND ACADEMIC RESEARCH,D,43,Miami,Miami-Dade,files-990PF;private-foundation:04;ntee-education:B05;name:education,https://gaacademicstudiesandacademicresearchinc.com,2024,https://gt990datalake-rawdata.s3.amazonaws.com/EfileData/XmlFiles/202520369349100402_public.xml
836163450,ERIC J DALIUS FOUNDATION,D,40,Miami Beach,Miami-Dade,files-990PF;private-foundation:04;name:foundation,https://www.ericjdaliusfoundation.com,2022,https://gt990datalake-rawdata.s3.amazonaws.com/EfileData/XmlFiles/202322499349100512_public.xml
866417020,BECHARA MASSAD PRIVATE FOUNDATION CHARITABLE TR,D,40,Fort Lauderdale,Broward,files-990PF;private-foundation:04;name:foundation,https://charliefoxtrotops.org,2022,https://gt990datalake-rawdata.s3.amazonaws.com/EfileData/XmlFiles/202333199349107648_public.xml
592090044,MIAMI REALTORS FOUNDATION INC,D,40,Miami Springs,Miami-Dade,files-990PF;private-foundation:04;name:foundation,https://miamirealtors.com,2024,https://gt990datalake-rawdata.s3.amazonaws.com/EfileData/XmlFiles/202523229349101017_public.xml
934206586,CRISTINA AND HANK HAROIAN FOUNDATION INC,D,40,Wellington,Palm Beach,files-990PF;private-foundation:04;name:foundation,https://www.thecristinaandhankharoianfoundation.org,2025,https://gt990datalake-rawdata.s3.amazonaws.com/EfileData/XmlFiles/202640899349100764_public.xml
467481251,DE MOYA FOUNDATION,D,40,Miami,Miami-Dade,files-990PF;private-foundation:04;name:foundation,https://www.demoyafoundation.com,2024,https://gt990datalake-rawdata.s3.amazonaws.com/EfileData/XmlFiles/202531369349100028_public.xml
043434514,FOOD AND NUTRITION RESOURCES FOUNDATION INC,D,40,Boca Raton,Palm Beach,files-990PF;private-foundation:04;name:foundation,https://fnrfoundation.org,2025,https://gt990datalake-rawdata.s3.amazonaws.com/EfileData/XmlFiles/202620729349100222_public.xml
854329493,WIELENGA INNOVATION FOUNDATION INC,D,40,Hollywood,Broward,files-990PF;private-foundation:04;name:foundation,https://wifound.org,2024,https://gt990datalake-rawdata.s3.amazonaws.com/EfileData/XmlFiles/202541349349101614_public.xml
650466117,GLORIA ESTEFAN FOUNDATION INC,D,40,Miami Beach,Miami-Dade,files-990PF;private-foundation:04;name:foundation,https://www.estefan.com,2024,https://gt990datalake-rawdata.s3.amazonaws.com/EfileData/XmlFiles/202510939349101821_public.xml
931375156,LOUD AND LIVE FOUNDATION INC,D,40,Miami,Miami-Dade,files-990PF;private-foundation:04;name:foundation,https://loudlivefoundation.org,2024,https://gt990datalake-rawdata.s3.amazonaws.com/EfileData/XmlFiles/202533219349103838_public.xml
592637289,SUNBURST FOUNDATION INC,D,40,Boca Raton,Palm Beach,files-990PF;private-foundation:04;name:foundation,https://www.sunburst-foundation.org,2024,https://gt990datalake-rawdata.s3.amazonaws.com/EfileData/XmlFiles/202522209349100907_public.xml
823772837,SHELDON AND SUSAN SIEGEL CHILDRENS FOUNDATION INC,D,40,Pompano Beach,Broward,files-990PF;private-foundation:04;name:foundation,https://siegelchildrensfoundation.org,2024,https://gt990datalake-rawdata.s3.amazonaws.com/EfileData/XmlFiles/202510769349101251_public.xml
464292407,COLOR ME A CURE FOUNDATION INC,D,40,Miami Beach,Miami-Dade,files-990PF;private-foundation:04;name:foundation,https://www.colormeacure.org,2024,https://gt990datalake-rawdata.s3.amazonaws.com/EfileData/XmlFiles/202523179349101332_public.xml
854334986,THE COOPER VOCCOLA FAMILY FOUNDATION INC,D,40,Miami,Miami-Dade,files-990PF;private-foundation:04;name:foundation,https://www.thecoopervoccolafamilyfoundation.org,2024,https://gt990datalake-rawdata.s3.amazonaws.com/EfileData/XmlFiles/202531509349100323_public.xml
650800240,RENDINA FAMILY FOUNDATION INC,D,40,Jupiter,Palm Beach,files-990PF;private-foundation:04;name:foundation,https://www.rendinafamilyfoundation.org,2024,https://gt990datalake-rawdata.s3.amazonaws.com/EfileData/XmlFiles/202513249349100621_public.xml
510169662,ROYCE NURSING FOUNDATION INC,D,40,Miami,Miami-Dade,files-990PF;private-foundation:04;name:foundation,https://www.roycenursingfoundation.org,2024,https://gt990datalake-rawdata.s3.amazonaws.com/EfileData/XmlFiles/202630509349100513_public.xml
274034030,GEO GROUP FOUNDATION INC,D,40,Boca Raton,Palm Beach,files-990PF;private-foundation:04;name:foundation,https://www.geogroupfoundation.com,2024,https://gt990datalake-rawdata.s3.amazonaws.com/EfileData/XmlFiles/202513189349104611_public.xml
581839448,VALOR FOUNDATION INC,D,40,Hollywood,Broward,files-990PF;private-foundation:04;name:foundation,https://www.valorfoundation.com,2023,https://gt990datalake-rawdata.s3.amazonaws.com/EfileData/XmlFiles/202530219349100608_public.xml
462862735,CORRONA RESEARCH FOUNDATION,D,40,Delray Beach,Palm Beach,files-990PF;private-foundation:03;name:foundation,https://corronaresearchfoundation.org,2024,https://gt990datalake-rawdata.s3.amazonaws.com/EfileData/XmlFiles/202541489349100304_public.xml
471222099,K2 WIND FOUNDATION INC,D,40,Hollywood,Broward,files-990PF;private-foundation:04;name:foundation,https://www.k2windfoundation.org,2025,https://gt990datalake-rawdata.s3.amazonaws.com/EfileData/XmlFiles/202610279349100001_public.xml
452049616,GOOD GIFTS FOUNDATION,D,40,Coral Gables,Miami-Dade,files-990PF;private-foundation:03;name:foundation,https://www.livingwebfarms.org,2024,https://gt990datalake-rawdata.s3.amazonaws.com/EfileData/XmlFiles/202533109349101408_public.xml
270950706,ARTHUR R CORES ESOPHAGEAL CANCER RESEARCH FOUNDATION,D,40,Miami Beach,Miami-Dade,files-990PF;private-foundation:04;name:foundation,https://corescancer.org,2019,https://gt990datalake-rawdata.s3.amazonaws.com/EfileData/XmlFiles/202121189349102002_public.xml
882425647,CHARLES M VALLEE FOUNDATION FOR LONG COVID RESEARCH,D,40,Miami,Miami-Dade,files-990PF;private-foundation:04;name:foundation,https://charlesmvalleefoundation.org,2024,https://gt990datalake-rawdata.s3.amazonaws.com/EfileData/XmlFiles/202513219349106706_public.xml
113137294,BORCHARDT FAMILY FOUNDATION INC,D,40,Palm Beach,Palm Beach,files-990PF;private-foundation:04;name:foundation,https://nonprofitlocator.org,2022,https://gt990datalake-rawdata.s3.amazonaws.com/EfileData/XmlFiles/202522099349100402_public.xml
863463143,CAESAR-IGLESIAS FAMILY FOUNDATION INC,D,40,Miami Beach,Miami-Dade,files-990PF;private-foundation:04;name:foundation,https://www.c-iff.org,2024,https://gt990datalake-rawdata.s3.amazonaws.com/EfileData/XmlFiles/202511359349100911_public.xml
843925115,OLALASHE FOUNDATION INC,D,40,Wellington,Palm Beach,files-990PF;private-foundation:03;name:foundation,https://www.olalashe.org,2025,https://gt990datalake-rawdata.s3.amazonaws.com/EfileData/XmlFiles/202620639349100612_public.xml
844801136,DR RICARDO GUTIERREZ CHILDREN S HOSPITAL FOUNDATION INC,D,40,Key Biscayne,Miami-Dade,files-990PF;private-foundation:04;name:foundation,https://www.coophospitalninos.org.ar,2024,https://gt990datalake-rawdata.s3.amazonaws.com/EfileData/XmlFiles/202510699349100916_public.xml
263376377,NISON PINSON FOUNDATION,D,40,Bal Harbour,Miami-Dade,files-990PF;private-foundation:04;name:foundation,https://www.pinsonfound.org,2024,https://gt990datalake-rawdata.s3.amazonaws.com/EfileData/XmlFiles/202503099349100325_public.xml
874132719,SPIRIT IN THE SKY MEMORIAL FOUNDATION,D,40,Jupiter,Palm Beach,files-990PF;private-foundation:04;name:foundation,https://spiritintheskyfoundation.org,2022,https://gt990datalake-rawdata.s3.amazonaws.com/EfileData/XmlFiles/202311319349101786_public.xml
824830121,N A A I A FLORIDA FOUNDATION INC,D,40,Miami,Miami-Dade,files-990PF;private-foundation:04;name:foundation,https://www.naaia.org,2024,https://gt990datalake-rawdata.s3.amazonaws.com/EfileData/XmlFiles/202501059349100915_public.xml
832217842,CLASSICAL ROMAN ARTS FOUNDATION,D,40,Miami,Miami-Dade,files-990PF;private-foundation:03;name:foundation,https://www.classicalromanartsfoundation.org,2024,https://gt990datalake-rawdata.s3.amazonaws.com/EfileData/XmlFiles/202513239349100621_public.xml
542081286,CISNEROS FONTANALS FOUNDATION FOR THE ARTS,D,40,Miami,Miami-Dade,files-990PF;private-foundation:04;name:foundation,https://www.cifo.org,2024,https://gt990datalake-rawdata.s3.amazonaws.com/EfileData/XmlFiles/202513189349101691_public.xml
650003512,REALTOR ASSOCIATION OF GREATER FORT LAUDERDALE CHARITABLE FOUNDATION,D,40,West Palm Beach,Palm Beach,files-990PF;private-foundation:04;name:foundation,https://www.rworld.com/foundations,2023,https://gt990datalake-rawdata.s3.amazonaws.com/EfileData/XmlFiles/202402289349100435_public.xml
205373896,DR JANES HEALTHYPETNET FOUNDATION INC,D,40,Jupiter,Palm Beach,files-990PF;private-foundation:04;name:foundation,https://www.lifesabundance.com/PETS/FOUNDATION.ASPX,2023,https://gt990datalake-rawdata.s3.amazonaws.com/EfileData/XmlFiles/202500929349100100_public.xml
872786275,XAVIER CORTADA FOUNDATION INC,D,40,Palmetto Bay,Miami-Dade,files-990PF;private-foundation:04;name:foundation,https://www.cortadafoundation.org,2024,https://gt990datalake-rawdata.s3.amazonaws.com/EfileData/XmlFiles/202533179349104153_public.xml
872112015,FOUNDATION FOR TALENT TRANSFORMATION INC,D,40,Miami Beach,Miami-Dade,files-990PF;private-foundation:03;name:foundation,https://www.talenttransformation.com,2024,https://gt990datalake-rawdata.s3.amazonaws.com/EfileData/XmlFiles/202511369349100731_public.xml
831420921,WUF SHANTI CHILDRENS WELLNESS FOUNDATION INC,D,40,Cooper City,Broward,files-990PF;private-foundation:03;name:foundation,https://wufshanti.com,2025,https://gt990datalake-rawdata.s3.amazonaws.com/EfileData/XmlFiles/202610289349100116_public.xml
854295336,ART 4 HUMANITY FOUNDATION,D,40,Miami,Miami-Dade,files-990PF;private-foundation:04;name:foundation,https://a4humanity.com,2024,https://gt990datalake-rawdata.s3.amazonaws.com/EfileData/XmlFiles/202523219349106567_public.xml
854330118,WESLEY FOSTER FOUNDATION INC,D,40,Wellington,Palm Beach,files-990PF;private-foundation:04;name:foundation,https://www.wesleyfosterfoundation.org,2024,https://gt990datalake-rawdata.s3.amazonaws.com/EfileData/XmlFiles/202503199349101505_public.xml
810785073,V ATKINS FOUNDATION,D,40,Jupiter,Palm Beach,files-990PF;private-foundation:04;name:foundation,https://www.atkinsyoungartists.org,2024,https://gt990datalake-rawdata.s3.amazonaws.com/EfileData/XmlFiles/202513189349100641_public.xml
834635507,HAPPIER WAY FOUNDATION INC,D,40,Coral Gables,Miami-Dade,files-990PF;private-foundation:04;name:foundation,https://www.happierway.org,2023,https://gt990datalake-rawdata.s3.amazonaws.com/EfileData/XmlFiles/202500559349100605_public.xml
475407257,ROBIN SHARI PARKER HAPPI FOUNDATION INC,D,40,Ft Lauderdale,Broward,files-990PF;private-foundation:04;name:foundation,https://www.facebook.com/RSPHAPPI,2020,https://gt990datalake-rawdata.s3.amazonaws.com/EfileData/XmlFiles/202132529349101608_public.xml
463922808,HOPE FOR AUTISM UNITED FOR SOCCER FOUNDATION INC,D,40,North Miami,Miami-Dade,files-990PF;private-foundation:04;name:foundation,https://austismsoccer.org,2017,https://gt990datalake-rawdata.s3.amazonaws.com/EfileData/XmlFiles/201900389349200400_public.xml
463204340,ROOM FIVE CHARITY FOUNDATION INC,D,40,Doral,Miami-Dade,files-990PF;private-foundation:04;name:foundation,https://roomfivecharity.org,2024,https://gt990datalake-rawdata.s3.amazonaws.com/EfileData/XmlFiles/202510999349100106_public.xml
854241154,2DAY4TOMORROW FOUNDATION INC,D,40,Boca Raton,Palm Beach,files-990PF;private-foundation:03;name:foundation,https://www.2day4tomorrow.org,2025,https://gt990datalake-rawdata.s3.amazonaws.com/EfileData/XmlFiles/202610619349100326_public.xml
510611902,ARTS CONNECTION FOUNDATION INC,D,40,Doral,Miami-Dade,files-990PF;private-foundation:04;name:foundation,https://www.artsconnectionfoundation.org,2023,https://gt990datalake-rawdata.s3.amazonaws.com/EfileData/XmlFiles/202400919349100200_public.xml
364646388,MASHBURN FAMILY FOUNDATION INC,D,40,Miami Beach,Miami-Dade,files-990PF;private-foundation:04;name:foundation,https://www.mashburnfamilyfoundation.com,2024,https://gt990datalake-rawdata.s3.amazonaws.com/EfileData/XmlFiles/202512979349100921_public.xml
271985900,PET FOSTER NANNY FOUNDATION INC,D,40,Lake Worth,Palm Beach,files-990PF;private-foundation:04;name:foundation,https://petfosternanny.org,2024,https://gt990datalake-rawdata.s3.amazonaws.com/EfileData/XmlFiles/202512189349100001_public.xml
883325510,STRENGTH AND FAITH FOUNDATION INC,D,40,Aventura,Miami-Dade,files-990PF;private-foundation:04;name:foundation,https://strengthandfaith.org,2024,https://gt990datalake-rawdata.s3.amazonaws.com/EfileData/XmlFiles/202541349349102394_public.xml
852622280,FILLED WITH HOPE FOUNDATION INC,D,40,Pompano Beach,Broward,files-990PF;private-foundation:04;name:foundation,https://www.filledwithhopefoundation.com,2024,https://gt990datalake-rawdata.s3.amazonaws.com/EfileData/XmlFiles/202543109349100634_public.xml
882853773,MILK DRUNK FOUNDATION,D,40,Sunrise,Broward,files-990PF;private-foundation:04;name:foundation,https://themilkdrunkfoundation.org,2024,https://gt990datalake-rawdata.s3.amazonaws.com/EfileData/XmlFiles/202521829349100602_public.xml
873994541,VETERANS RESOURCE NETWORK FOUNDATION,D,40,Boynton Beach,Palm Beach,files-990PF;private-foundation:04;name:foundation,https://www.vetrenet.com,2023,https://gt990datalake-rawdata.s3.amazonaws.com/EfileData/XmlFiles/202510179349100501_public.xml
263222615,ALWAYS BELIEVING FOUNDATION INC,D,40,Miami,Miami-Dade,files-990PF;private-foundation:03;name:foundation,https://www.alwaysbelieving.com,2023,https://gt990datalake-rawdata.s3.amazonaws.com/EfileData/XmlFiles/202620409349100502_public.xml
842381689,TED LUCAS FOUNDATION CORP,D,40,Miami Lakes,Miami-Dade,files-990PF;private-foundation:04;name:foundation,https://www.tedlucasfoundation.com,2024,https://gt990datalake-rawdata.s3.amazonaws.com/EfileData/XmlFiles/202532269349100903_public.xml
993302644,HHK FOUNDATION INC,D,40,Coral Springs,Broward,files-990PF;private-foundation:04;name:foundation,https://www.hhkfoundation.com,2024,https://gt990datalake-rawdata.s3.amazonaws.com/EfileData/XmlFiles/202531359349102893_public.xml
932907516,KINGDOM DRIVEN ENTREPRENEUR FOUNDATION INC,D,40,Davie,Broward,files-990PF;private-foundation:03;name:foundation,https://kdefoundation.org,2024,https://gt990datalake-rawdata.s3.amazonaws.com/EfileData/XmlFiles/202620409349100102_public.xml
332908902,RICHARD ISAAC DAVID FOUNDATION INC,D,40,Pompano Beach,Broward,files-990PF;private-foundation:04;name:foundation,https://ridfoundation.org,2024,https://gt990datalake-rawdata.s3.amazonaws.com/EfileData/XmlFiles/202503149349100845_public.xml
393991430,CHAPTER UNWRITTEN - THE COURTNEY HE YMACH FOUNDATION,D,40,Parkland,Broward,files-990PF;private-foundation:04;name:foundation,https://chapterunwritten.org,2025,https://gt990datalake-rawdata.s3.amazonaws.com/EfileData/XmlFiles/202630899349100523_public.xml
472626394,SAVING SAGE ANIMAL RESCUE FOUNDATION INC,D,40,Sunrise,Broward,files-990PF;private-foundation:04;name:foundation,https://savingsagerescue.org,2024,https://gt990datalake-rawdata.s3.amazonaws.com/EfileData/XmlFiles/202542109349100219_public.xml
826397801,PARENT AID RESOURCE CENTER FOUNDATION TR,D,40,Weston,Broward,files-990PF;private-foundation:04;name:foundation,https://www.parcforkids.org,2024,https://gt990datalake-rawdata.s3.amazonaws.com/EfileData/XmlFiles/202513219349107101_public.xml
842602329,CENTERED HEART FOUNDATION INC,D,40,Coral Springs,Broward,files-990PF;private-foundation:03;name:foundation,https://www.centeredheart.org,2024,https://gt990datalake-rawdata.s3.amazonaws.com/EfileData/XmlFiles/202533189349104863_public.xml
850625035,GRUPPTA FOUNDATION INC,D,40,Fort Lauderdale,Broward,files-990PF;private-foundation:04;name:foundation,https://facebook.com/gruppta,2020,https://gt990datalake-rawdata.s3.amazonaws.com/EfileData/XmlFiles/202141179349100104_public.xml
852770286,BELLIMORI FOUNDATION CORP,D,40,Coconut Creek,Broward,files-990PF;private-foundation:04;name:foundation,https://thebellimorifoundation.com,2021,https://gt990datalake-rawdata.s3.amazonaws.com/EfileData/XmlFiles/202211379349101326_public.xml
853043004,SOURCE INTERNATIONAL FOUNDATION,D,40,Miami,Miami-Dade,files-990PF;private-foundation:04;name:foundation,https://source-foundation.com,2023,https://gt990datalake-rawdata.s3.amazonaws.com/EfileData/XmlFiles/202441029349100539_public.xml
883455877,CHICAS GUAPAS FOUNDATION CORP,D,40,Miami,Miami-Dade,files-990PF;private-foundation:04;name:foundation,https://www.chicasguapasfoundation.org,2025,https://gt990datalake-rawdata.s3.amazonaws.com/EfileData/XmlFiles/202611029349100601_public.xml
990574703,FOUNDEVER CHARITABLE FOUNDATION,D,40,Miami,Miami-Dade,files-990PF;private-foundation:03;name:foundation,https://www.foundever.org,2023,https://gt990datalake-rawdata.s3.amazonaws.com/EfileData/XmlFiles/202403209349105185_public.xml
811758355,TEMPLE TORAT EMET FOUNDATION INC,D,40,Boynton Beach,Palm Beach,files-990PF;private-foundation:04;name:foundation,https://templetoratemetfoundation.org,2016,https://gt990datalake-rawdata.s3.amazonaws.com/EfileData/XmlFiles/201741579349200624_public.xml
464284996,ONE WORLD TOGETHER CORP,D,38,Coral Gables,Miami-Dade,files-990PF;private-foundation:04;ntee-education:B01,https://www.oneworldtogether.org,2021,https://gt990datalake-rawdata.s3.amazonaws.com/EfileData/XmlFiles/202202229349100020_public.xml
272524122,FRATERNITY AND LOVE SPIRITIST CENTER INC,D,38,Miami,Miami-Dade,files-990PF;private-foundation:04;ntee-education:B99,https://cefemiami.business.site,2025,https://gt990datalake-rawdata.s3.amazonaws.com/EfileData/XmlFiles/202600989349101510_public.xml
933328671,NAJLASTRONG INC,D,38,Boca Raton,Palm Beach,files-990PF;private-foundation:04;ntee-education:B12,https://najlastrong.com,2024,https://gt990datalake-rawdata.s3.amazonaws.com/EfileData/XmlFiles/202542889349100609_public.xml
461930540,YALE CLUB OF SOUTH FLORIDA INC,D,38,Coral Gables,Miami-Dade,files-990PF;private-foundation:04;ntee-education:B84,https://www.yaleclubofsouthflorida.org,2024,https://gt990datalake-rawdata.s3.amazonaws.com/EfileData/XmlFiles/202532249349100718_public.xml
831430409,FUTURE BRIGHT MINDS,D,38,Pompano Beach,Broward,files-990PF;private-foundation:04;ntee-education:B80,https://www.futurebrightminds.com,2019,https://gt990datalake-rawdata.s3.amazonaws.com/EfileData/XmlFiles/202032899349100608_public.xml
831532454,BLUE WINGS WORLD INC,D,38,Miami,Miami-Dade,files-990PF;private-foundation:04;ntee-education:B99,https://www.bluewingsworld.org,2024,https://gt990datalake-rawdata.s3.amazonaws.com/EfileData/XmlFiles/202522039349100902_public.xml
831703613,CENTER FOR WOMEN IN ACADEMIC MEDICINE AND SCIENCE INC,D,35,Boca Raton,Palm Beach,files-990PF;private-foundation:03;name:education,https://cwams.org,2024,https://gt990datalake-rawdata.s3.amazonaws.com/EfileData/XmlFiles/202501969349100210_public.xml
882005025,CEO FINANCIAL LITERACY ACADEMY INC,D,35,North Miami,Miami-Dade,files-990PF;private-foundation:04;name:education,https://www.ceofinlit.com,2024,https://gt990datalake-rawdata.s3.amazonaws.com/EfileData/XmlFiles/202530839349100023_public.xml
831165173,VAUGHN SPORTS ACADEMY LIONS INC,D,35,Boca Raton,Palm Beach,files-990PF;private-foundation:04;name:education,https://bocapawsox.com,2024,https://gt990datalake-rawdata.s3.amazonaws.com/EfileData/XmlFiles/202512029349100801_public.xml
823086266,UNITED SPECTRUM CORP,D,30,Boca Raton,Palm Beach,files-990PF;private-foundation:04,https://bocaratonachievement.com,2024,https://gt990datalake-rawdata.s3.amazonaws.com/EfileData/XmlFiles/202501359349105070_public.xml
831630528,JUPITER ALLIGATOR AND WILDLIFE SANCTUARY INC,D,30,Jupiter,Palm Beach,files-990PF;private-foundation:04,https://jawsflorida.com,2024,https://gt990datalake-rawdata.s3.amazonaws.com/EfileData/XmlFiles/202523219349108417_public.xml
921762955,MATT AND LISA ALLEN FAMILY FOUNDATION INC,D,30,Miami Shores,Miami-Dade,ntee-grantmaker:T30;name:foundation,https://mattlisaallenfoundation.org,2023,https://gt990datalake-rawdata.s3.amazonaws.com/EfileData/XmlFiles/202423209349317522_public.xml
542173857,ISSA TR FOUNDATION INC,D,30,Davie,Broward,ntee-grantmaker:T30;name:foundation,https://www.issatrustfoundation.com,2022,https://gt990datalake-rawdata.s3.amazonaws.com/EfileData/XmlFiles/202442279349303559_public.xml
331225209,BAMBI INTERNATIONAL FOUNDATION INC,D,30,Doral,Miami-Dade,ntee-grantmaker:T30;name:foundation,https://www.bambifoundation.org,2024,https://gt990datalake-rawdata.s3.amazonaws.com/EfileData/XmlFiles/202500839349300100_public.xml
202273948,BROWARD CARES FOR KIDS FOUNDATION INC,D,30,Ft Lauderdale,Broward,ntee-grantmaker:T30;name:foundation,https://www.browardcaresforkids.org,2023,https://gt990datalake-rawdata.s3.amazonaws.com/EfileData/XmlFiles/202520359349301302_public.xml
474480744,PAN AMERICAN HOCKEY FEDERATION INC,D,30,Coral Gables,Miami-Dade,files-990PF;private-foundation:03,https://www.panamhockey.org,2025,https://gt990datalake-rawdata.s3.amazonaws.com/EfileData/XmlFiles/202601109349100115_public.xml
592642210,FLORIDA LAWYERS ASSISTANCE INC,D,30,Boca Raton,Palm Beach,files-990PF;private-foundation:04,https://www.fla-lap.org,2024,https://gt990datalake-rawdata.s3.amazonaws.com/EfileData/XmlFiles/202542339349100004_public.xml
832890488,BUILDING ENCLOSURE INSTITUTE,D,30,Hallandale,Broward,files-990PF;private-foundation:03,https://www.b-e-i.org,2024,https://gt990datalake-rawdata.s3.amazonaws.com/EfileData/XmlFiles/202543119349101224_public.xml
650384313,DELRAY BEACH COMMUNITY DEVELOPMENT CORPORATION,D,30,Delray Beach,Palm Beach,files-990PF;private-foundation:04,https://www.delraycdc.org,2024,https://gt990datalake-rawdata.s3.amazonaws.com/EfileData/XmlFiles/202513169349101346_public.xml
453946626,FRIENDS OF CITE SOLEIL INC,D,30,Boca Raton,Palm Beach,files-990PF;private-foundation:04,https://www.friendsofcitesoleil.org,2024,https://gt990datalake-rawdata.s3.amazonaws.com/EfileData/XmlFiles/202533149349101583_public.xml
204971953,WOODY FOUNDATION INC,D,30,Coconut Grove,Miami-Dade,ntee-grantmaker:T30;name:foundation,https://www.woodyfoundation.org,2023,https://gt990datalake-rawdata.s3.amazonaws.com/EfileData/XmlFiles/202510219349300001_public.xml
273519845,RAFAEL SORIANO FOUNDATION INC,D,30,Miami Beach,Miami-Dade,ntee-grantmaker:T30;name:foundation,https://www.rafaelsorianofoundation.org,2021,https://gt990datalake-rawdata.s3.amazonaws.com/EfileData/XmlFiles/202211369349207406_public.xml
832322283,DAVID A BURKE FOUNDATION INC,D,30,West Palm Beach,Palm Beach,ntee-grantmaker:T21;name:foundation,https://davidburkefoundation.org,2023,https://gt990datalake-rawdata.s3.amazonaws.com/EfileData/XmlFiles/202423209349304302_public.xml
473850534,GLOBAL WELLNESS INSTITUTE,D,30,Miami,Miami-Dade,files-990PF;private-foundation:03,https://globalwellnessinstitute.org,2024,https://gt990datalake-rawdata.s3.amazonaws.com/EfileData/XmlFiles/202512839349101301_public.xml
202982326,LA VENTANA DE LOS CIELOS INC,D,30,Miami Beach,Miami-Dade,files-990PF;private-foundation:04,https://www.laventanadeloscielos.org,2024,https://gt990datalake-rawdata.s3.amazonaws.com/EfileData/XmlFiles/202513099349101216_public.xml
462527463,GIVE JOY 2 ONE FOUNDATION,D,30,Pinecrest,Miami-Dade,ntee-grantmaker:T30;name:foundation,https://givejoy2one.com,2024,https://gt990datalake-rawdata.s3.amazonaws.com/EfileData/XmlFiles/202511369349201851_public.xml
591715486,WEST BROWARD CLUB INC,D,30,Davie,Broward,files-990PF;private-foundation:04,https://westbrowardclub.org,2013,https://gt990datalake-rawdata.s3.amazonaws.com/EfileData/XmlFiles/201403219349101650_public.xml
650849159,MATHEW FORBES ROMER FOUNDATION INC,D,30,Boca Raton,Palm Beach,ntee-grantmaker:T30;name:foundation,https://www.mfrfoundation.org,2023,https://gt990datalake-rawdata.s3.amazonaws.com/EfileData/XmlFiles/202422429349200142_public.xml
030579618,SABRINA COHEN FOUNDATION INC,D,30,Miami Beach,Miami-Dade,ntee-grantmaker:T30;name:foundation,https://www.sabrinacohenfoundation.org,2021,https://gt990datalake-rawdata.s3.amazonaws.com/EfileData/XmlFiles/202300949349300725_public.xml
270420102,FONDATION LUCIENNE DESCHAMPS INC,D,30,Coral Gables,Miami-Dade,files-990PF;private-foundation:04,https://fondationluciennedeschamps.org,2024,https://gt990datalake-rawdata.s3.amazonaws.com/EfileData/XmlFiles/202540849349100229_public.xml
472573241,CRAIGS PANTRY & OUTREACH PROGRAM NFP INC,D,30,Plantation,Broward,files-990PF;private-foundation:03,https://www.craigspantry.com,2023,https://gt990datalake-rawdata.s3.amazonaws.com/EfileData/XmlFiles/202520169349100312_public.xml
320216403,DWIGHT STEPHENSON FOUNDATION INC,D,30,Delray Beach,Palm Beach,ntee-grantmaker:T30;name:foundation,https://www.dwightstephenson.org,2023,https://gt990datalake-rawdata.s3.amazonaws.com/EfileData/XmlFiles/202422369349200212_public.xml
882818229,ASPIRING ENTREPRENEUR FOUNDATION,D,30,Delray Beach,Palm Beach,ntee-grantmaker:T99;name:foundation,https://aspiringentrepreneurfdn.com,2023,https://gt990datalake-rawdata.s3.amazonaws.com/EfileData/XmlFiles/202422839349201412_public.xml
454714038,BOCA RATON POLICE FOUNDATION INC,D,30,Boca Raton,Palm Beach,ntee-grantmaker:T30;name:foundation,https://bocaratonpolicefoundation.org,2023,https://gt990datalake-rawdata.s3.amazonaws.com/EfileData/XmlFiles/202433199349316878_public.xml
454645993,OFFERDAHLS HAND-OFF FOUNDATION INC,D,30,Ft Lauderdale,Broward,ntee-grantmaker:T30;name:foundation,https://www.handofffoundation.org,2023,https://gt990datalake-rawdata.s3.amazonaws.com/EfileData/XmlFiles/202431939349300443_public.xml
262454734,MYSTIC FORCE FOUNDATION,D,30,North Miami,Miami-Dade,ntee-grantmaker:T30;name:foundation,https://www.mysticforcefoundation.com,2023,https://gt990datalake-rawdata.s3.amazonaws.com/EfileData/XmlFiles/202423169349203017_public.xml
461258368,BOCA RIO FOUNDATION INC,D,30,Boca Raton,Palm Beach,ntee-grantmaker:T30;name:foundation,https://www.bocariogolfclub.com,2023,https://gt990datalake-rawdata.s3.amazonaws.com/EfileData/XmlFiles/202431299349302983_public.xml
453613247,NICOLE E MAS FOUNDATION INC,D,30,Coral Gables,Miami-Dade,ntee-grantmaker:T30;name:foundation,https://www.masfoundation.org,2023,https://gt990datalake-rawdata.s3.amazonaws.com/EfileData/XmlFiles/202413039349202201_public.xml
203857927,THE TREE OF LIFE FOUNDATION INTERNATIONAL INC,D,30,Palm Beach,Palm Beach,ntee-grantmaker:T12;name:foundation,https://www.treeoflifefl.org,2024,https://gt990datalake-rawdata.s3.amazonaws.com/EfileData/XmlFiles/202511339349302901_public.xml
200363745,CHIERA FAMILY FOUNDATION INC,D,30,Coconut Creek,Broward,ntee-grantmaker:T30;name:foundation,https://www.chierafamilyfoundation.org,2023,https://gt990datalake-rawdata.s3.amazonaws.com/EfileData/XmlFiles/202403139349303680_public.xml
471446270,NOBIS FOUNDATION INC,D,30,Coral Gables,Miami-Dade,ntee-grantmaker:T20;name:foundation,https://www.nobisfoundation.com,2023,https://gt990datalake-rawdata.s3.amazonaws.com/EfileData/XmlFiles/202511229349300306_public.xml
237218534,LEHRMAN INSTITUTE,D,30,Boca Raton,Palm Beach,files-990PF;private-foundation:03,https://lehrmaninstitute.org,2023,https://gt990datalake-rawdata.s3.amazonaws.com/EfileData/XmlFiles/202511219349101476_public.xml
822613757,LIFELINE INTERNATIONAL RIGHTS,D,30,Miami Beach,Miami-Dade,files-990PF;private-foundation:04,https://www.menawfina.com,2024,https://gt990datalake-rawdata.s3.amazonaws.com/EfileData/XmlFiles/202522179349100812_public.xml
650728506,MARINE ANIMAL RESCUE SOCIETY INC,D,30,Miami,Miami-Dade,files-990PF;private-foundation:04,https://www.marineanimalrescue.org,2024,https://gt990datalake-rawdata.s3.amazonaws.com/EfileData/XmlFiles/202640479349100224_public.xml
842736455,ALAN J ANDERSON FOUNDATION INC,D,30,Ft Lauderdale,Broward,ntee-grantmaker:T22;name:foundation,https://www.alanjandersonfoundation.com,2023,https://gt990datalake-rawdata.s3.amazonaws.com/EfileData/XmlFiles/202433179349201338_public.xml
731702284,HEATHER ON EARTH MUSIC FOUNDATION INC,D,30,Miami Beach,Miami-Dade,ntee-grantmaker:T30;name:foundation,https://www.heatheronearth.org,2021,https://gt990datalake-rawdata.s3.amazonaws.com/EfileData/XmlFiles/202203189349318445_public.xml
911834633,TAPESTRY GROUP INC,D,30,Plantation,Broward,files-990PF;private-foundation:04,https://tapestrygroup.org,2023,https://gt990datalake-rawdata.s3.amazonaws.com/EfileData/XmlFiles/202411269349100506_public.xml
820583109,MIAMI DADE COMMUNITY SERVICES INC,D,30,Miami,Miami-Dade,files-990PF;private-foundation:04,https://www.miami-dade-community.com,2024,https://gt990datalake-rawdata.s3.amazonaws.com/EfileData/XmlFiles/202511049349100311_public.xml
922049595,EL RUMBO IGLESIA DE JESUS,D,30,Miami,Miami-Dade,files-990PF;private-foundation:04,https://irs.gov,2024,https://gt990datalake-rawdata.s3.amazonaws.com/EfileData/XmlFiles/202531059349100503_public.xml
272503933,CATHERINES HOPE FOR A CURE,D,30,Boca Raton,Palm Beach,files-990PF;private-foundation:04,https://www.catherineshopeforacure.org,2024,https://gt990datalake-rawdata.s3.amazonaws.com/EfileData/XmlFiles/202503249349100505_public.xml
651064184,BWC CHORAL GROUP INC,D,30,Ft Lauderdale,Broward,files-990PF;private-foundation:03,https://bwcchoralgroup.org,2024,https://gt990datalake-rawdata.s3.amazonaws.com/EfileData/XmlFiles/202521499349100107_public.xml
831681707,SCIENTS INSTITUTE,D,30,Miami,Miami-Dade,files-990PF;private-foundation:04,https://www.scients.org,2024,https://gt990datalake-rawdata.s3.amazonaws.com/EfileData/XmlFiles/202503219349103025_public.xml
464273481,SHOTOKAN KARATE CENTER,D,30,Coral Springs,Broward,files-990PF;private-foundation:03,https://www.shotokankaratecenter.org,2024,https://gt990datalake-rawdata.s3.amazonaws.com/EfileData/XmlFiles/202541209349102069_public.xml
821282319,HISPANIC JEWISH ENDOWMENT INC,D,30,Aventura,Miami-Dade,ntee-grantmaker:T30;name:foundation,https://www.hispanicjewish.org,2021,https://gt990datalake-rawdata.s3.amazonaws.com/EfileData/XmlFiles/202310469349301521_public.xml
432091998,SUMANDO MANOS FOUNDATION INC,D,30,Miami Beach,Miami-Dade,ntee-grantmaker:T12;name:foundation,https://www.sumandomanos.org,2023,https://gt990datalake-rawdata.s3.amazonaws.com/EfileData/XmlFiles/202422929349200922_public.xml
911907813,SALESIAN WOMEN ASSOCIATION INC,D,30,Doral,Miami-Dade,files-990PF;private-foundation:04,https://www.americadevelopingsmiles.com,2022,https://gt990datalake-rawdata.s3.amazonaws.com/EfileData/XmlFiles/202441629349100024_public.xml
612180794,SURVIVORS INC,D,30,Ft Lauderdale,Broward,files-990PF;private-foundation:04,https://thesurvivorsinc.org,2024,https://gt990datalake-rawdata.s3.amazonaws.com/EfileData/XmlFiles/202530769349100013_public.xml
205855508,MI SANGRE FOUNDATION CORPORATION,D,30,Doral,Miami-Dade,ntee-grantmaker:T30;name:foundation,https://www.fundacionmisangre.org,2023,https://gt990datalake-rawdata.s3.amazonaws.com/EfileData/XmlFiles/202423189349304807_public.xml
843810081,SOUL MOVEMENT CREATIVE ARTS SPACE INC,D,30,West Palm Beach,Palm Beach,files-990PF;private-foundation:04,https://www.movewithsoul.com,2024,https://gt990datalake-rawdata.s3.amazonaws.com/EfileData/XmlFiles/202521219349101497_public.xml
813425576,AWARENESS LAB CORP,D,30,Plantation,Broward,files-990PF;private-foundation:04,https://www.magoestoshare.org,2018,https://gt990datalake-rawdata.s3.amazonaws.com/EfileData/XmlFiles/201923029349100522_public.xml
933384954,SOUTH FLORIDA CHARITY CLASSIC INC,D,30,Parkland,Broward,files-990PF;private-foundation:04,https://www.sflcc.org,2024,https://gt990datalake-rawdata.s3.amazonaws.com/EfileData/XmlFiles/202502249349101120_public.xml
933911087,MIAMI DADE FELLOWSHIP OF CHRISTIAN FIRST RESPONDERS,D,30,Miami,Miami-Dade,files-990PF;private-foundation:04,https://mdfcfr.org,2024,https://gt990datalake-rawdata.s3.amazonaws.com/EfileData/XmlFiles/202520349349101162_public.xml
833807077,JUPITER SOCCER INC,D,30,Jupiter,Palm Beach,files-990PF;private-foundation:04,https://www.risefc.com,2023,https://gt990datalake-rawdata.s3.amazonaws.com/EfileData/XmlFiles/202420729349100807_public.xml
871710823,LITTLE BEAR BIG HEART INC,D,30,Miami,Miami-Dade,files-990PF;private-foundation:04,https://www.donatebear.com,2023,https://gt990datalake-rawdata.s3.amazonaws.com/EfileData/XmlFiles/202403269349101010_public.xml
833858553,BASTION LIFE INC,D,30,Miami Beach,Miami-Dade,files-990PF;private-foundation:03,https://bastion.life,2025,https://gt990datalake-rawdata.s3.amazonaws.com/EfileData/XmlFiles/202631039349101033_public.xml
473044361,SANDHILL CAMP,D,30,Parkland,Broward,files-990PF;private-foundation:03,https://www.sandhillcamp.org,2024,https://gt990datalake-rawdata.s3.amazonaws.com/EfileData/XmlFiles/202531329349102828_public.xml
823088522,DIGISALUD USA INC,D,30,Miami,Miami-Dade,files-990PF;private-foundation:04,https://www.digisalud.org,2024,https://gt990datalake-rawdata.s3.amazonaws.com/EfileData/XmlFiles/202503189349102440_public.xml
030481427,SAN JOSE OBRERO FOUNDATION CORP,D,30,Miami,Miami-Dade,ntee-grantmaker:T30;name:foundation,https://www.sanjoseobrerofoundation.org,2024,https://gt990datalake-rawdata.s3.amazonaws.com/EfileData/XmlFiles/202510499349201621_public.xml
841849545,BOCA WARRIORS TRACK CLUB,D,30,Boca Raton,Palm Beach,files-990PF;private-foundation:04,https://www.bocawarriors.com,2023,https://gt990datalake-rawdata.s3.amazonaws.com/EfileData/XmlFiles/202433239349100213_public.xml
871306610,LIFT THE OBSESSION INC,D,30,Boca Raton,Palm Beach,files-990PF;private-foundation:04,https://www.lifttheobsession.com,2024,https://gt990datalake-rawdata.s3.amazonaws.com/EfileData/XmlFiles/202533149349100638_public.xml
650753464,GOAN ASSOCIATION OF FLORIDA,D,30,Miramar,Broward,files-990PF;private-foundation:04,https://www.floridagoans.com,2020,https://gt990datalake-rawdata.s3.amazonaws.com/EfileData/XmlFiles/202113569349100401_public.xml
932743615,BROWARD FOOTBALL OFFICIALS ASSOCIATION,D,30,Pompano Beach,Broward,files-990PF;private-foundation:04,https://www.browardfootballofficials.com,2024,https://gt990datalake-rawdata.s3.amazonaws.com/EfileData/XmlFiles/202500499349100430_public.xml
650582257,ROYAL CHESSMEN INC,D,30,Hollywood,Broward,files-990PF;private-foundation:04,https://royalchessmen.com,2022,https://gt990datalake-rawdata.s3.amazonaws.com/EfileData/XmlFiles/202343189349106574_public.xml
813242267,SCRIBEAMERICA CHARITABLE FOUNDATION INC,D,30,Ft Lauderdale,Broward,ntee-grantmaker:T31;name:foundation,https://healthchannels.com/SCRIBEAMERICA-CHARITABLE-FOUND,2023,https://gt990datalake-rawdata.s3.amazonaws.com/EfileData/XmlFiles/202511219349302116_public.xml
991344069,TH MISSION CORPORATION,D,30,Miami,Miami-Dade,files-990PF;private-foundation:04,https://thmission.com,2024,https://gt990datalake-rawdata.s3.amazonaws.com/EfileData/XmlFiles/202502059349100000_public.xml
020580006,FOUNDATION HOPE FOR HAITI INC,D,30,Delray Beach,Palm Beach,ntee-grantmaker:T30;name:foundation,https://foundationhopeforhaiti.org,2021,https://gt990datalake-rawdata.s3.amazonaws.com/EfileData/XmlFiles/202223199349307452_public.xml
650162525,MOODY MANOR INC,D,30,Hialeah,Miami-Dade,files-990PF;private-foundation:03,https://www.moodymanor.org,2015,https://gt990datalake-rawdata.s3.amazonaws.com/EfileData/XmlFiles/201612089349100501_public.xml
853780748,ELEVATE BC INC,D,30,Ft Lauderdale,Broward,files-990PF;private-foundation:04,https://www.elevatebc.org,2025,https://gt990datalake-rawdata.s3.amazonaws.com/EfileData/XmlFiles/202600969349100710_public.xml
300804565,HORIZONTE DE CRISTIANDAD CORP,D,30,Miami,Miami-Dade,files-990PF;private-foundation:04,https://horizontesdecristiandad.org,2024,https://gt990datalake-rawdata.s3.amazonaws.com/EfileData/XmlFiles/202531369349100728_public.xml
921561555,SANDI FINCI SOLOMON AGELESS WORLD OF DANCE FOR YOUTH AND VETERANS IN,D,30,Sunrise,Broward,files-990PF;private-foundation:04,https://www.agelessworldofdance.com,2023,https://gt990datalake-rawdata.s3.amazonaws.com/EfileData/XmlFiles/202411379349100526_public.xml
872069763,HAND2HANDTEAM CORP,D,30,Doral,Miami-Dade,files-990PF;private-foundation:04,https://hand2handteam.org,2024,https://gt990datalake-rawdata.s3.amazonaws.com/EfileData/XmlFiles/202620589349100617_public.xml
920466773,FLORIDA ITALIAN AMERICAN BAR ASSOCIATION CORPORATION,D,30,Ft Lauderdale,Broward,files-990PF;private-foundation:04,https://floridaitalianamericanbarassociation.org,2023,https://gt990datalake-rawdata.s3.amazonaws.com/EfileData/XmlFiles/202432329349100783_public.xml
813535725,BLOOMING SMILES INC,D,30,Boca Raton,Palm Beach,files-990PF;private-foundation:04,https://bloomingsmiles.org,2023,https://gt990datalake-rawdata.s3.amazonaws.com/EfileData/XmlFiles/202421369349105392_public.xml
923030492,PURPLE SUMMER THEATRE INC,D,30,Oakland Park,Broward,files-990PF;private-foundation:04,https://www.purplesummertheatre.org,2023,https://gt990datalake-rawdata.s3.amazonaws.com/EfileData/XmlFiles/202433199349100518_public.xml
932908100,DO BEACH BETTER INC,D,30,Delray Beach,Palm Beach,files-990PF;private-foundation:04,https://dobeachbetter.org,2024,https://gt990datalake-rawdata.s3.amazonaws.com/EfileData/XmlFiles/202521009349100407_public.xml
202205673,THE BEACON EXPERIENCE INC,D,30,Miami,Miami-Dade,files-990PF;private-foundation:04,https://www.beaconexperience.org,2025,https://gt990datalake-rawdata.s3.amazonaws.com/EfileData/XmlFiles/202640999349100434_public.xml
993738094,MOTIV8 DANCE MOVEMENT & PERFORMING ARTS,D,30,Hialeah,Miami-Dade,files-990PF;private-foundation:04,https://www.motiv8dancemovement.com,2024,https://gt990datalake-rawdata.s3.amazonaws.com/EfileData/XmlFiles/202523169349101482_public.xml
453768998,SUNLIGHT MINISTRIES INC,D,30,Delray Beach,Palm Beach,files-990PF;private-foundation:03,https://sunlightministries.org,2024,https://gt990datalake-rawdata.s3.amazonaws.com/EfileData/XmlFiles/202513119349101311_public.xml
465760468,SERENITY RESTORATION SERVICES,D,30,Cutler Bay,Miami-Dade,files-990PF;private-foundation:04,https://serenityrestorationservices.org,2024,https://gt990datalake-rawdata.s3.amazonaws.com/EfileData/XmlFiles/202523009349101027_public.xml
823859901,REGENERATE TECH CORP,D,30,Plantation,Broward,files-990PF;private-foundation:04,https://regeneratetech.org,2025,https://gt990datalake-rawdata.s3.amazonaws.com/EfileData/XmlFiles/202620919349100402_public.xml
871366147,MOVIMIENTO HISPANO DE AMERICA INC,D,30,Coral Gables,Miami-Dade,files-990PF;private-foundation:04,https://www.movimientohispanodeamerica.org,2025,https://gt990datalake-rawdata.s3.amazonaws.com/EfileData/XmlFiles/202610789349100751_public.xml
923590024,SOUTHEAST VETERINARY OPHTHALMOLOGY SOCIETY INC,D,30,Parkland,Broward,files-990PF;private-foundation:04,https://www.sevosconference.com,2025,https://gt990datalake-rawdata.s3.amazonaws.com/EfileData/XmlFiles/202620489349100107_public.xml
863163658,JOHN MARQUEZ FAMILY COLLECTION INC,D,30,Coral Gables,Miami-Dade,files-990PF;private-foundation:04,https://marquezartprojects.com,2024,https://gt990datalake-rawdata.s3.amazonaws.com/EfileData/XmlFiles/202502939349100120_public.xml
882950034,BOUNDLESS HUMANITY INC,D,30,Miami,Miami-Dade,files-990PF;private-foundation:04,https://www.boundlesshumanity.net,2023,https://gt990datalake-rawdata.s3.amazonaws.com/EfileData/XmlFiles/202420719349100307_public.xml
596152420,ALL IN LEADERS INC,D,30,Coral Gables,Miami-Dade,files-990PF;private-foundation:04,https://www.allinleaders.org,2024,https://gt990datalake-rawdata.s3.amazonaws.com/EfileData/XmlFiles/202531719349100203_public.xml
921485958,PLA IT FORWARD INC,D,30,Hollywood,Broward,files-990PF;private-foundation:04,https://plaitforward.org,2023,https://gt990datalake-rawdata.s3.amazonaws.com/EfileData/XmlFiles/202403209349101325_public.xml
920457856,GREEN GOLF IMPACT,D,30,Boca Raton,Palm Beach,files-990PF;private-foundation:04,https://www.greengolfimpact.com,2024,https://gt990datalake-rawdata.s3.amazonaws.com/EfileData/XmlFiles/202513219349105196_public.xml
650943962,ANNA R KING COMMUNITY DEV INC,D,30,Aventura,Miami-Dade,files-990PF;private-foundation:04,https://www.arkcd.org,2024,https://gt990datalake-rawdata.s3.amazonaws.com/EfileData/XmlFiles/202501969349100305_public.xml
920987721,LOVE CHAPTER MINISTRY,D,30,Sunrise,Broward,files-990PF;private-foundation:04,https://www.the-love-chapter-ministry.square.site,2024,https://gt990datalake-rawdata.s3.amazonaws.com/EfileData/XmlFiles/202521369349100032_public.xml
873641615,VETS ON BOARD,D,30,Lake Worth,Palm Beach,files-990PF;private-foundation:04,https://www.vetsonbaordusa.org,2022,https://gt990datalake-rawdata.s3.amazonaws.com/EfileData/XmlFiles/202411219349100701_public.xml
843647755,GRANTED VISION INC,D,30,West Palm Beach,Palm Beach,files-990PF;private-foundation:03,https://www.grantedvisions.com,2024,https://gt990datalake-rawdata.s3.amazonaws.com/EfileData/XmlFiles/202500869349100645_public.xml
461593761,LIFES TOP TEN INC,D,30,Boca Raton,Palm Beach,files-990PF;private-foundation:03,https://www.lifestop10.com,2024,https://gt990datalake-rawdata.s3.amazonaws.com/EfileData/XmlFiles/202523209349100237_public.xml
831128289,BACK2EARTH,D,30,Miami,Miami-Dade,files-990PF;private-foundation:04,https://back2earth.io,2024,https://gt990datalake-rawdata.s3.amazonaws.com/EfileData/XmlFiles/202520749349100502_public.xml
882969652,HELPING BLACK COMMUNITIES UNITE INC,D,30,Boynton Beach,Palm Beach,files-990PF;private-foundation:04,https://www.sunbiz.org,2024,https://gt990datalake-rawdata.s3.amazonaws.com/EfileData/XmlFiles/202522779349100302_public.xml
990844246,ARMED FORCES SHOOTOUT CORP,D,30,Davie,Broward,files-990PF;private-foundation:04,https://www.armedforcesshootout.com,2024,https://gt990datalake-rawdata.s3.amazonaws.com/EfileData/XmlFiles/202513219349102271_public.xml
465032956,SHOES2YOU INC,D,30,Delray Beach,Palm Beach,files-990PF;private-foundation:04,https://shoes2you.org,2024,https://gt990datalake-rawdata.s3.amazonaws.com/EfileData/XmlFiles/202503189349102125_public.xml
270927182,PROJECT WE CARE INC,D,30,Weston,Broward,files-990PF;private-foundation:03,https://www.theprojectwecare.org,2024,https://gt990datalake-rawdata.s3.amazonaws.com/EfileData/XmlFiles/202503179349101125_public.xml
852958397,SOUTH FLORIDA KYUDO KAI INC,D,30,Coral Springs,Broward,files-990PF;private-foundation:04,https://www.southflkyudo.org,2024,https://gt990datalake-rawdata.s3.amazonaws.com/EfileData/XmlFiles/202541209349102154_public.xml
463073288,MITZVAH PROJECT INC,D,30,Delray Beach,Palm Beach,files-990PF;private-foundation:03,https://themitvahproject.org,2014,https://gt990datalake-rawdata.s3.amazonaws.com/EfileData/XmlFiles/201532539349100308_public.xml
880722405,KEHLANI MALIA FOUNDATION INC,D,30,Coral Gables,Miami-Dade,ntee-grantmaker:T22;name:foundation,https://kehlanimaliafdn.org,2024,https://gt990datalake-rawdata.s3.amazonaws.com/EfileData/XmlFiles/202540689349200064_public.xml
650863841,ODLI INC,D,30,Coral Gables,Miami-Dade,files-990PF;private-foundation:03,https://www.odli.us,2024,https://gt990datalake-rawdata.s3.amazonaws.com/EfileData/XmlFiles/202523159349102082_public.xml
463826439,ANEINI INC,D,30,Cooper City,Broward,files-990PF;private-foundation:04,https://mgghdweb.com,2024,https://gt990datalake-rawdata.s3.amazonaws.com/EfileData/XmlFiles/202533089349101033_public.xml
880733524,OUTKAST JEEPERZ,D,30,Coral Springs,Broward,files-990PF;private-foundation:04,https://www.outkastjeeperz.com,2022,https://gt990datalake-rawdata.s3.amazonaws.com/EfileData/XmlFiles/202311309349100301_public.xml
991685359,AMAL PROJECT,D,30,Miami,Miami-Dade,files-990PF;private-foundation:04,https://theamalproject.org,2024,https://gt990datalake-rawdata.s3.amazonaws.com/EfileData/XmlFiles/202543159349102024_public.xml
883701413,IN HER NAME CORPORATION,D,30,Boca Raton,Palm Beach,files-990PF;private-foundation:04,https://www.inhernamekp.org,2024,https://gt990datalake-rawdata.s3.amazonaws.com/EfileData/XmlFiles/202630279349100208_public.xml
471833497,NEW EXCELSIOR INC,D,30,Riviera Beach,Palm Beach,files-990PF;private-foundation:04,https://www.fatherduffy.com,2025,https://gt990datalake-rawdata.s3.amazonaws.com/EfileData/XmlFiles/202601049349101055_public.xml
203188791,LETS BUILD WELLS INC,D,30,Miami,Miami-Dade,files-990PF;private-foundation:04,https://www.letsbuildwells.org,2024,https://gt990datalake-rawdata.s3.amazonaws.com/EfileData/XmlFiles/202541359349102309_public.xml
205840658,NEW HORIZONS COMMUNITY SERVICES INC,D,30,Westlake,Palm Beach,files-990PF;private-foundation:04,https://nhcommunityservices.org,2024,https://gt990datalake-rawdata.s3.amazonaws.com/EfileData/XmlFiles/202523029349100332_public.xml
251694768,INTERNATIONAL ASSISTANCE GROUP,D,30,Hollywood,Broward,files-990PF;private-foundation:04,https://www.iagadoptions.org,2013,https://gt990datalake-rawdata.s3.amazonaws.com/EfileData/XmlFiles/201432209349200708_public.xml
372067221,PALM BEACH COUNTY CHIROPRACTIC SOCIETY INC,D,30,Palm Beach,Palm Beach,files-990PF;private-foundation:04,https://www.pbchirosociety.com,2024,https://gt990datalake-rawdata.s3.amazonaws.com/EfileData/XmlFiles/202530509349100408_public.xml
394455064,OMNIA SOL,D,30,Boynton Beach,Palm Beach,files-990PF;private-foundation:04,https://omniasol.org,2025,https://gt990datalake-rawdata.s3.amazonaws.com/EfileData/XmlFiles/202630859349101103_public.xml
473015658,GARAYS COMMUNITY HEART INC,D,30,Miami,Miami-Dade,files-990PF;private-foundation:04,https://www.garayscommunityheart.com,2023,https://gt990datalake-rawdata.s3.amazonaws.com/EfileData/XmlFiles/202441249349101114_public.xml
473069357,GARLANDS COMMUNITY ASSOCIATION INC,D,30,Miramar,Broward,files-990PF;private-foundation:04,https://www.garlandscommunity.org,2025,https://gt990datalake-rawdata.s3.amazonaws.com/EfileData/XmlFiles/202631129349100608_public.xml
650011457,SOSYETE KOUKOUY MIYAMI INC,D,30,Miami,Miami-Dade,files-990PF;private-foundation:04,https://www.sosyetekoukouy.org,2024,https://gt990datalake-rawdata.s3.amazonaws.com/EfileData/XmlFiles/202512939349100616_public.xml
812271032,FC BOCA PREDATORS CORP,D,30,Boca Raton,Palm Beach,files-990PF;private-foundation:04,https://fcbocapredators.org,2020,https://gt990datalake-rawdata.s3.amazonaws.com/EfileData/XmlFiles/202141799349100724_public.xml
814212637,ELIZABETH TUDOR FOUNDATION INC,D,30,Cutler Bay,Miami-Dade,ntee-grantmaker:T30;name:foundation,https://www.elizabethtudorfoundation.org,2023,https://gt990datalake-rawdata.s3.amazonaws.com/EfileData/XmlFiles/202432839349201513_public.xml
814830607,ADOPT AND SAVE A LIFE RESCUE MISSION INC,D,30,Hialeah,Miami-Dade,files-990PF;private-foundation:04,https://adoptandsavealiferescuemission.com,2024,https://gt990datalake-rawdata.s3.amazonaws.com/EfileData/XmlFiles/202503389349100205_public.xml
820741289,GRUPO DE NEUROTICOS ANONIMOS APRENDIENDO A AMAR CORP,D,30,Miami Springs,Miami-Dade,files-990PF;private-foundation:04,https://www.neuroticosanonimosmiami.com,2022,https://gt990datalake-rawdata.s3.amazonaws.com/EfileData/XmlFiles/202341469349100604_public.xml
823591278,NATIONAL COMMUNITY SERVICES INC,D,30,Homestead,Miami-Dade,files-990PF;private-foundation:03,https://www.ncshelp.org,2018,https://gt990datalake-rawdata.s3.amazonaws.com/EfileData/XmlFiles/201930989349200603_public.xml
832184797,SPIRITUAL CONNECTION OUTREACH COMMUNITY CENTER OF SOUTH FLORIDA,D,30,Plantation,Broward,files-990PF;private-foundation:03,https://sconnectocc.org,2023,https://gt990datalake-rawdata.s3.amazonaws.com/EfileData/XmlFiles/202421209349101272_public.xml
832333945,DEVOTION PERSONAL DEVELOPMENT GROUP,D,30,Riviera Beach,Palm Beach,files-990PF;private-foundation:03,https://devotionpdg.com,2024,https://gt990datalake-rawdata.s3.amazonaws.com/EfileData/XmlFiles/202511209349102711_public.xml
852577501,FREEDOM WATCH USA INC,D,30,Boca Raton,Palm Beach,files-990PF;private-foundation:04,https://www.americassheriff.org,2024,https://gt990datalake-rawdata.s3.amazonaws.com/EfileData/XmlFiles/202501539349100865_public.xml
862973112,GABLES AA ROOM INC,D,30,Coral Gables,Miami-Dade,files-990PF;private-foundation:04,https://josesosadajavuyahoo.com,2025,https://gt990datalake-rawdata.s3.amazonaws.com/EfileData/XmlFiles/202620909349100407_public.xml
871868963,LIGHTS ON PROJECTS INC,D,30,Miami,Miami-Dade,files-990PF;private-foundation:04,https://www.lightsonprojects.org,2025,https://gt990datalake-rawdata.s3.amazonaws.com/EfileData/XmlFiles/202640859349100109_public.xml
871917764,EQUIPPED FORE SUCCESS INC,D,30,Coral Gables,Miami-Dade,files-990PF;private-foundation:04,https://equippedforesuccess.org,2024,https://gt990datalake-rawdata.s3.amazonaws.com/EfileData/XmlFiles/202601089349100600_public.xml
872343342,AGFFREE INC,D,30,Miami,Miami-Dade,files-990PF;private-foundation:04,https://www.afgfree.org,2023,https://gt990datalake-rawdata.s3.amazonaws.com/EfileData/XmlFiles/202410629349100206_public.xml
882661951,ENVIRONMENTAL RELOCATION FOUNDATION,D,30,Boca Raton,Palm Beach,ntee-grantmaker:T30;name:foundation,https://www.environmentalrelocation.org,2023,https://gt990datalake-rawdata.s3.amazonaws.com/EfileData/XmlFiles/202441369349209769_public.xml
882802552,HERMANOS HELPING HISPANOS INC,D,30,Coral Gables,Miami-Dade,files-990PF;private-foundation:04,https://hermanoshelpinghispanos.com,2024,https://gt990datalake-rawdata.s3.amazonaws.com/EfileData/XmlFiles/202503509349100200_public.xml
922910667,SEED CAPITAL NETWORK,D,30,Coconut Creek,Broward,files-990PF;private-foundation:04,https://www.seedcapitalnetwork.com,2023,https://gt990datalake-rawdata.s3.amazonaws.com/EfileData/XmlFiles/202421249349101127_public.xml
923064072,BEAURITY,D,30,Weston,Broward,files-990PF;private-foundation:04,https://beaurity.com,2024,https://gt990datalake-rawdata.s3.amazonaws.com/EfileData/XmlFiles/202511369349101131_public.xml
923139987,PROJECT DOWNTOWN SFL INC,D,30,Pembroke Pines,Broward,files-990PF;private-foundation:04,https://wwww.pdsflorg,2024,https://gt990datalake-rawdata.s3.amazonaws.com/EfileData/XmlFiles/202511219349100246_public.xml
931342189,DORAL SYMPHONY ORCHESTRA INC,D,30,Doral,Miami-Dade,files-990PF;private-foundation:04,https://www.doralsymphonyorchestra.org,2024,https://gt990datalake-rawdata.s3.amazonaws.com/EfileData/XmlFiles/202510669349101101_public.xml
995021920,SOY CANAL DE VIDA INC,D,30,Miami,Miami-Dade,files-990PF;private-foundation:04,https://soycanaldevida.org,2024,https://gt990datalake-rawdata.s3.amazonaws.com/EfileData/XmlFiles/202512889349100146_public.xml
203014748,SCOTT MAURER MEMORIAL FOUNDATION OF THE AMERICAS INC,D,30,Delray Beach,Palm Beach,ntee-grantmaker:T20;name:foundation,https://www.transformingkids.org,2017,https://gt990datalake-rawdata.s3.amazonaws.com/EfileData/XmlFiles/201813189349307206_public.xml
205522138,JOHN KRUSZ FOUNDATION INC,D,30,Coral Gables,Miami-Dade,ntee-grantmaker:T30;name:foundation,https://absolutely.org,2015,https://gt990datalake-rawdata.s3.amazonaws.com/EfileData/XmlFiles/201631809349200603_public.xml
208765440,DWYANE WADE FAMILY FOUNDATION INC,D,30,Miami Beach,Miami-Dade,ntee-grantmaker:T99;name:foundation,https://www.wadesworldfoundation.org,2017,https://gt990datalake-rawdata.s3.amazonaws.com/EfileData/XmlFiles/201840529349300124_public.xml
260143060,TYLER GOLDBERG FOUNDATION INC,D,30,Coral Springs,Broward,ntee-grantmaker:T30;name:foundation,https://www.tylerscottgoldberg.com,2015,https://gt990datalake-rawdata.s3.amazonaws.com/EfileData/XmlFiles/201642289349200409_public.xml
260221441,PEDIATRIC ANGEL FOUNDATION INC,D,30,Coral Springs,Broward,ntee-grantmaker:T30;name:foundation,https://www.pediatricassociatesfoundation.org,2023,https://gt990datalake-rawdata.s3.amazonaws.com/EfileData/XmlFiles/202443209349308284_public.xml
262904805,TICO TORRES CHILDREN FOUNDATION INC,D,30,Miami,Miami-Dade,ntee-grantmaker:T310;name:foundation,https://www.ticotorreschildrenfoundation.org,2016,https://gt990datalake-rawdata.s3.amazonaws.com/EfileData/XmlFiles/201723489349301167_public.xml
472119391,PINOSTRONG FOUNDATION INC,D,30,Miami,Miami-Dade,ntee-grantmaker:T12;name:foundation,https://www.pinostrong.org,2020,https://gt990datalake-rawdata.s3.amazonaws.com/EfileData/XmlFiles/202143199349209334_public.xml
474291313,TE DOY FOUNDATION,D,30,Miami,Miami-Dade,ntee-grantmaker:T30;name:foundation,https://www.tdoy.org,2023,https://gt990datalake-rawdata.s3.amazonaws.com/EfileData/XmlFiles/202421179349302402_public.xml
474918264,CRISTINA M GOMEZ TBI FOUNDATION INC,D,30,Miami,Miami-Dade,ntee-grantmaker:T30;name:foundation,https://www.cristinagomezfoundation.org,2016,https://gt990datalake-rawdata.s3.amazonaws.com/EfileData/XmlFiles/201810319349200201_public.xml
823075910,LES NORD-LOUISIENS EN ACTION,D,30,Hialeah,Miami-Dade,files-990PF;private-foundation:03,https://www.lesnord-louisiens.org,2025,https://gt990datalake-rawdata.s3.amazonaws.com/EfileData/XmlFiles/202621089349100402_public.xml
823475553,JAAGO FOUNDATION INC,D,30,Coral Springs,Broward,ntee-grantmaker:T31;name:foundation,https://www.jaago.com.bd,2024,https://gt990datalake-rawdata.s3.amazonaws.com/EfileData/XmlFiles/202510559349300921_public.xml
831770837,BACKPACK BABER FOUNDATION INC,D,30,Ft Lauderdale,Broward,ntee-grantmaker:T21;name:foundation,https://www.thebackpackbarberfoundation.com,2022,https://gt990datalake-rawdata.s3.amazonaws.com/EfileData/XmlFiles/202302469349100200_public.xml
832084264,BASS FOUNDATION INC,D,30,Miami,Miami-Dade,ntee-grantmaker:T99;name:foundation,https://bassinstitute.org/BASS-FOUNDATION,2018,https://gt990datalake-rawdata.s3.amazonaws.com/EfileData/XmlFiles/201943199349320114_public.xml
201966743,WOMEN OF HEALTH OCCUPATIONS PROMOTING EDUCATION,D,25,Davie,Broward,ntee-grantmaker:T30;name:education,https://womenofhopeintl.org,2023,https://gt990datalake-rawdata.s3.amazonaws.com/EfileData/XmlFiles/202500509349300845_public.xml
592635506,DELTA EDUCATION AND LIFE DEVELOPMENT FOUNDATION INCORPORATE,D,23,Ft Lauderdale,Broward,name:foundation;ntee-education:B9XZ;name:education,https://www.deldf.org,2022,https://gt990datalake-rawdata.s3.amazonaws.com/EfileData/XmlFiles/202302759349300540_public.xml
650181758,GREATER BOCA RATON CHAMBER OF COMMERCE EDUCATION FOUNDATION INC,D,23,Boca Raton,Palm Beach,name:foundation;ntee-education:B95Z;name:education,https://www.bocaratonchamber.com,2022,https://gt990datalake-rawdata.s3.amazonaws.com/EfileData/XmlFiles/202422839349300432_public.xml
311735967,MIAMI BEACH CHAMBER EDUCATION FOUNDATION,D,23,Miami Beach,Miami-Dade,name:foundation;ntee-education:B90;name:education,https://www.miamibeachchamber.com,2022,https://gt990datalake-rawdata.s3.amazonaws.com/EfileData/XmlFiles/202442289349302434_public.xml
270792775,LEARNING ONE TO ONE FOUNDATION INC,D,23,Dania Beach,Broward,name:foundation;ntee-education:B19;name:education,https://l1to1.org,2023,https://gt990datalake-rawdata.s3.amazonaws.com/EfileData/XmlFiles/202400409349300830_public.xml
264156701,TRAFFIC SAFETY EDUCATION FOUNDATION INC,D,23,Miami,Miami-Dade,name:foundation;ntee-education:B90;name:education,https://www.trafficsafetyeducationfoundation.org,2023,https://gt990datalake-rawdata.s3.amazonaws.com/EfileData/XmlFiles/202403109349201895_public.xml
273478599,EFAM STUDENT FOUNDATION INC,D,23,Miami,Miami-Dade,name:foundation;ntee-education:B90;name:education,https://www.frenchschoolmiami.org/parents-club,2024,https://gt990datalake-rawdata.s3.amazonaws.com/EfileData/XmlFiles/202501209349201805_public.xml
873331185,CIVICA EDUCATIONAL FOUNDATION INC,D,23,Miami,Miami-Dade,name:foundation;ntee-education:B29;name:education,https://www.civicanetwork.com,2023,https://gt990datalake-rawdata.s3.amazonaws.com/EfileData/XmlFiles/202403189349200140_public.xml
651118303,SECOND CHANCE SOCIETY,D,20,Ft Lauderdale,Broward,ntee-grantmaker:T30,https://secondchancesociety.org,2023,https://gt990datalake-rawdata.s3.amazonaws.com/EfileData/XmlFiles/202443309349300114_public.xml
800414175,A CHANCE FOR THERAPY INC,D,20,Key Biscayne,Miami-Dade,ntee-grantmaker:T99,https://www.act4me.org,2017,https://gt990datalake-rawdata.s3.amazonaws.com/EfileData/XmlFiles/201801359349304990_public.xml
832388861,GLIOBLASTOMA RESEARCH ORGANIZATION INC,D,20,Miami,Miami-Dade,ntee-grantmaker:T12,https://www.gbmresearch.org,2023,https://gt990datalake-rawdata.s3.amazonaws.com/EfileData/XmlFiles/202411949349301231_public.xml
873916908,MYLAS BELEAF INC,D,20,Boca Raton,Palm Beach,ntee-grantmaker:T30,https://www.mylasbeleaf.com,2023,https://gt990datalake-rawdata.s3.amazonaws.com/EfileData/XmlFiles/202411359349309941_public.xml
844303926,IQOR QARES CORP,D,20,Fort Lauderdale,Broward,ntee-grantmaker:T30,https://www.iqorqares.com,2023,https://gt990datalake-rawdata.s3.amazonaws.com/EfileData/XmlFiles/202422219349301102_public.xml
650590679,HOPE OUTREACH CENTER INC,D,20,Davie,Broward,ntee-grantmaker:T30,https://www.hopeoutreachfl.org,2023,https://gt990datalake-rawdata.s3.amazonaws.com/EfileData/XmlFiles/202500459349301760_public.xml
851466392,PROFESSIONAL ACCOUNTANTS ASSOCIATION INC,D,20,Hialeah,Miami-Dade,ntee-grantmaker:T99,https://www.professionalaccountantsassociation.com,2024,https://gt990datalake-rawdata.s3.amazonaws.com/EfileData/XmlFiles/202511269349302351_public.xml
770252710,APPLIED COMPUTATIONAL ELECTROMAGNETICS SOCIETY,D,20,Miami,Miami-Dade,ntee-grantmaker:T99Z,https://www.aces-society.org,2023,https://gt990datalake-rawdata.s3.amazonaws.com/EfileData/XmlFiles/202411369349303446_public.xml
650201663,CHRIS EVERT CHARITIES INC,D,20,Boca Raton,Palm Beach,ntee-grantmaker:T22J,https://www.chrisevert.org,2023,https://gt990datalake-rawdata.s3.amazonaws.com/EfileData/XmlFiles/202412509349300016_public.xml
650400777,HOPE FUND INC,D,20,Fort Lauderdale,Broward,ntee-grantmaker:T30Z,https://www.bcpba.org,2023,https://gt990datalake-rawdata.s3.amazonaws.com/EfileData/XmlFiles/202422689349200622_public.xml
453419591,WORLD AIDS MUSEUM INCORPORATED,D,20,Fort Lauderdale,Broward,ntee-grantmaker:T30,https://worldaidsmuseum.org,2023,https://gt990datalake-rawdata.s3.amazonaws.com/EfileData/XmlFiles/202422359349300417_public.xml
464677773,VETERANS TRUST,D,20,Ft Lauderdale,Broward,ntee-grantmaker:T30,https://www.theveteranstrust.org,2023,https://gt990datalake-rawdata.s3.amazonaws.com/EfileData/XmlFiles/202530509349201853_public.xml
451442103,TSR ADVENTURES INC,D,20,Hollywood,Broward,ntee-grantmaker:T30,https://www.thesmartride.org,2021,https://gt990datalake-rawdata.s3.amazonaws.com/EfileData/XmlFiles/202202429349300910_public.xml
471869003,RANGER GOOD WORKS INC,D,20,Ft Lauderdale,Broward,ntee-grantmaker:T30,https://www.rangergoodworks.org,2023,https://gt990datalake-rawdata.s3.amazonaws.com/EfileData/XmlFiles/202500239349200625_public.xml
731649668,BEARS OF SOUTH FLORIDA,D,20,Ft Lauderdale,Broward,ntee-grantmaker:T30,https://www.bosfl.org,2024,https://gt990datalake-rawdata.s3.amazonaws.com/EfileData/XmlFiles/202530599349201203_public.xml
205235872,OSJ PRIORY OF THE EASTERN USA MALTAINC,D,20,Boca Raton,Palm Beach,ntee-grantmaker:T300,https://www.orderofstjohnamericas.com,2023,https://gt990datalake-rawdata.s3.amazonaws.com/EfileData/XmlFiles/202421809349200217_public.xml
461085868,ONE ARMENIA INC,D,20,Miami Beach,Miami-Dade,ntee-grantmaker:T30,https://onearmenia.org,2021,https://gt990datalake-rawdata.s3.amazonaws.com/EfileData/XmlFiles/202223199349327157_public.xml
825296399,PARKLAND CARES INC,D,20,Davie,Broward,ntee-grantmaker:T31,https://www.parklandcares.org,2023,https://gt990datalake-rawdata.s3.amazonaws.com/EfileData/XmlFiles/202423029349300512_public.xml
800323192,ECOWORKS INTERNATIONAL INC,D,20,Coral Gables,Miami-Dade,ntee-grantmaker:T30,https://www.ecoworksinternational.org,2024,https://gt990datalake-rawdata.s3.amazonaws.com/EfileData/XmlFiles/202510899349200106_public.xml
851935478,FLYINGHIGH4HAITI INC,D,20,Key Biscayne,Miami-Dade,ntee-grantmaker:T30,https://www.flyinghigh4haiti.org,2023,https://gt990datalake-rawdata.s3.amazonaws.com/EfileData/XmlFiles/202423099349202037_public.xml
208676286,ISRAEL INDEPENDENCE FUND,D,20,Wellington,Palm Beach,ntee-grantmaker:T12,https://www.fundisrael.org,2023,https://gt990datalake-rawdata.s3.amazonaws.com/EfileData/XmlFiles/202511219349300946_public.xml
465446892,PROGRAMA DE AYUDA HUMANITARIA PARA VENEZUELA,D,20,Weston,Broward,ntee-grantmaker:T30,https://www.ayudahumanitariavenezuela.org,2023,https://gt990datalake-rawdata.s3.amazonaws.com/EfileData/XmlFiles/202412929349301041_public.xml
651136846,SHARING FOR KIDS INC,D,20,Pinecrest,Miami-Dade,ntee-grantmaker:T30,https://sharingforkids.org/en,2023,https://gt990datalake-rawdata.s3.amazonaws.com/EfileData/XmlFiles/202441359349200329_public.xml
237079391,CHILDRENS OPPORTUNITY GROUP INC,D,20,Ft Lauderdale,Broward,ntee-grantmaker:T30,https://childrensopportunitygroup.org,2023,https://gt990datalake-rawdata.s3.amazonaws.com/EfileData/XmlFiles/202422539349200247_public.xml
854081854,JOBS FOR HUMANITY INC,D,20,Aventura,Miami-Dade,ntee-grantmaker:T31,https://www.jobsforhumanity.com,2023,https://gt990datalake-rawdata.s3.amazonaws.com/EfileData/XmlFiles/202413179349303316_public.xml
263352821,ZOHAR LEMAAN HAGEULA,D,20,Miami,Miami-Dade,ntee-grantmaker:T30,https://www.zoharlemaanhageula.com,2021,https://gt990datalake-rawdata.s3.amazonaws.com/EfileData/XmlFiles/202211369349316096_public.xml
934096225,CORAZONES DE SERVICIO INC,D,20,Doral,Miami-Dade,ntee-grantmaker:T21,https://www.corazonesdeservicio.org,2023,https://gt990datalake-rawdata.s3.amazonaws.com/EfileData/XmlFiles/202521019349200307_public.xml
874729424,AMERICA VIVA ALLIANCE CORP,D,20,Miami,Miami-Dade,ntee-grantmaker:T20,https://www.americavivaalliance.org,2023,https://gt990datalake-rawdata.s3.amazonaws.com/EfileData/XmlFiles/202412349349301771_public.xml
921204508,LACOUPE-RETROUVAILLES,D,20,Sunrise,Broward,ntee-grantmaker:T30,https://lacouperetrouvailles.org,2024,https://gt990datalake-rawdata.s3.amazonaws.com/EfileData/XmlFiles/202521039349200837_public.xml
824793005,CARTS 4 A CAUSE INC,D,20,Sunrise,Broward,ntee-grantmaker:T12,https://carts4acause.org,2024,https://gt990datalake-rawdata.s3.amazonaws.com/EfileData/XmlFiles/202510629349201646_public.xml
510460145,SUCEDE INC,D,20,Key Biscayne,Miami-Dade,ntee-grantmaker:T30,https://www.sucede.org,2023,https://gt990datalake-rawdata.s3.amazonaws.com/EfileData/XmlFiles/202411369349315456_public.xml
932914920,DAMARK RESEARCH CENTER CORP,D,20,Miami,Miami-Dade,ntee-grantmaker:T21,https://www.ngo-damark.org,2024,https://gt990datalake-rawdata.s3.amazonaws.com/EfileData/XmlFiles/202540769349200204_public.xml
133812224,MOTIVATIONAL COACHES OF AMERICA INC,D,20,Miami,Miami-Dade,ntee-grantmaker:T30,https://nvp-usa.org,2016,https://gt990datalake-rawdata.s3.amazonaws.com/EfileData/XmlFiles/201810329349300621_public.xml
260381941,PARADISE FUND INC,D,20,Miami,Miami-Dade,ntee-grantmaker:T20,https://paradise.ngo,2022,https://gt990datalake-rawdata.s3.amazonaws.com/EfileData/XmlFiles/202333399349200708_public.xml
271421961,WOMEN SUPPORTING WOMEN MINISTRIES INC,D,20,Weston,Broward,ntee-grantmaker:T30,https://www.wswministries.com,2020,https://gt990datalake-rawdata.s3.amazonaws.com/EfileData/XmlFiles/202122659349200437_public.xml
272422200,SWINGS FOR SURVIVORS INC,D,20,Coconut Creek,Broward,ntee-grantmaker:T99,https://www.swingsforsurvivors.org,2023,https://gt990datalake-rawdata.s3.amazonaws.com/EfileData/XmlFiles/202403129349200630_public.xml
454153140,PINTEL FOR THE HOMELESS INC,D,20,Jupiter,Palm Beach,ntee-grantmaker:T12,https://www.pintelforthehomeless.com,2013,https://gt990datalake-rawdata.s3.amazonaws.com/EfileData/XmlFiles/201402799349200705_public.xml
462760344,COUTURE FOR A CAUSE INC,D,20,Miami Beach,Miami-Dade,ntee-grantmaker:T12,https://www.coutureforacauseny.com,2021,https://gt990datalake-rawdata.s3.amazonaws.com/EfileData/XmlFiles/202233139349303273_public.xml
473329159,GUADALUPE GARDENS,D,20,Weston,Broward,ntee-grantmaker:T30,https://guadalupegardens.org,2023,https://gt990datalake-rawdata.s3.amazonaws.com/EfileData/XmlFiles/202400719349201655_public.xml
474438607,4WARD MIAMI INC,D,20,Miami,Miami-Dade,ntee-grantmaker:T30,https://4wardmiami.org,2022,https://gt990datalake-rawdata.s3.amazonaws.com/EfileData/XmlFiles/202421369349303312_public.xml
650602111,SOUTH FLORIDA FIREFIGHTERS CALENDAR,D,20,Miami Lakes,Miami-Dade,ntee-grantmaker:T30,https://firefighterscalendar.com,2010,https://gt990datalake-rawdata.s3.amazonaws.com/EfileData/XmlFiles/201103499349200415_public.xml
800874948,ALLIANCE OF FAMILIES FIGHTING PANCREATIC CANCER,D,20,Jupiter,Palm Beach,ntee-grantmaker:T30,https://www.affpc.org,2020,https://gt990datalake-rawdata.s3.amazonaws.com/EfileData/XmlFiles/202122369349301002_public.xml
861482117,MANT FILO INC,D,20,West Park,Broward,ntee-grantmaker:T30,https://www.fmfhaiti.org,2021,https://gt990datalake-rawdata.s3.amazonaws.com/EfileData/XmlFiles/202230849349200313_public.xml
